"","SA2_CODE_2021","SA2_NAME_2021","SA4 name","year","population"
"1","206011106","Brunswick East","Melbourne - Inner",2001,7263
"2","206011106","Brunswick East","Melbourne - Inner",2002,7304
"3","206011106","Brunswick East","Melbourne - Inner",2003,7329
"4","206011106","Brunswick East","Melbourne - Inner",2004,7514
"5","206011106","Brunswick East","Melbourne - Inner",2005,7658
"6","206011106","Brunswick East","Melbourne - Inner",2006,7803
"7","206011106","Brunswick East","Melbourne - Inner",2007,8058
"8","206011106","Brunswick East","Melbourne - Inner",2008,8313
"9","206011106","Brunswick East","Melbourne - Inner",2009,8586
"10","206011106","Brunswick East","Melbourne - Inner",2010,8789
"11","206011106","Brunswick East","Melbourne - Inner",2011,8966
"12","206011106","Brunswick East","Melbourne - Inner",2012,9208
"13","206011106","Brunswick East","Melbourne - Inner",2013,9870
"14","206011106","Brunswick East","Melbourne - Inner",2014,10439
"15","206011106","Brunswick East","Melbourne - Inner",2015,11062
"16","206011106","Brunswick East","Melbourne - Inner",2016,11716
"17","206011106","Brunswick East","Melbourne - Inner",2017,12154
"18","206011106","Brunswick East","Melbourne - Inner",2018,12392
"19","206011106","Brunswick East","Melbourne - Inner",2019,12602
"20","206011106","Brunswick East","Melbourne - Inner",2020,13064
"21","206011106","Brunswick East","Melbourne - Inner",2021,12964
"22","206011106","Brunswick East","Melbourne - Inner",2022,13309
"23","206011106","Brunswick East","Melbourne - Inner",2023,13775
"24","206011106","Brunswick East","Melbourne - Inner",2024,14438
"25","206011107","Brunswick West","Melbourne - Inner",2001,12415
"26","206011107","Brunswick West","Melbourne - Inner",2002,12404
"27","206011107","Brunswick West","Melbourne - Inner",2003,12449
"28","206011107","Brunswick West","Melbourne - Inner",2004,12527
"29","206011107","Brunswick West","Melbourne - Inner",2005,12609
"30","206011107","Brunswick West","Melbourne - Inner",2006,12746
"31","206011107","Brunswick West","Melbourne - Inner",2007,12946
"32","206011107","Brunswick West","Melbourne - Inner",2008,13232
"33","206011107","Brunswick West","Melbourne - Inner",2009,13580
"34","206011107","Brunswick West","Melbourne - Inner",2010,13741
"35","206011107","Brunswick West","Melbourne - Inner",2011,13864
"36","206011107","Brunswick West","Melbourne - Inner",2012,13963
"37","206011107","Brunswick West","Melbourne - Inner",2013,14057
"38","206011107","Brunswick West","Melbourne - Inner",2014,14192
"39","206011107","Brunswick West","Melbourne - Inner",2015,14344
"40","206011107","Brunswick West","Melbourne - Inner",2016,14523
"41","206011107","Brunswick West","Melbourne - Inner",2017,14556
"42","206011107","Brunswick West","Melbourne - Inner",2018,14695
"43","206011107","Brunswick West","Melbourne - Inner",2019,14854
"44","206011107","Brunswick West","Melbourne - Inner",2020,15010
"45","206011107","Brunswick West","Melbourne - Inner",2021,14497
"46","206011107","Brunswick West","Melbourne - Inner",2022,14697
"47","206011107","Brunswick West","Melbourne - Inner",2023,15202
"48","206011107","Brunswick West","Melbourne - Inner",2024,15644
"49","206011109","Pascoe Vale South","Melbourne - Inner",2001,8841
"50","206011109","Pascoe Vale South","Melbourne - Inner",2002,8860
"51","206011109","Pascoe Vale South","Melbourne - Inner",2003,8894
"52","206011109","Pascoe Vale South","Melbourne - Inner",2004,8967
"53","206011109","Pascoe Vale South","Melbourne - Inner",2005,9070
"54","206011109","Pascoe Vale South","Melbourne - Inner",2006,9206
"55","206011109","Pascoe Vale South","Melbourne - Inner",2007,9318
"56","206011109","Pascoe Vale South","Melbourne - Inner",2008,9445
"57","206011109","Pascoe Vale South","Melbourne - Inner",2009,9678
"58","206011109","Pascoe Vale South","Melbourne - Inner",2010,9810
"59","206011109","Pascoe Vale South","Melbourne - Inner",2011,9860
"60","206011109","Pascoe Vale South","Melbourne - Inner",2012,9954
"61","206011109","Pascoe Vale South","Melbourne - Inner",2013,10038
"62","206011109","Pascoe Vale South","Melbourne - Inner",2014,10122
"63","206011109","Pascoe Vale South","Melbourne - Inner",2015,10251
"64","206011109","Pascoe Vale South","Melbourne - Inner",2016,10465
"65","206011109","Pascoe Vale South","Melbourne - Inner",2017,10698
"66","206011109","Pascoe Vale South","Melbourne - Inner",2018,10834
"67","206011109","Pascoe Vale South","Melbourne - Inner",2019,10873
"68","206011109","Pascoe Vale South","Melbourne - Inner",2020,10836
"69","206011109","Pascoe Vale South","Melbourne - Inner",2021,10463
"70","206011109","Pascoe Vale South","Melbourne - Inner",2022,10420
"71","206011109","Pascoe Vale South","Melbourne - Inner",2023,10628
"72","206011109","Pascoe Vale South","Melbourne - Inner",2024,10869
"73","206011495","Brunswick - North","Melbourne - Inner",2001,11278
"74","206011495","Brunswick - North","Melbourne - Inner",2002,11235
"75","206011495","Brunswick - North","Melbourne - Inner",2003,11210
"76","206011495","Brunswick - North","Melbourne - Inner",2004,11219
"77","206011495","Brunswick - North","Melbourne - Inner",2005,11237
"78","206011495","Brunswick - North","Melbourne - Inner",2006,11243
"79","206011495","Brunswick - North","Melbourne - Inner",2007,11364
"80","206011495","Brunswick - North","Melbourne - Inner",2008,11510
"81","206011495","Brunswick - North","Melbourne - Inner",2009,11686
"82","206011495","Brunswick - North","Melbourne - Inner",2010,11856
"83","206011495","Brunswick - North","Melbourne - Inner",2011,11981
"84","206011495","Brunswick - North","Melbourne - Inner",2012,12254
"85","206011495","Brunswick - North","Melbourne - Inner",2013,12548
"86","206011495","Brunswick - North","Melbourne - Inner",2014,12922
"87","206011495","Brunswick - North","Melbourne - Inner",2015,13225
"88","206011495","Brunswick - North","Melbourne - Inner",2016,13581
"89","206011495","Brunswick - North","Melbourne - Inner",2017,13728
"90","206011495","Brunswick - North","Melbourne - Inner",2018,13928
"91","206011495","Brunswick - North","Melbourne - Inner",2019,14022
"92","206011495","Brunswick - North","Melbourne - Inner",2020,14124
"93","206011495","Brunswick - North","Melbourne - Inner",2021,13077
"94","206011495","Brunswick - North","Melbourne - Inner",2022,13266
"95","206011495","Brunswick - North","Melbourne - Inner",2023,14065
"96","206011495","Brunswick - North","Melbourne - Inner",2024,14595
"97","206011496","Brunswick - South","Melbourne - Inner",2001,9383
"98","206011496","Brunswick - South","Melbourne - Inner",2002,9671
"99","206011496","Brunswick - South","Melbourne - Inner",2003,9805
"100","206011496","Brunswick - South","Melbourne - Inner",2004,9928
"101","206011496","Brunswick - South","Melbourne - Inner",2005,10147
"102","206011496","Brunswick - South","Melbourne - Inner",2006,10412
"103","206011496","Brunswick - South","Melbourne - Inner",2007,10780
"104","206011496","Brunswick - South","Melbourne - Inner",2008,11131
"105","206011496","Brunswick - South","Melbourne - Inner",2009,11424
"106","206011496","Brunswick - South","Melbourne - Inner",2010,11690
"107","206011496","Brunswick - South","Melbourne - Inner",2011,12006
"108","206011496","Brunswick - South","Melbourne - Inner",2012,12402
"109","206011496","Brunswick - South","Melbourne - Inner",2013,12836
"110","206011496","Brunswick - South","Melbourne - Inner",2014,13233
"111","206011496","Brunswick - South","Melbourne - Inner",2015,13574
"112","206011496","Brunswick - South","Melbourne - Inner",2016,13854
"113","206011496","Brunswick - South","Melbourne - Inner",2017,13984
"114","206011496","Brunswick - South","Melbourne - Inner",2018,14200
"115","206011496","Brunswick - South","Melbourne - Inner",2019,14336
"116","206011496","Brunswick - South","Melbourne - Inner",2020,14235
"117","206011496","Brunswick - South","Melbourne - Inner",2021,13208
"118","206011496","Brunswick - South","Melbourne - Inner",2022,13378
"119","206011496","Brunswick - South","Melbourne - Inner",2023,14286
"120","206011496","Brunswick - South","Melbourne - Inner",2024,15190
"121","206011497","Coburg - East","Melbourne - Inner",2001,9812
"122","206011497","Coburg - East","Melbourne - Inner",2002,10025
"123","206011497","Coburg - East","Melbourne - Inner",2003,10168
"124","206011497","Coburg - East","Melbourne - Inner",2004,10372
"125","206011497","Coburg - East","Melbourne - Inner",2005,10665
"126","206011497","Coburg - East","Melbourne - Inner",2006,10892
"127","206011497","Coburg - East","Melbourne - Inner",2007,11163
"128","206011497","Coburg - East","Melbourne - Inner",2008,11504
"129","206011497","Coburg - East","Melbourne - Inner",2009,11900
"130","206011497","Coburg - East","Melbourne - Inner",2010,12039
"131","206011497","Coburg - East","Melbourne - Inner",2011,12236
"132","206011497","Coburg - East","Melbourne - Inner",2012,12483
"133","206011497","Coburg - East","Melbourne - Inner",2013,12655
"134","206011497","Coburg - East","Melbourne - Inner",2014,12852
"135","206011497","Coburg - East","Melbourne - Inner",2015,13023
"136","206011497","Coburg - East","Melbourne - Inner",2016,13286
"137","206011497","Coburg - East","Melbourne - Inner",2017,13332
"138","206011497","Coburg - East","Melbourne - Inner",2018,13379
"139","206011497","Coburg - East","Melbourne - Inner",2019,13397
"140","206011497","Coburg - East","Melbourne - Inner",2020,13265
"141","206011497","Coburg - East","Melbourne - Inner",2021,12675
"142","206011497","Coburg - East","Melbourne - Inner",2022,12959
"143","206011497","Coburg - East","Melbourne - Inner",2023,13545
"144","206011497","Coburg - East","Melbourne - Inner",2024,13966
"145","206011498","Coburg - West","Melbourne - Inner",2001,13104
"146","206011498","Coburg - West","Melbourne - Inner",2002,13112
"147","206011498","Coburg - West","Melbourne - Inner",2003,13162
"148","206011498","Coburg - West","Melbourne - Inner",2004,13212
"149","206011498","Coburg - West","Melbourne - Inner",2005,13333
"150","206011498","Coburg - West","Melbourne - Inner",2006,13461
"151","206011498","Coburg - West","Melbourne - Inner",2007,13609
"152","206011498","Coburg - West","Melbourne - Inner",2008,13815
"153","206011498","Coburg - West","Melbourne - Inner",2009,13941
"154","206011498","Coburg - West","Melbourne - Inner",2010,13976
"155","206011498","Coburg - West","Melbourne - Inner",2011,13998
"156","206011498","Coburg - West","Melbourne - Inner",2012,14057
"157","206011498","Coburg - West","Melbourne - Inner",2013,14188
"158","206011498","Coburg - West","Melbourne - Inner",2014,14275
"159","206011498","Coburg - West","Melbourne - Inner",2015,14397
"160","206011498","Coburg - West","Melbourne - Inner",2016,14516
"161","206011498","Coburg - West","Melbourne - Inner",2017,14629
"162","206011498","Coburg - West","Melbourne - Inner",2018,14698
"163","206011498","Coburg - West","Melbourne - Inner",2019,14628
"164","206011498","Coburg - West","Melbourne - Inner",2020,14523
"165","206011498","Coburg - West","Melbourne - Inner",2021,14184
"166","206011498","Coburg - West","Melbourne - Inner",2022,14112
"167","206011498","Coburg - West","Melbourne - Inner",2023,14528
"168","206011498","Coburg - West","Melbourne - Inner",2024,14835
"169","206021110","Alphington - Fairfield","Melbourne - Inner",2001,7885
"170","206021110","Alphington - Fairfield","Melbourne - Inner",2002,7924
"171","206021110","Alphington - Fairfield","Melbourne - Inner",2003,7951
"172","206021110","Alphington - Fairfield","Melbourne - Inner",2004,7976
"173","206021110","Alphington - Fairfield","Melbourne - Inner",2005,8032
"174","206021110","Alphington - Fairfield","Melbourne - Inner",2006,8105
"175","206021110","Alphington - Fairfield","Melbourne - Inner",2007,8189
"176","206021110","Alphington - Fairfield","Melbourne - Inner",2008,8270
"177","206021110","Alphington - Fairfield","Melbourne - Inner",2009,8377
"178","206021110","Alphington - Fairfield","Melbourne - Inner",2010,8506
"179","206021110","Alphington - Fairfield","Melbourne - Inner",2011,8561
"180","206021110","Alphington - Fairfield","Melbourne - Inner",2012,8706
"181","206021110","Alphington - Fairfield","Melbourne - Inner",2013,8827
"182","206021110","Alphington - Fairfield","Melbourne - Inner",2014,8944
"183","206021110","Alphington - Fairfield","Melbourne - Inner",2015,9134
"184","206021110","Alphington - Fairfield","Melbourne - Inner",2016,9434
"185","206021110","Alphington - Fairfield","Melbourne - Inner",2017,9473
"186","206021110","Alphington - Fairfield","Melbourne - Inner",2018,9415
"187","206021110","Alphington - Fairfield","Melbourne - Inner",2019,9467
"188","206021110","Alphington - Fairfield","Melbourne - Inner",2020,9538
"189","206021110","Alphington - Fairfield","Melbourne - Inner",2021,9069
"190","206021110","Alphington - Fairfield","Melbourne - Inner",2022,9163
"191","206021110","Alphington - Fairfield","Melbourne - Inner",2023,9494
"192","206021110","Alphington - Fairfield","Melbourne - Inner",2024,9688
"193","206021112","Thornbury","Melbourne - Inner",2001,17056
"194","206021112","Thornbury","Melbourne - Inner",2002,17084
"195","206021112","Thornbury","Melbourne - Inner",2003,17084
"196","206021112","Thornbury","Melbourne - Inner",2004,17118
"197","206021112","Thornbury","Melbourne - Inner",2005,17193
"198","206021112","Thornbury","Melbourne - Inner",2006,17368
"199","206021112","Thornbury","Melbourne - Inner",2007,17622
"200","206021112","Thornbury","Melbourne - Inner",2008,17880
"201","206021112","Thornbury","Melbourne - Inner",2009,18064
"202","206021112","Thornbury","Melbourne - Inner",2010,18177
"203","206021112","Thornbury","Melbourne - Inner",2011,18258
"204","206021112","Thornbury","Melbourne - Inner",2012,18484
"205","206021112","Thornbury","Melbourne - Inner",2013,18773
"206","206021112","Thornbury","Melbourne - Inner",2014,18985
"207","206021112","Thornbury","Melbourne - Inner",2015,19254
"208","206021112","Thornbury","Melbourne - Inner",2016,19578
"209","206021112","Thornbury","Melbourne - Inner",2017,19720
"210","206021112","Thornbury","Melbourne - Inner",2018,19714
"211","206021112","Thornbury","Melbourne - Inner",2019,19729
"212","206021112","Thornbury","Melbourne - Inner",2020,19791
"213","206021112","Thornbury","Melbourne - Inner",2021,19153
"214","206021112","Thornbury","Melbourne - Inner",2022,19189
"215","206021112","Thornbury","Melbourne - Inner",2023,19616
"216","206021112","Thornbury","Melbourne - Inner",2024,19982
"217","206021499","Northcote - East","Melbourne - Inner",2001,12844
"218","206021499","Northcote - East","Melbourne - Inner",2002,12873
"219","206021499","Northcote - East","Melbourne - Inner",2003,12916
"220","206021499","Northcote - East","Melbourne - Inner",2004,13030
"221","206021499","Northcote - East","Melbourne - Inner",2005,13171
"222","206021499","Northcote - East","Melbourne - Inner",2006,13409
"223","206021499","Northcote - East","Melbourne - Inner",2007,13667
"224","206021499","Northcote - East","Melbourne - Inner",2008,13985
"225","206021499","Northcote - East","Melbourne - Inner",2009,14409
"226","206021499","Northcote - East","Melbourne - Inner",2010,14615
"227","206021499","Northcote - East","Melbourne - Inner",2011,14727
"228","206021499","Northcote - East","Melbourne - Inner",2012,14881
"229","206021499","Northcote - East","Melbourne - Inner",2013,15132
"230","206021499","Northcote - East","Melbourne - Inner",2014,15431
"231","206021499","Northcote - East","Melbourne - Inner",2015,15686
"232","206021499","Northcote - East","Melbourne - Inner",2016,15895
"233","206021499","Northcote - East","Melbourne - Inner",2017,16007
"234","206021499","Northcote - East","Melbourne - Inner",2018,16089
"235","206021499","Northcote - East","Melbourne - Inner",2019,16165
"236","206021499","Northcote - East","Melbourne - Inner",2020,16183
"237","206021499","Northcote - East","Melbourne - Inner",2021,15229
"238","206021499","Northcote - East","Melbourne - Inner",2022,15142
"239","206021499","Northcote - East","Melbourne - Inner",2023,15561
"240","206021499","Northcote - East","Melbourne - Inner",2024,15920
"241","206021500","Northcote - West","Melbourne - Inner",2001,8306
"242","206021500","Northcote - West","Melbourne - Inner",2002,8371
"243","206021500","Northcote - West","Melbourne - Inner",2003,8453
"244","206021500","Northcote - West","Melbourne - Inner",2004,8537
"245","206021500","Northcote - West","Melbourne - Inner",2005,8646
"246","206021500","Northcote - West","Melbourne - Inner",2006,8811
"247","206021500","Northcote - West","Melbourne - Inner",2007,9059
"248","206021500","Northcote - West","Melbourne - Inner",2008,9297
"249","206021500","Northcote - West","Melbourne - Inner",2009,9412
"250","206021500","Northcote - West","Melbourne - Inner",2010,9455
"251","206021500","Northcote - West","Melbourne - Inner",2011,9425
"252","206021500","Northcote - West","Melbourne - Inner",2012,9538
"253","206021500","Northcote - West","Melbourne - Inner",2013,9850
"254","206021500","Northcote - West","Melbourne - Inner",2014,10120
"255","206021500","Northcote - West","Melbourne - Inner",2015,10306
"256","206021500","Northcote - West","Melbourne - Inner",2016,10529
"257","206021500","Northcote - West","Melbourne - Inner",2017,10634
"258","206021500","Northcote - West","Melbourne - Inner",2018,10815
"259","206021500","Northcote - West","Melbourne - Inner",2019,10870
"260","206021500","Northcote - West","Melbourne - Inner",2020,10887
"261","206021500","Northcote - West","Melbourne - Inner",2021,10424
"262","206021500","Northcote - West","Melbourne - Inner",2022,10487
"263","206021500","Northcote - West","Melbourne - Inner",2023,10737
"264","206021500","Northcote - West","Melbourne - Inner",2024,10953
"265","206031113","Ascot Vale","Melbourne - Inner",2001,12516
"266","206031113","Ascot Vale","Melbourne - Inner",2002,12595
"267","206031113","Ascot Vale","Melbourne - Inner",2003,12645
"268","206031113","Ascot Vale","Melbourne - Inner",2004,12693
"269","206031113","Ascot Vale","Melbourne - Inner",2005,12782
"270","206031113","Ascot Vale","Melbourne - Inner",2006,12890
"271","206031113","Ascot Vale","Melbourne - Inner",2007,13275
"272","206031113","Ascot Vale","Melbourne - Inner",2008,13671
"273","206031113","Ascot Vale","Melbourne - Inner",2009,13914
"274","206031113","Ascot Vale","Melbourne - Inner",2010,14012
"275","206031113","Ascot Vale","Melbourne - Inner",2011,14135
"276","206031113","Ascot Vale","Melbourne - Inner",2012,14309
"277","206031113","Ascot Vale","Melbourne - Inner",2013,14491
"278","206031113","Ascot Vale","Melbourne - Inner",2014,14870
"279","206031113","Ascot Vale","Melbourne - Inner",2015,15219
"280","206031113","Ascot Vale","Melbourne - Inner",2016,15497
"281","206031113","Ascot Vale","Melbourne - Inner",2017,15683
"282","206031113","Ascot Vale","Melbourne - Inner",2018,15752
"283","206031113","Ascot Vale","Melbourne - Inner",2019,15774
"284","206031113","Ascot Vale","Melbourne - Inner",2020,15784
"285","206031113","Ascot Vale","Melbourne - Inner",2021,15351
"286","206031113","Ascot Vale","Melbourne - Inner",2022,15191
"287","206031113","Ascot Vale","Melbourne - Inner",2023,15729
"288","206031113","Ascot Vale","Melbourne - Inner",2024,16154
"289","206031115","Flemington","Melbourne - Inner",2001,8063
"290","206031115","Flemington","Melbourne - Inner",2002,8071
"291","206031115","Flemington","Melbourne - Inner",2003,8018
"292","206031115","Flemington","Melbourne - Inner",2004,8124
"293","206031115","Flemington","Melbourne - Inner",2005,8240
"294","206031115","Flemington","Melbourne - Inner",2006,8410
"295","206031115","Flemington","Melbourne - Inner",2007,8661
"296","206031115","Flemington","Melbourne - Inner",2008,8841
"297","206031115","Flemington","Melbourne - Inner",2009,9030
"298","206031115","Flemington","Melbourne - Inner",2010,9261
"299","206031115","Flemington","Melbourne - Inner",2011,9547
"300","206031115","Flemington","Melbourne - Inner",2012,9791
"301","206031115","Flemington","Melbourne - Inner",2013,10068
"302","206031115","Flemington","Melbourne - Inner",2014,10311
"303","206031115","Flemington","Melbourne - Inner",2015,10531
"304","206031115","Flemington","Melbourne - Inner",2016,10734
"305","206031115","Flemington","Melbourne - Inner",2017,10666
"306","206031115","Flemington","Melbourne - Inner",2018,10654
"307","206031115","Flemington","Melbourne - Inner",2019,10460
"308","206031115","Flemington","Melbourne - Inner",2020,10270
"309","206031115","Flemington","Melbourne - Inner",2021,9181
"310","206031115","Flemington","Melbourne - Inner",2022,9199
"311","206031115","Flemington","Melbourne - Inner",2023,9786
"312","206031115","Flemington","Melbourne - Inner",2024,10290
"313","206031116","Moonee Ponds","Melbourne - Inner",2001,12608
"314","206031116","Moonee Ponds","Melbourne - Inner",2002,12691
"315","206031116","Moonee Ponds","Melbourne - Inner",2003,12777
"316","206031116","Moonee Ponds","Melbourne - Inner",2004,12830
"317","206031116","Moonee Ponds","Melbourne - Inner",2005,12971
"318","206031116","Moonee Ponds","Melbourne - Inner",2006,13123
"319","206031116","Moonee Ponds","Melbourne - Inner",2007,13287
"320","206031116","Moonee Ponds","Melbourne - Inner",2008,13618
"321","206031116","Moonee Ponds","Melbourne - Inner",2009,14014
"322","206031116","Moonee Ponds","Melbourne - Inner",2010,14164
"323","206031116","Moonee Ponds","Melbourne - Inner",2011,14168
"324","206031116","Moonee Ponds","Melbourne - Inner",2012,14436
"325","206031116","Moonee Ponds","Melbourne - Inner",2013,14666
"326","206031116","Moonee Ponds","Melbourne - Inner",2014,14820
"327","206031116","Moonee Ponds","Melbourne - Inner",2015,14949
"328","206031116","Moonee Ponds","Melbourne - Inner",2016,15158
"329","206031116","Moonee Ponds","Melbourne - Inner",2017,15495
"330","206031116","Moonee Ponds","Melbourne - Inner",2018,15778
"331","206031116","Moonee Ponds","Melbourne - Inner",2019,16093
"332","206031116","Moonee Ponds","Melbourne - Inner",2020,16639
"333","206031116","Moonee Ponds","Melbourne - Inner",2021,16400
"334","206031116","Moonee Ponds","Melbourne - Inner",2022,16591
"335","206031116","Moonee Ponds","Melbourne - Inner",2023,17206
"336","206031116","Moonee Ponds","Melbourne - Inner",2024,17823
"337","206031501","Essendon (West) - Aberfeldie","Melbourne - Inner",2001,13659
"338","206031501","Essendon (West) - Aberfeldie","Melbourne - Inner",2002,13645
"339","206031501","Essendon (West) - Aberfeldie","Melbourne - Inner",2003,13650
"340","206031501","Essendon (West) - Aberfeldie","Melbourne - Inner",2004,13673
"341","206031501","Essendon (West) - Aberfeldie","Melbourne - Inner",2005,13776
"342","206031501","Essendon (West) - Aberfeldie","Melbourne - Inner",2006,13908
"343","206031501","Essendon (West) - Aberfeldie","Melbourne - Inner",2007,14043
"344","206031501","Essendon (West) - Aberfeldie","Melbourne - Inner",2008,14215
"345","206031501","Essendon (West) - Aberfeldie","Melbourne - Inner",2009,14416
"346","206031501","Essendon (West) - Aberfeldie","Melbourne - Inner",2010,14617
"347","206031501","Essendon (West) - Aberfeldie","Melbourne - Inner",2011,14803
"348","206031501","Essendon (West) - Aberfeldie","Melbourne - Inner",2012,15048
"349","206031501","Essendon (West) - Aberfeldie","Melbourne - Inner",2013,15304
"350","206031501","Essendon (West) - Aberfeldie","Melbourne - Inner",2014,15730
"351","206031501","Essendon (West) - Aberfeldie","Melbourne - Inner",2015,16160
"352","206031501","Essendon (West) - Aberfeldie","Melbourne - Inner",2016,16676
"353","206031501","Essendon (West) - Aberfeldie","Melbourne - Inner",2017,16833
"354","206031501","Essendon (West) - Aberfeldie","Melbourne - Inner",2018,16935
"355","206031501","Essendon (West) - Aberfeldie","Melbourne - Inner",2019,16974
"356","206031501","Essendon (West) - Aberfeldie","Melbourne - Inner",2020,16920
"357","206031501","Essendon (West) - Aberfeldie","Melbourne - Inner",2021,16175
"358","206031501","Essendon (West) - Aberfeldie","Melbourne - Inner",2022,16185
"359","206031501","Essendon (West) - Aberfeldie","Melbourne - Inner",2023,16630
"360","206031501","Essendon (West) - Aberfeldie","Melbourne - Inner",2024,17156
"361","206031502","Essendon - East","Melbourne - Inner",2001,10309
"362","206031502","Essendon - East","Melbourne - Inner",2002,10288
"363","206031502","Essendon - East","Melbourne - Inner",2003,10275
"364","206031502","Essendon - East","Melbourne - Inner",2004,10352
"365","206031502","Essendon - East","Melbourne - Inner",2005,10391
"366","206031502","Essendon - East","Melbourne - Inner",2006,10487
"367","206031502","Essendon - East","Melbourne - Inner",2007,10540
"368","206031502","Essendon - East","Melbourne - Inner",2008,10639
"369","206031502","Essendon - East","Melbourne - Inner",2009,10846
"370","206031502","Essendon - East","Melbourne - Inner",2010,10958
"371","206031502","Essendon - East","Melbourne - Inner",2011,11042
"372","206031502","Essendon - East","Melbourne - Inner",2012,11121
"373","206031502","Essendon - East","Melbourne - Inner",2013,11327
"374","206031502","Essendon - East","Melbourne - Inner",2014,11574
"375","206031502","Essendon - East","Melbourne - Inner",2015,11905
"376","206031502","Essendon - East","Melbourne - Inner",2016,12270
"377","206031502","Essendon - East","Melbourne - Inner",2017,12507
"378","206031502","Essendon - East","Melbourne - Inner",2018,12611
"379","206031502","Essendon - East","Melbourne - Inner",2019,12698
"380","206031502","Essendon - East","Melbourne - Inner",2020,12763
"381","206031502","Essendon - East","Melbourne - Inner",2021,12314
"382","206031502","Essendon - East","Melbourne - Inner",2022,12297
"383","206031502","Essendon - East","Melbourne - Inner",2023,12668
"384","206031502","Essendon - East","Melbourne - Inner",2024,12946
"385","206041117","Carlton","Melbourne - Inner",2001,9529
"386","206041117","Carlton","Melbourne - Inner",2002,10022
"387","206041117","Carlton","Melbourne - Inner",2003,10611
"388","206041117","Carlton","Melbourne - Inner",2004,11224
"389","206041117","Carlton","Melbourne - Inner",2005,11924
"390","206041117","Carlton","Melbourne - Inner",2006,12737
"391","206041117","Carlton","Melbourne - Inner",2007,13509
"392","206041117","Carlton","Melbourne - Inner",2008,14133
"393","206041117","Carlton","Melbourne - Inner",2009,14687
"394","206041117","Carlton","Melbourne - Inner",2010,14926
"395","206041117","Carlton","Melbourne - Inner",2011,15122
"396","206041117","Carlton","Melbourne - Inner",2012,15605
"397","206041117","Carlton","Melbourne - Inner",2013,16719
"398","206041117","Carlton","Melbourne - Inner",2014,17843
"399","206041117","Carlton","Melbourne - Inner",2015,18983
"400","206041117","Carlton","Melbourne - Inner",2016,20242
"401","206041117","Carlton","Melbourne - Inner",2017,20651
"402","206041117","Carlton","Melbourne - Inner",2018,20831
"403","206041117","Carlton","Melbourne - Inner",2019,21029
"404","206041117","Carlton","Melbourne - Inner",2020,20865
"405","206041117","Carlton","Melbourne - Inner",2021,17064
"406","206041117","Carlton","Melbourne - Inner",2022,18057
"407","206041117","Carlton","Melbourne - Inner",2023,21439
"408","206041117","Carlton","Melbourne - Inner",2024,23954
"409","206041118","Docklands","Melbourne - Inner",2001,154
"410","206041118","Docklands","Melbourne - Inner",2002,926
"411","206041118","Docklands","Melbourne - Inner",2003,1913
"412","206041118","Docklands","Melbourne - Inner",2004,3089
"413","206041118","Docklands","Melbourne - Inner",2005,3779
"414","206041118","Docklands","Melbourne - Inner",2006,4152
"415","206041118","Docklands","Melbourne - Inner",2007,4592
"416","206041118","Docklands","Melbourne - Inner",2008,5040
"417","206041118","Docklands","Melbourne - Inner",2009,5402
"418","206041118","Docklands","Melbourne - Inner",2010,5780
"419","206041118","Docklands","Melbourne - Inner",2011,6196
"420","206041118","Docklands","Melbourne - Inner",2012,6802
"421","206041118","Docklands","Melbourne - Inner",2013,7988
"422","206041118","Docklands","Melbourne - Inner",2014,9170
"423","206041118","Docklands","Melbourne - Inner",2015,10444
"424","206041118","Docklands","Melbourne - Inner",2016,11832
"425","206041118","Docklands","Melbourne - Inner",2017,13922
"426","206041118","Docklands","Melbourne - Inner",2018,15436
"427","206041118","Docklands","Melbourne - Inner",2019,16369
"428","206041118","Docklands","Melbourne - Inner",2020,16671
"429","206041118","Docklands","Melbourne - Inner",2021,15905
"430","206041118","Docklands","Melbourne - Inner",2022,16491
"431","206041118","Docklands","Melbourne - Inner",2023,17764
"432","206041118","Docklands","Melbourne - Inner",2024,18567
"433","206041119","East Melbourne","Melbourne - Inner",2001,3731
"434","206041119","East Melbourne","Melbourne - Inner",2002,3859
"435","206041119","East Melbourne","Melbourne - Inner",2003,4243
"436","206041119","East Melbourne","Melbourne - Inner",2004,4460
"437","206041119","East Melbourne","Melbourne - Inner",2005,4495
"438","206041119","East Melbourne","Melbourne - Inner",2006,4555
"439","206041119","East Melbourne","Melbourne - Inner",2007,4806
"440","206041119","East Melbourne","Melbourne - Inner",2008,5055
"441","206041119","East Melbourne","Melbourne - Inner",2009,5202
"442","206041119","East Melbourne","Melbourne - Inner",2010,5272
"443","206041119","East Melbourne","Melbourne - Inner",2011,5238
"444","206041119","East Melbourne","Melbourne - Inner",2012,5280
"445","206041119","East Melbourne","Melbourne - Inner",2013,5333
"446","206041119","East Melbourne","Melbourne - Inner",2014,5374
"447","206041119","East Melbourne","Melbourne - Inner",2015,5411
"448","206041119","East Melbourne","Melbourne - Inner",2016,5475
"449","206041119","East Melbourne","Melbourne - Inner",2017,5496
"450","206041119","East Melbourne","Melbourne - Inner",2018,5412
"451","206041119","East Melbourne","Melbourne - Inner",2019,5416
"452","206041119","East Melbourne","Melbourne - Inner",2020,5383
"453","206041119","East Melbourne","Melbourne - Inner",2021,4959
"454","206041119","East Melbourne","Melbourne - Inner",2022,4889
"455","206041119","East Melbourne","Melbourne - Inner",2023,5105
"456","206041119","East Melbourne","Melbourne - Inner",2024,5222
"457","206041120","Flemington Racecourse","Melbourne - Inner",2001,37
"458","206041120","Flemington Racecourse","Melbourne - Inner",2002,42
"459","206041120","Flemington Racecourse","Melbourne - Inner",2003,46
"460","206041120","Flemington Racecourse","Melbourne - Inner",2004,50
"461","206041120","Flemington Racecourse","Melbourne - Inner",2005,56
"462","206041120","Flemington Racecourse","Melbourne - Inner",2006,63
"463","206041120","Flemington Racecourse","Melbourne - Inner",2007,68
"464","206041120","Flemington Racecourse","Melbourne - Inner",2008,73
"465","206041120","Flemington Racecourse","Melbourne - Inner",2009,79
"466","206041120","Flemington Racecourse","Melbourne - Inner",2010,83
"467","206041120","Flemington Racecourse","Melbourne - Inner",2011,86
"468","206041120","Flemington Racecourse","Melbourne - Inner",2012,87
"469","206041120","Flemington Racecourse","Melbourne - Inner",2013,88
"470","206041120","Flemington Racecourse","Melbourne - Inner",2014,89
"471","206041120","Flemington Racecourse","Melbourne - Inner",2015,90
"472","206041120","Flemington Racecourse","Melbourne - Inner",2016,91
"473","206041120","Flemington Racecourse","Melbourne - Inner",2017,88
"474","206041120","Flemington Racecourse","Melbourne - Inner",2018,86
"475","206041120","Flemington Racecourse","Melbourne - Inner",2019,83
"476","206041120","Flemington Racecourse","Melbourne - Inner",2020,81
"477","206041120","Flemington Racecourse","Melbourne - Inner",2021,78
"478","206041120","Flemington Racecourse","Melbourne - Inner",2022,78
"479","206041120","Flemington Racecourse","Melbourne - Inner",2023,78
"480","206041120","Flemington Racecourse","Melbourne - Inner",2024,78
"481","206041121","Kensington (Vic.)","Melbourne - Inner",2001,7686
"482","206041121","Kensington (Vic.)","Melbourne - Inner",2002,8007
"483","206041121","Kensington (Vic.)","Melbourne - Inner",2003,8155
"484","206041121","Kensington (Vic.)","Melbourne - Inner",2004,8605
"485","206041121","Kensington (Vic.)","Melbourne - Inner",2005,8830
"486","206041121","Kensington (Vic.)","Melbourne - Inner",2006,9013
"487","206041121","Kensington (Vic.)","Melbourne - Inner",2007,9481
"488","206041121","Kensington (Vic.)","Melbourne - Inner",2008,9828
"489","206041121","Kensington (Vic.)","Melbourne - Inner",2009,10158
"490","206041121","Kensington (Vic.)","Melbourne - Inner",2010,10230
"491","206041121","Kensington (Vic.)","Melbourne - Inner",2011,10259
"492","206041121","Kensington (Vic.)","Melbourne - Inner",2012,10487
"493","206041121","Kensington (Vic.)","Melbourne - Inner",2013,10762
"494","206041121","Kensington (Vic.)","Melbourne - Inner",2014,11030
"495","206041121","Kensington (Vic.)","Melbourne - Inner",2015,11291
"496","206041121","Kensington (Vic.)","Melbourne - Inner",2016,11530
"497","206041121","Kensington (Vic.)","Melbourne - Inner",2017,11540
"498","206041121","Kensington (Vic.)","Melbourne - Inner",2018,11493
"499","206041121","Kensington (Vic.)","Melbourne - Inner",2019,11611
"500","206041121","Kensington (Vic.)","Melbourne - Inner",2020,11416
"501","206041121","Kensington (Vic.)","Melbourne - Inner",2021,10872
"502","206041121","Kensington (Vic.)","Melbourne - Inner",2022,11011
"503","206041121","Kensington (Vic.)","Melbourne - Inner",2023,11409
"504","206041121","Kensington (Vic.)","Melbourne - Inner",2024,11699
"505","206041124","Parkville","Melbourne - Inner",2001,5332
"506","206041124","Parkville","Melbourne - Inner",2002,5327
"507","206041124","Parkville","Melbourne - Inner",2003,5253
"508","206041124","Parkville","Melbourne - Inner",2004,5201
"509","206041124","Parkville","Melbourne - Inner",2005,5157
"510","206041124","Parkville","Melbourne - Inner",2006,5270
"511","206041124","Parkville","Melbourne - Inner",2007,5649
"512","206041124","Parkville","Melbourne - Inner",2008,6000
"513","206041124","Parkville","Melbourne - Inner",2009,6331
"514","206041124","Parkville","Melbourne - Inner",2010,6482
"515","206041124","Parkville","Melbourne - Inner",2011,6551
"516","206041124","Parkville","Melbourne - Inner",2012,6872
"517","206041124","Parkville","Melbourne - Inner",2013,7174
"518","206041124","Parkville","Melbourne - Inner",2014,7447
"519","206041124","Parkville","Melbourne - Inner",2015,7682
"520","206041124","Parkville","Melbourne - Inner",2016,7898
"521","206041124","Parkville","Melbourne - Inner",2017,8182
"522","206041124","Parkville","Melbourne - Inner",2018,8242
"523","206041124","Parkville","Melbourne - Inner",2019,8291
"524","206041124","Parkville","Melbourne - Inner",2020,8318
"525","206041124","Parkville","Melbourne - Inner",2021,7428
"526","206041124","Parkville","Melbourne - Inner",2022,7475
"527","206041124","Parkville","Melbourne - Inner",2023,8019
"528","206041124","Parkville","Melbourne - Inner",2024,8293
"529","206041125","South Yarra - West","Melbourne - Inner",2001,5317
"530","206041125","South Yarra - West","Melbourne - Inner",2002,5233
"531","206041125","South Yarra - West","Melbourne - Inner",2003,5176
"532","206041125","South Yarra - West","Melbourne - Inner",2004,5183
"533","206041125","South Yarra - West","Melbourne - Inner",2005,5289
"534","206041125","South Yarra - West","Melbourne - Inner",2006,5538
"535","206041125","South Yarra - West","Melbourne - Inner",2007,5837
"536","206041125","South Yarra - West","Melbourne - Inner",2008,6118
"537","206041125","South Yarra - West","Melbourne - Inner",2009,6380
"538","206041125","South Yarra - West","Melbourne - Inner",2010,6418
"539","206041125","South Yarra - West","Melbourne - Inner",2011,6426
"540","206041125","South Yarra - West","Melbourne - Inner",2012,6400
"541","206041125","South Yarra - West","Melbourne - Inner",2013,6393
"542","206041125","South Yarra - West","Melbourne - Inner",2014,6397
"543","206041125","South Yarra - West","Melbourne - Inner",2015,6405
"544","206041125","South Yarra - West","Melbourne - Inner",2016,6453
"545","206041125","South Yarra - West","Melbourne - Inner",2017,6833
"546","206041125","South Yarra - West","Melbourne - Inner",2018,6957
"547","206041125","South Yarra - West","Melbourne - Inner",2019,7055
"548","206041125","South Yarra - West","Melbourne - Inner",2020,6960
"549","206041125","South Yarra - West","Melbourne - Inner",2021,6536
"550","206041125","South Yarra - West","Melbourne - Inner",2022,6573
"551","206041125","South Yarra - West","Melbourne - Inner",2023,6796
"552","206041125","South Yarra - West","Melbourne - Inner",2024,6946
"553","206041127","West Melbourne - Industrial","Melbourne - Inner",2001,0
"554","206041127","West Melbourne - Industrial","Melbourne - Inner",2002,0
"555","206041127","West Melbourne - Industrial","Melbourne - Inner",2003,0
"556","206041127","West Melbourne - Industrial","Melbourne - Inner",2004,0
"557","206041127","West Melbourne - Industrial","Melbourne - Inner",2005,0
"558","206041127","West Melbourne - Industrial","Melbourne - Inner",2006,0
"559","206041127","West Melbourne - Industrial","Melbourne - Inner",2007,0
"560","206041127","West Melbourne - Industrial","Melbourne - Inner",2008,0
"561","206041127","West Melbourne - Industrial","Melbourne - Inner",2009,0
"562","206041127","West Melbourne - Industrial","Melbourne - Inner",2010,0
"563","206041127","West Melbourne - Industrial","Melbourne - Inner",2011,0
"564","206041127","West Melbourne - Industrial","Melbourne - Inner",2012,0
"565","206041127","West Melbourne - Industrial","Melbourne - Inner",2013,0
"566","206041127","West Melbourne - Industrial","Melbourne - Inner",2014,0
"567","206041127","West Melbourne - Industrial","Melbourne - Inner",2015,0
"568","206041127","West Melbourne - Industrial","Melbourne - Inner",2016,3
"569","206041127","West Melbourne - Industrial","Melbourne - Inner",2017,3
"570","206041127","West Melbourne - Industrial","Melbourne - Inner",2018,3
"571","206041127","West Melbourne - Industrial","Melbourne - Inner",2019,3
"572","206041127","West Melbourne - Industrial","Melbourne - Inner",2020,0
"573","206041127","West Melbourne - Industrial","Melbourne - Inner",2021,0
"574","206041127","West Melbourne - Industrial","Melbourne - Inner",2022,0
"575","206041127","West Melbourne - Industrial","Melbourne - Inner",2023,0
"576","206041127","West Melbourne - Industrial","Melbourne - Inner",2024,0
"577","206041503","Melbourne CBD - East","Melbourne - Inner",2001,3997
"578","206041503","Melbourne CBD - East","Melbourne - Inner",2002,4794
"579","206041503","Melbourne CBD - East","Melbourne - Inner",2003,5457
"580","206041503","Melbourne CBD - East","Melbourne - Inner",2004,6015
"581","206041503","Melbourne CBD - East","Melbourne - Inner",2005,6422
"582","206041503","Melbourne CBD - East","Melbourne - Inner",2006,6620
"583","206041503","Melbourne CBD - East","Melbourne - Inner",2007,6875
"584","206041503","Melbourne CBD - East","Melbourne - Inner",2008,7182
"585","206041503","Melbourne CBD - East","Melbourne - Inner",2009,7469
"586","206041503","Melbourne CBD - East","Melbourne - Inner",2010,7716
"587","206041503","Melbourne CBD - East","Melbourne - Inner",2011,7939
"588","206041503","Melbourne CBD - East","Melbourne - Inner",2012,8374
"589","206041503","Melbourne CBD - East","Melbourne - Inner",2013,9646
"590","206041503","Melbourne CBD - East","Melbourne - Inner",2014,10455
"591","206041503","Melbourne CBD - East","Melbourne - Inner",2015,11049
"592","206041503","Melbourne CBD - East","Melbourne - Inner",2016,11633
"593","206041503","Melbourne CBD - East","Melbourne - Inner",2017,11881
"594","206041503","Melbourne CBD - East","Melbourne - Inner",2018,12322
"595","206041503","Melbourne CBD - East","Melbourne - Inner",2019,12530
"596","206041503","Melbourne CBD - East","Melbourne - Inner",2020,12346
"597","206041503","Melbourne CBD - East","Melbourne - Inner",2021,10119
"598","206041503","Melbourne CBD - East","Melbourne - Inner",2022,10687
"599","206041503","Melbourne CBD - East","Melbourne - Inner",2023,12449
"600","206041503","Melbourne CBD - East","Melbourne - Inner",2024,13697
"601","206041504","Melbourne CBD - North","Melbourne - Inner",2001,1657
"602","206041504","Melbourne CBD - North","Melbourne - Inner",2002,2282
"603","206041504","Melbourne CBD - North","Melbourne - Inner",2003,2969
"604","206041504","Melbourne CBD - North","Melbourne - Inner",2004,3389
"605","206041504","Melbourne CBD - North","Melbourne - Inner",2005,3930
"606","206041504","Melbourne CBD - North","Melbourne - Inner",2006,4008
"607","206041504","Melbourne CBD - North","Melbourne - Inner",2007,4349
"608","206041504","Melbourne CBD - North","Melbourne - Inner",2008,4738
"609","206041504","Melbourne CBD - North","Melbourne - Inner",2009,5286
"610","206041504","Melbourne CBD - North","Melbourne - Inner",2010,5900
"611","206041504","Melbourne CBD - North","Melbourne - Inner",2011,6401
"612","206041504","Melbourne CBD - North","Melbourne - Inner",2012,7880
"613","206041504","Melbourne CBD - North","Melbourne - Inner",2013,9591
"614","206041504","Melbourne CBD - North","Melbourne - Inner",2014,11297
"615","206041504","Melbourne CBD - North","Melbourne - Inner",2015,12895
"616","206041504","Melbourne CBD - North","Melbourne - Inner",2016,14230
"617","206041504","Melbourne CBD - North","Melbourne - Inner",2017,15801
"618","206041504","Melbourne CBD - North","Melbourne - Inner",2018,17131
"619","206041504","Melbourne CBD - North","Melbourne - Inner",2019,18365
"620","206041504","Melbourne CBD - North","Melbourne - Inner",2020,19155
"621","206041504","Melbourne CBD - North","Melbourne - Inner",2021,17360
"622","206041504","Melbourne CBD - North","Melbourne - Inner",2022,18876
"623","206041504","Melbourne CBD - North","Melbourne - Inner",2023,21631
"624","206041504","Melbourne CBD - North","Melbourne - Inner",2024,23579
"625","206041505","Melbourne CBD - West","Melbourne - Inner",2001,1990
"626","206041505","Melbourne CBD - West","Melbourne - Inner",2002,2516
"627","206041505","Melbourne CBD - West","Melbourne - Inner",2003,2974
"628","206041505","Melbourne CBD - West","Melbourne - Inner",2004,3323
"629","206041505","Melbourne CBD - West","Melbourne - Inner",2005,3940
"630","206041505","Melbourne CBD - West","Melbourne - Inner",2006,4621
"631","206041505","Melbourne CBD - West","Melbourne - Inner",2007,5001
"632","206041505","Melbourne CBD - West","Melbourne - Inner",2008,5405
"633","206041505","Melbourne CBD - West","Melbourne - Inner",2009,5996
"634","206041505","Melbourne CBD - West","Melbourne - Inner",2010,6766
"635","206041505","Melbourne CBD - West","Melbourne - Inner",2011,7475
"636","206041505","Melbourne CBD - West","Melbourne - Inner",2012,8628
"637","206041505","Melbourne CBD - West","Melbourne - Inner",2013,10413
"638","206041505","Melbourne CBD - West","Melbourne - Inner",2014,11874
"639","206041505","Melbourne CBD - West","Melbourne - Inner",2015,13218
"640","206041505","Melbourne CBD - West","Melbourne - Inner",2016,14318
"641","206041505","Melbourne CBD - West","Melbourne - Inner",2017,16888
"642","206041505","Melbourne CBD - West","Melbourne - Inner",2018,18101
"643","206041505","Melbourne CBD - West","Melbourne - Inner",2019,18750
"644","206041505","Melbourne CBD - West","Melbourne - Inner",2020,18796
"645","206041505","Melbourne CBD - West","Melbourne - Inner",2021,16098
"646","206041505","Melbourne CBD - West","Melbourne - Inner",2022,17343
"647","206041505","Melbourne CBD - West","Melbourne - Inner",2023,20083
"648","206041505","Melbourne CBD - West","Melbourne - Inner",2024,21528
"649","206041506","North Melbourne","Melbourne - Inner",2001,9226
"650","206041506","North Melbourne","Melbourne - Inner",2002,9436
"651","206041506","North Melbourne","Melbourne - Inner",2003,9680
"652","206041506","North Melbourne","Melbourne - Inner",2004,10078
"653","206041506","North Melbourne","Melbourne - Inner",2005,10375
"654","206041506","North Melbourne","Melbourne - Inner",2006,10642
"655","206041506","North Melbourne","Melbourne - Inner",2007,11061
"656","206041506","North Melbourne","Melbourne - Inner",2008,11393
"657","206041506","North Melbourne","Melbourne - Inner",2009,11822
"658","206041506","North Melbourne","Melbourne - Inner",2010,12197
"659","206041506","North Melbourne","Melbourne - Inner",2011,12629
"660","206041506","North Melbourne","Melbourne - Inner",2012,13321
"661","206041506","North Melbourne","Melbourne - Inner",2013,14175
"662","206041506","North Melbourne","Melbourne - Inner",2014,14809
"663","206041506","North Melbourne","Melbourne - Inner",2015,15556
"664","206041506","North Melbourne","Melbourne - Inner",2016,16464
"665","206041506","North Melbourne","Melbourne - Inner",2017,17002
"666","206041506","North Melbourne","Melbourne - Inner",2018,17585
"667","206041506","North Melbourne","Melbourne - Inner",2019,17941
"668","206041506","North Melbourne","Melbourne - Inner",2020,18154
"669","206041506","North Melbourne","Melbourne - Inner",2021,15945
"670","206041506","North Melbourne","Melbourne - Inner",2022,16609
"671","206041506","North Melbourne","Melbourne - Inner",2023,18044
"672","206041506","North Melbourne","Melbourne - Inner",2024,19221
"673","206041507","Royal Botanic Gardens Victoria","Melbourne - Inner",2001,0
"674","206041507","Royal Botanic Gardens Victoria","Melbourne - Inner",2002,0
"675","206041507","Royal Botanic Gardens Victoria","Melbourne - Inner",2003,0
"676","206041507","Royal Botanic Gardens Victoria","Melbourne - Inner",2004,0
"677","206041507","Royal Botanic Gardens Victoria","Melbourne - Inner",2005,0
"678","206041507","Royal Botanic Gardens Victoria","Melbourne - Inner",2006,0
"679","206041507","Royal Botanic Gardens Victoria","Melbourne - Inner",2007,0
"680","206041507","Royal Botanic Gardens Victoria","Melbourne - Inner",2008,0
"681","206041507","Royal Botanic Gardens Victoria","Melbourne - Inner",2009,0
"682","206041507","Royal Botanic Gardens Victoria","Melbourne - Inner",2010,0
"683","206041507","Royal Botanic Gardens Victoria","Melbourne - Inner",2011,0
"684","206041507","Royal Botanic Gardens Victoria","Melbourne - Inner",2012,0
"685","206041507","Royal Botanic Gardens Victoria","Melbourne - Inner",2013,0
"686","206041507","Royal Botanic Gardens Victoria","Melbourne - Inner",2014,0
"687","206041507","Royal Botanic Gardens Victoria","Melbourne - Inner",2015,0
"688","206041507","Royal Botanic Gardens Victoria","Melbourne - Inner",2016,0
"689","206041507","Royal Botanic Gardens Victoria","Melbourne - Inner",2017,0
"690","206041507","Royal Botanic Gardens Victoria","Melbourne - Inner",2018,0
"691","206041507","Royal Botanic Gardens Victoria","Melbourne - Inner",2019,0
"692","206041507","Royal Botanic Gardens Victoria","Melbourne - Inner",2020,0
"693","206041507","Royal Botanic Gardens Victoria","Melbourne - Inner",2021,0
"694","206041507","Royal Botanic Gardens Victoria","Melbourne - Inner",2022,0
"695","206041507","Royal Botanic Gardens Victoria","Melbourne - Inner",2023,0
"696","206041507","Royal Botanic Gardens Victoria","Melbourne - Inner",2024,0
"697","206041508","Southbank (West) - South Wharf","Melbourne - Inner",2001,1502
"698","206041508","Southbank (West) - South Wharf","Melbourne - Inner",2002,2007
"699","206041508","Southbank (West) - South Wharf","Melbourne - Inner",2003,2425
"700","206041508","Southbank (West) - South Wharf","Melbourne - Inner",2004,2812
"701","206041508","Southbank (West) - South Wharf","Melbourne - Inner",2005,3127
"702","206041508","Southbank (West) - South Wharf","Melbourne - Inner",2006,3332
"703","206041508","Southbank (West) - South Wharf","Melbourne - Inner",2007,3897
"704","206041508","Southbank (West) - South Wharf","Melbourne - Inner",2008,4424
"705","206041508","Southbank (West) - South Wharf","Melbourne - Inner",2009,4668
"706","206041508","Southbank (West) - South Wharf","Melbourne - Inner",2010,4757
"707","206041508","Southbank (West) - South Wharf","Melbourne - Inner",2011,4759
"708","206041508","Southbank (West) - South Wharf","Melbourne - Inner",2012,5350
"709","206041508","Southbank (West) - South Wharf","Melbourne - Inner",2013,6091
"710","206041508","Southbank (West) - South Wharf","Melbourne - Inner",2014,6453
"711","206041508","Southbank (West) - South Wharf","Melbourne - Inner",2015,6798
"712","206041508","Southbank (West) - South Wharf","Melbourne - Inner",2016,7258
"713","206041508","Southbank (West) - South Wharf","Melbourne - Inner",2017,7445
"714","206041508","Southbank (West) - South Wharf","Melbourne - Inner",2018,7558
"715","206041508","Southbank (West) - South Wharf","Melbourne - Inner",2019,7697
"716","206041508","Southbank (West) - South Wharf","Melbourne - Inner",2020,7551
"717","206041508","Southbank (West) - South Wharf","Melbourne - Inner",2021,6607
"718","206041508","Southbank (West) - South Wharf","Melbourne - Inner",2022,6827
"719","206041508","Southbank (West) - South Wharf","Melbourne - Inner",2023,7432
"720","206041508","Southbank (West) - South Wharf","Melbourne - Inner",2024,7866
"721","206041509","Southbank - East","Melbourne - Inner",2001,2828
"722","206041509","Southbank - East","Melbourne - Inner",2002,3638
"723","206041509","Southbank - East","Melbourne - Inner",2003,4677
"724","206041509","Southbank - East","Melbourne - Inner",2004,5355
"725","206041509","Southbank - East","Melbourne - Inner",2005,5970
"726","206041509","Southbank - East","Melbourne - Inner",2006,6531
"727","206041509","Southbank - East","Melbourne - Inner",2007,6800
"728","206041509","Southbank - East","Melbourne - Inner",2008,6984
"729","206041509","Southbank - East","Melbourne - Inner",2009,7263
"730","206041509","Southbank - East","Melbourne - Inner",2010,7373
"731","206041509","Southbank - East","Melbourne - Inner",2011,7415
"732","206041509","Southbank - East","Melbourne - Inner",2012,8396
"733","206041509","Southbank - East","Melbourne - Inner",2013,9873
"734","206041509","Southbank - East","Melbourne - Inner",2014,10902
"735","206041509","Southbank - East","Melbourne - Inner",2015,11828
"736","206041509","Southbank - East","Melbourne - Inner",2016,13030
"737","206041509","Southbank - East","Melbourne - Inner",2017,14132
"738","206041509","Southbank - East","Melbourne - Inner",2018,15595
"739","206041509","Southbank - East","Melbourne - Inner",2019,16705
"740","206041509","Southbank - East","Melbourne - Inner",2020,17305
"741","206041509","Southbank - East","Melbourne - Inner",2021,16506
"742","206041509","Southbank - East","Melbourne - Inner",2022,17372
"743","206041509","Southbank - East","Melbourne - Inner",2023,18787
"744","206041509","Southbank - East","Melbourne - Inner",2024,19428
"745","206041510","West Melbourne - Residential","Melbourne - Inner",2001,2413
"746","206041510","West Melbourne - Residential","Melbourne - Inner",2002,2503
"747","206041510","West Melbourne - Residential","Melbourne - Inner",2003,2570
"748","206041510","West Melbourne - Residential","Melbourne - Inner",2004,2748
"749","206041510","West Melbourne - Residential","Melbourne - Inner",2005,2903
"750","206041510","West Melbourne - Residential","Melbourne - Inner",2006,3072
"751","206041510","West Melbourne - Residential","Melbourne - Inner",2007,3216
"752","206041510","West Melbourne - Residential","Melbourne - Inner",2008,3419
"753","206041510","West Melbourne - Residential","Melbourne - Inner",2009,3587
"754","206041510","West Melbourne - Residential","Melbourne - Inner",2010,3678
"755","206041510","West Melbourne - Residential","Melbourne - Inner",2011,3732
"756","206041510","West Melbourne - Residential","Melbourne - Inner",2012,4091
"757","206041510","West Melbourne - Residential","Melbourne - Inner",2013,4461
"758","206041510","West Melbourne - Residential","Melbourne - Inner",2014,4835
"759","206041510","West Melbourne - Residential","Melbourne - Inner",2015,5223
"760","206041510","West Melbourne - Residential","Melbourne - Inner",2016,5642
"761","206041510","West Melbourne - Residential","Melbourne - Inner",2017,6084
"762","206041510","West Melbourne - Residential","Melbourne - Inner",2018,6598
"763","206041510","West Melbourne - Residential","Melbourne - Inner",2019,7091
"764","206041510","West Melbourne - Residential","Melbourne - Inner",2020,7567
"765","206041510","West Melbourne - Residential","Melbourne - Inner",2021,7614
"766","206041510","West Melbourne - Residential","Melbourne - Inner",2022,8026
"767","206041510","West Melbourne - Residential","Melbourne - Inner",2023,8734
"768","206041510","West Melbourne - Residential","Melbourne - Inner",2024,9301
"769","206051128","Albert Park","Melbourne - Inner",2001,12368
"770","206051128","Albert Park","Melbourne - Inner",2002,12595
"771","206051128","Albert Park","Melbourne - Inner",2003,12800
"772","206051128","Albert Park","Melbourne - Inner",2004,12997
"773","206051128","Albert Park","Melbourne - Inner",2005,13269
"774","206051128","Albert Park","Melbourne - Inner",2006,13550
"775","206051128","Albert Park","Melbourne - Inner",2007,13731
"776","206051128","Albert Park","Melbourne - Inner",2008,13928
"777","206051128","Albert Park","Melbourne - Inner",2009,14245
"778","206051128","Albert Park","Melbourne - Inner",2010,14595
"779","206051128","Albert Park","Melbourne - Inner",2011,15009
"780","206051128","Albert Park","Melbourne - Inner",2012,15142
"781","206051128","Albert Park","Melbourne - Inner",2013,15282
"782","206051128","Albert Park","Melbourne - Inner",2014,15592
"783","206051128","Albert Park","Melbourne - Inner",2015,16053
"784","206051128","Albert Park","Melbourne - Inner",2016,16490
"785","206051128","Albert Park","Melbourne - Inner",2017,16500
"786","206051128","Albert Park","Melbourne - Inner",2018,16728
"787","206051128","Albert Park","Melbourne - Inner",2019,17081
"788","206051128","Albert Park","Melbourne - Inner",2020,16955
"789","206051128","Albert Park","Melbourne - Inner",2021,16011
"790","206051128","Albert Park","Melbourne - Inner",2022,16177
"791","206051128","Albert Park","Melbourne - Inner",2023,16875
"792","206051128","Albert Park","Melbourne - Inner",2024,17184
"793","206051129","Elwood","Melbourne - Inner",2001,13342
"794","206051129","Elwood","Melbourne - Inner",2002,13500
"795","206051129","Elwood","Melbourne - Inner",2003,13683
"796","206051129","Elwood","Melbourne - Inner",2004,13934
"797","206051129","Elwood","Melbourne - Inner",2005,14216
"798","206051129","Elwood","Melbourne - Inner",2006,14477
"799","206051129","Elwood","Melbourne - Inner",2007,14790
"800","206051129","Elwood","Melbourne - Inner",2008,15076
"801","206051129","Elwood","Melbourne - Inner",2009,15425
"802","206051129","Elwood","Melbourne - Inner",2010,15552
"803","206051129","Elwood","Melbourne - Inner",2011,15666
"804","206051129","Elwood","Melbourne - Inner",2012,15807
"805","206051129","Elwood","Melbourne - Inner",2013,15910
"806","206051129","Elwood","Melbourne - Inner",2014,16063
"807","206051129","Elwood","Melbourne - Inner",2015,16145
"808","206051129","Elwood","Melbourne - Inner",2016,16382
"809","206051129","Elwood","Melbourne - Inner",2017,16388
"810","206051129","Elwood","Melbourne - Inner",2018,16268
"811","206051129","Elwood","Melbourne - Inner",2019,16202
"812","206051129","Elwood","Melbourne - Inner",2020,15925
"813","206051129","Elwood","Melbourne - Inner",2021,15032
"814","206051129","Elwood","Melbourne - Inner",2022,14888
"815","206051129","Elwood","Melbourne - Inner",2023,15466
"816","206051129","Elwood","Melbourne - Inner",2024,15961
"817","206051130","Port Melbourne","Melbourne - Inner",2001,10903
"818","206051130","Port Melbourne","Melbourne - Inner",2002,11794
"819","206051130","Port Melbourne","Melbourne - Inner",2003,12515
"820","206051130","Port Melbourne","Melbourne - Inner",2004,13037
"821","206051130","Port Melbourne","Melbourne - Inner",2005,13543
"822","206051130","Port Melbourne","Melbourne - Inner",2006,14049
"823","206051130","Port Melbourne","Melbourne - Inner",2007,14577
"824","206051130","Port Melbourne","Melbourne - Inner",2008,14958
"825","206051130","Port Melbourne","Melbourne - Inner",2009,15315
"826","206051130","Port Melbourne","Melbourne - Inner",2010,15363
"827","206051130","Port Melbourne","Melbourne - Inner",2011,15413
"828","206051130","Port Melbourne","Melbourne - Inner",2012,15964
"829","206051130","Port Melbourne","Melbourne - Inner",2013,16498
"830","206051130","Port Melbourne","Melbourne - Inner",2014,16915
"831","206051130","Port Melbourne","Melbourne - Inner",2015,17254
"832","206051130","Port Melbourne","Melbourne - Inner",2016,17469
"833","206051130","Port Melbourne","Melbourne - Inner",2017,17494
"834","206051130","Port Melbourne","Melbourne - Inner",2018,17354
"835","206051130","Port Melbourne","Melbourne - Inner",2019,17310
"836","206051130","Port Melbourne","Melbourne - Inner",2020,16998
"837","206051130","Port Melbourne","Melbourne - Inner",2021,16366
"838","206051130","Port Melbourne","Melbourne - Inner",2022,16390
"839","206051130","Port Melbourne","Melbourne - Inner",2023,16788
"840","206051130","Port Melbourne","Melbourne - Inner",2024,16884
"841","206051134","St Kilda East","Melbourne - Inner",2001,15095
"842","206051134","St Kilda East","Melbourne - Inner",2002,15348
"843","206051134","St Kilda East","Melbourne - Inner",2003,15462
"844","206051134","St Kilda East","Melbourne - Inner",2004,15604
"845","206051134","St Kilda East","Melbourne - Inner",2005,15725
"846","206051134","St Kilda East","Melbourne - Inner",2006,15847
"847","206051134","St Kilda East","Melbourne - Inner",2007,15948
"848","206051134","St Kilda East","Melbourne - Inner",2008,16157
"849","206051134","St Kilda East","Melbourne - Inner",2009,16480
"850","206051134","St Kilda East","Melbourne - Inner",2010,16653
"851","206051134","St Kilda East","Melbourne - Inner",2011,16686
"852","206051134","St Kilda East","Melbourne - Inner",2012,16755
"853","206051134","St Kilda East","Melbourne - Inner",2013,16912
"854","206051134","St Kilda East","Melbourne - Inner",2014,17139
"855","206051134","St Kilda East","Melbourne - Inner",2015,17315
"856","206051134","St Kilda East","Melbourne - Inner",2016,17613
"857","206051134","St Kilda East","Melbourne - Inner",2017,17568
"858","206051134","St Kilda East","Melbourne - Inner",2018,17655
"859","206051134","St Kilda East","Melbourne - Inner",2019,17715
"860","206051134","St Kilda East","Melbourne - Inner",2020,17259
"861","206051134","St Kilda East","Melbourne - Inner",2021,16073
"862","206051134","St Kilda East","Melbourne - Inner",2022,16005
"863","206051134","St Kilda East","Melbourne - Inner",2023,16768
"864","206051134","St Kilda East","Melbourne - Inner",2024,17332
"865","206051511","Port Melbourne Industrial","Melbourne - Inner",2001,40
"866","206051511","Port Melbourne Industrial","Melbourne - Inner",2002,40
"867","206051511","Port Melbourne Industrial","Melbourne - Inner",2003,44
"868","206051511","Port Melbourne Industrial","Melbourne - Inner",2004,43
"869","206051511","Port Melbourne Industrial","Melbourne - Inner",2005,43
"870","206051511","Port Melbourne Industrial","Melbourne - Inner",2006,43
"871","206051511","Port Melbourne Industrial","Melbourne - Inner",2007,48
"872","206051511","Port Melbourne Industrial","Melbourne - Inner",2008,52
"873","206051511","Port Melbourne Industrial","Melbourne - Inner",2009,59
"874","206051511","Port Melbourne Industrial","Melbourne - Inner",2010,65
"875","206051511","Port Melbourne Industrial","Melbourne - Inner",2011,71
"876","206051511","Port Melbourne Industrial","Melbourne - Inner",2012,79
"877","206051511","Port Melbourne Industrial","Melbourne - Inner",2013,88
"878","206051511","Port Melbourne Industrial","Melbourne - Inner",2014,92
"879","206051511","Port Melbourne Industrial","Melbourne - Inner",2015,99
"880","206051511","Port Melbourne Industrial","Melbourne - Inner",2016,110
"881","206051511","Port Melbourne Industrial","Melbourne - Inner",2017,375
"882","206051511","Port Melbourne Industrial","Melbourne - Inner",2018,785
"883","206051511","Port Melbourne Industrial","Melbourne - Inner",2019,1283
"884","206051511","Port Melbourne Industrial","Melbourne - Inner",2020,1709
"885","206051511","Port Melbourne Industrial","Melbourne - Inner",2021,1944
"886","206051511","Port Melbourne Industrial","Melbourne - Inner",2022,2229
"887","206051511","Port Melbourne Industrial","Melbourne - Inner",2023,2494
"888","206051511","Port Melbourne Industrial","Melbourne - Inner",2024,2611
"889","206051512","South Melbourne","Melbourne - Inner",2001,8498
"890","206051512","South Melbourne","Melbourne - Inner",2002,8740
"891","206051512","South Melbourne","Melbourne - Inner",2003,8986
"892","206051512","South Melbourne","Melbourne - Inner",2004,9341
"893","206051512","South Melbourne","Melbourne - Inner",2005,9498
"894","206051512","South Melbourne","Melbourne - Inner",2006,9685
"895","206051512","South Melbourne","Melbourne - Inner",2007,9925
"896","206051512","South Melbourne","Melbourne - Inner",2008,10085
"897","206051512","South Melbourne","Melbourne - Inner",2009,10297
"898","206051512","South Melbourne","Melbourne - Inner",2010,10349
"899","206051512","South Melbourne","Melbourne - Inner",2011,10340
"900","206051512","South Melbourne","Melbourne - Inner",2012,10927
"901","206051512","South Melbourne","Melbourne - Inner",2013,11452
"902","206051512","South Melbourne","Melbourne - Inner",2014,11901
"903","206051512","South Melbourne","Melbourne - Inner",2015,12177
"904","206051512","South Melbourne","Melbourne - Inner",2016,12407
"905","206051512","South Melbourne","Melbourne - Inner",2017,12512
"906","206051512","South Melbourne","Melbourne - Inner",2018,12716
"907","206051512","South Melbourne","Melbourne - Inner",2019,12764
"908","206051512","South Melbourne","Melbourne - Inner",2020,12721
"909","206051512","South Melbourne","Melbourne - Inner",2021,11856
"910","206051512","South Melbourne","Melbourne - Inner",2022,11884
"911","206051512","South Melbourne","Melbourne - Inner",2023,12520
"912","206051512","South Melbourne","Melbourne - Inner",2024,12916
"913","206051513","St Kilda - Central","Melbourne - Inner",2001,8558
"914","206051513","St Kilda - Central","Melbourne - Inner",2002,8675
"915","206051513","St Kilda - Central","Melbourne - Inner",2003,8836
"916","206051513","St Kilda - Central","Melbourne - Inner",2004,8965
"917","206051513","St Kilda - Central","Melbourne - Inner",2005,9145
"918","206051513","St Kilda - Central","Melbourne - Inner",2006,9340
"919","206051513","St Kilda - Central","Melbourne - Inner",2007,9650
"920","206051513","St Kilda - Central","Melbourne - Inner",2008,9924
"921","206051513","St Kilda - Central","Melbourne - Inner",2009,10268
"922","206051513","St Kilda - Central","Melbourne - Inner",2010,10494
"923","206051513","St Kilda - Central","Melbourne - Inner",2011,10751
"924","206051513","St Kilda - Central","Melbourne - Inner",2012,11323
"925","206051513","St Kilda - Central","Melbourne - Inner",2013,11798
"926","206051513","St Kilda - Central","Melbourne - Inner",2014,12234
"927","206051513","St Kilda - Central","Melbourne - Inner",2015,12561
"928","206051513","St Kilda - Central","Melbourne - Inner",2016,13014
"929","206051513","St Kilda - Central","Melbourne - Inner",2017,13315
"930","206051513","St Kilda - Central","Melbourne - Inner",2018,13589
"931","206051513","St Kilda - Central","Melbourne - Inner",2019,13676
"932","206051513","St Kilda - Central","Melbourne - Inner",2020,13380
"933","206051513","St Kilda - Central","Melbourne - Inner",2021,12086
"934","206051513","St Kilda - Central","Melbourne - Inner",2022,12256
"935","206051513","St Kilda - Central","Melbourne - Inner",2023,13194
"936","206051513","St Kilda - Central","Melbourne - Inner",2024,13725
"937","206051514","St Kilda - West","Melbourne - Inner",2001,11250
"938","206051514","St Kilda - West","Melbourne - Inner",2002,11528
"939","206051514","St Kilda - West","Melbourne - Inner",2003,11844
"940","206051514","St Kilda - West","Melbourne - Inner",2004,12096
"941","206051514","St Kilda - West","Melbourne - Inner",2005,12392
"942","206051514","St Kilda - West","Melbourne - Inner",2006,12650
"943","206051514","St Kilda - West","Melbourne - Inner",2007,12821
"944","206051514","St Kilda - West","Melbourne - Inner",2008,12994
"945","206051514","St Kilda - West","Melbourne - Inner",2009,13183
"946","206051514","St Kilda - West","Melbourne - Inner",2010,13304
"947","206051514","St Kilda - West","Melbourne - Inner",2011,13340
"948","206051514","St Kilda - West","Melbourne - Inner",2012,13910
"949","206051514","St Kilda - West","Melbourne - Inner",2013,14229
"950","206051514","St Kilda - West","Melbourne - Inner",2014,14526
"951","206051514","St Kilda - West","Melbourne - Inner",2015,14788
"952","206051514","St Kilda - West","Melbourne - Inner",2016,15152
"953","206051514","St Kilda - West","Melbourne - Inner",2017,15378
"954","206051514","St Kilda - West","Melbourne - Inner",2018,15650
"955","206051514","St Kilda - West","Melbourne - Inner",2019,15767
"956","206051514","St Kilda - West","Melbourne - Inner",2020,15648
"957","206051514","St Kilda - West","Melbourne - Inner",2021,14090
"958","206051514","St Kilda - West","Melbourne - Inner",2022,14282
"959","206051514","St Kilda - West","Melbourne - Inner",2023,15496
"960","206051514","St Kilda - West","Melbourne - Inner",2024,16059
"961","206061135","Armadale","Melbourne - Inner",2001,8632
"962","206061135","Armadale","Melbourne - Inner",2002,8683
"963","206061135","Armadale","Melbourne - Inner",2003,8724
"964","206061135","Armadale","Melbourne - Inner",2004,8770
"965","206061135","Armadale","Melbourne - Inner",2005,8783
"966","206061135","Armadale","Melbourne - Inner",2006,8863
"967","206061135","Armadale","Melbourne - Inner",2007,8990
"968","206061135","Armadale","Melbourne - Inner",2008,9148
"969","206061135","Armadale","Melbourne - Inner",2009,9260
"970","206061135","Armadale","Melbourne - Inner",2010,9318
"971","206061135","Armadale","Melbourne - Inner",2011,9301
"972","206061135","Armadale","Melbourne - Inner",2012,9308
"973","206061135","Armadale","Melbourne - Inner",2013,9338
"974","206061135","Armadale","Melbourne - Inner",2014,9387
"975","206061135","Armadale","Melbourne - Inner",2015,9485
"976","206061135","Armadale","Melbourne - Inner",2016,9619
"977","206061135","Armadale","Melbourne - Inner",2017,9635
"978","206061135","Armadale","Melbourne - Inner",2018,9906
"979","206061135","Armadale","Melbourne - Inner",2019,10044
"980","206061135","Armadale","Melbourne - Inner",2020,10075
"981","206061135","Armadale","Melbourne - Inner",2021,9433
"982","206061135","Armadale","Melbourne - Inner",2022,9376
"983","206061135","Armadale","Melbourne - Inner",2023,9774
"984","206061135","Armadale","Melbourne - Inner",2024,9997
"985","206061136","Prahran - Windsor","Melbourne - Inner",2001,16588
"986","206061136","Prahran - Windsor","Melbourne - Inner",2002,16724
"987","206061136","Prahran - Windsor","Melbourne - Inner",2003,16820
"988","206061136","Prahran - Windsor","Melbourne - Inner",2004,17117
"989","206061136","Prahran - Windsor","Melbourne - Inner",2005,17358
"990","206061136","Prahran - Windsor","Melbourne - Inner",2006,17594
"991","206061136","Prahran - Windsor","Melbourne - Inner",2007,17921
"992","206061136","Prahran - Windsor","Melbourne - Inner",2008,18299
"993","206061136","Prahran - Windsor","Melbourne - Inner",2009,18583
"994","206061136","Prahran - Windsor","Melbourne - Inner",2010,18695
"995","206061136","Prahran - Windsor","Melbourne - Inner",2011,18738
"996","206061136","Prahran - Windsor","Melbourne - Inner",2012,19401
"997","206061136","Prahran - Windsor","Melbourne - Inner",2013,19977
"998","206061136","Prahran - Windsor","Melbourne - Inner",2014,20481
"999","206061136","Prahran - Windsor","Melbourne - Inner",2015,20834
"1000","206061136","Prahran - Windsor","Melbourne - Inner",2016,21275
"1001","206061136","Prahran - Windsor","Melbourne - Inner",2017,21371
"1002","206061136","Prahran - Windsor","Melbourne - Inner",2018,21286
"1003","206061136","Prahran - Windsor","Melbourne - Inner",2019,21092
"1004","206061136","Prahran - Windsor","Melbourne - Inner",2020,20847
"1005","206061136","Prahran - Windsor","Melbourne - Inner",2021,19444
"1006","206061136","Prahran - Windsor","Melbourne - Inner",2022,19291
"1007","206061136","Prahran - Windsor","Melbourne - Inner",2023,20282
"1008","206061136","Prahran - Windsor","Melbourne - Inner",2024,20928
"1009","206061138","Toorak","Melbourne - Inner",2001,13318
"1010","206061138","Toorak","Melbourne - Inner",2002,13367
"1011","206061138","Toorak","Melbourne - Inner",2003,13455
"1012","206061138","Toorak","Melbourne - Inner",2004,13563
"1013","206061138","Toorak","Melbourne - Inner",2005,13672
"1014","206061138","Toorak","Melbourne - Inner",2006,13765
"1015","206061138","Toorak","Melbourne - Inner",2007,13861
"1016","206061138","Toorak","Melbourne - Inner",2008,13956
"1017","206061138","Toorak","Melbourne - Inner",2009,13979
"1018","206061138","Toorak","Melbourne - Inner",2010,13939
"1019","206061138","Toorak","Melbourne - Inner",2011,13768
"1020","206061138","Toorak","Melbourne - Inner",2012,13795
"1021","206061138","Toorak","Melbourne - Inner",2013,13841
"1022","206061138","Toorak","Melbourne - Inner",2014,13878
"1023","206061138","Toorak","Melbourne - Inner",2015,13939
"1024","206061138","Toorak","Melbourne - Inner",2016,14036
"1025","206061138","Toorak","Melbourne - Inner",2017,13964
"1026","206061138","Toorak","Melbourne - Inner",2018,13957
"1027","206061138","Toorak","Melbourne - Inner",2019,13916
"1028","206061138","Toorak","Melbourne - Inner",2020,13644
"1029","206061138","Toorak","Melbourne - Inner",2021,13096
"1030","206061138","Toorak","Melbourne - Inner",2022,13127
"1031","206061138","Toorak","Melbourne - Inner",2023,13344
"1032","206061138","Toorak","Melbourne - Inner",2024,13504
"1033","206061515","South Yarra - North","Melbourne - Inner",2001,4941
"1034","206061515","South Yarra - North","Melbourne - Inner",2002,5373
"1035","206061515","South Yarra - North","Melbourne - Inner",2003,5520
"1036","206061515","South Yarra - North","Melbourne - Inner",2004,5638
"1037","206061515","South Yarra - North","Melbourne - Inner",2005,5821
"1038","206061515","South Yarra - North","Melbourne - Inner",2006,5998
"1039","206061515","South Yarra - North","Melbourne - Inner",2007,6076
"1040","206061515","South Yarra - North","Melbourne - Inner",2008,6143
"1041","206061515","South Yarra - North","Melbourne - Inner",2009,6309
"1042","206061515","South Yarra - North","Melbourne - Inner",2010,6306
"1043","206061515","South Yarra - North","Melbourne - Inner",2011,6320
"1044","206061515","South Yarra - North","Melbourne - Inner",2012,7357
"1045","206061515","South Yarra - North","Melbourne - Inner",2013,8102
"1046","206061515","South Yarra - North","Melbourne - Inner",2014,9102
"1047","206061515","South Yarra - North","Melbourne - Inner",2015,9996
"1048","206061515","South Yarra - North","Melbourne - Inner",2016,11142
"1049","206061515","South Yarra - North","Melbourne - Inner",2017,11635
"1050","206061515","South Yarra - North","Melbourne - Inner",2018,12067
"1051","206061515","South Yarra - North","Melbourne - Inner",2019,12252
"1052","206061515","South Yarra - North","Melbourne - Inner",2020,12223
"1053","206061515","South Yarra - North","Melbourne - Inner",2021,11449
"1054","206061515","South Yarra - North","Melbourne - Inner",2022,11798
"1055","206061515","South Yarra - North","Melbourne - Inner",2023,12960
"1056","206061515","South Yarra - North","Melbourne - Inner",2024,13633
"1057","206061516","South Yarra - South","Melbourne - Inner",2001,7981
"1058","206061516","South Yarra - South","Melbourne - Inner",2002,8068
"1059","206061516","South Yarra - South","Melbourne - Inner",2003,8106
"1060","206061516","South Yarra - South","Melbourne - Inner",2004,8193
"1061","206061516","South Yarra - South","Melbourne - Inner",2005,8289
"1062","206061516","South Yarra - South","Melbourne - Inner",2006,8408
"1063","206061516","South Yarra - South","Melbourne - Inner",2007,8496
"1064","206061516","South Yarra - South","Melbourne - Inner",2008,8717
"1065","206061516","South Yarra - South","Melbourne - Inner",2009,8983
"1066","206061516","South Yarra - South","Melbourne - Inner",2010,9260
"1067","206061516","South Yarra - South","Melbourne - Inner",2011,9458
"1068","206061516","South Yarra - South","Melbourne - Inner",2012,9759
"1069","206061516","South Yarra - South","Melbourne - Inner",2013,9960
"1070","206061516","South Yarra - South","Melbourne - Inner",2014,10280
"1071","206061516","South Yarra - South","Melbourne - Inner",2015,10591
"1072","206061516","South Yarra - South","Melbourne - Inner",2016,11208
"1073","206061516","South Yarra - South","Melbourne - Inner",2017,11515
"1074","206061516","South Yarra - South","Melbourne - Inner",2018,11763
"1075","206061516","South Yarra - South","Melbourne - Inner",2019,11805
"1076","206061516","South Yarra - South","Melbourne - Inner",2020,11285
"1077","206061516","South Yarra - South","Melbourne - Inner",2021,10097
"1078","206061516","South Yarra - South","Melbourne - Inner",2022,9958
"1079","206061516","South Yarra - South","Melbourne - Inner",2023,10517
"1080","206061516","South Yarra - South","Melbourne - Inner",2024,10558
"1081","206071139","Abbotsford","Melbourne - Inner",2001,4150
"1082","206071139","Abbotsford","Melbourne - Inner",2002,4339
"1083","206071139","Abbotsford","Melbourne - Inner",2003,4444
"1084","206071139","Abbotsford","Melbourne - Inner",2004,4452
"1085","206071139","Abbotsford","Melbourne - Inner",2005,4498
"1086","206071139","Abbotsford","Melbourne - Inner",2006,4537
"1087","206071139","Abbotsford","Melbourne - Inner",2007,4638
"1088","206071139","Abbotsford","Melbourne - Inner",2008,4727
"1089","206071139","Abbotsford","Melbourne - Inner",2009,4833
"1090","206071139","Abbotsford","Melbourne - Inner",2010,5029
"1091","206071139","Abbotsford","Melbourne - Inner",2011,5213
"1092","206071139","Abbotsford","Melbourne - Inner",2012,5544
"1093","206071139","Abbotsford","Melbourne - Inner",2013,6539
"1094","206071139","Abbotsford","Melbourne - Inner",2014,7411
"1095","206071139","Abbotsford","Melbourne - Inner",2015,8078
"1096","206071139","Abbotsford","Melbourne - Inner",2016,8770
"1097","206071139","Abbotsford","Melbourne - Inner",2017,9291
"1098","206071139","Abbotsford","Melbourne - Inner",2018,9527
"1099","206071139","Abbotsford","Melbourne - Inner",2019,9594
"1100","206071139","Abbotsford","Melbourne - Inner",2020,9672
"1101","206071139","Abbotsford","Melbourne - Inner",2021,9258
"1102","206071139","Abbotsford","Melbourne - Inner",2022,9513
"1103","206071139","Abbotsford","Melbourne - Inner",2023,10017
"1104","206071139","Abbotsford","Melbourne - Inner",2024,10294
"1105","206071140","Carlton North - Princes Hill","Melbourne - Inner",2001,8433
"1106","206071140","Carlton North - Princes Hill","Melbourne - Inner",2002,8450
"1107","206071140","Carlton North - Princes Hill","Melbourne - Inner",2003,8457
"1108","206071140","Carlton North - Princes Hill","Melbourne - Inner",2004,8484
"1109","206071140","Carlton North - Princes Hill","Melbourne - Inner",2005,8525
"1110","206071140","Carlton North - Princes Hill","Melbourne - Inner",2006,8586
"1111","206071140","Carlton North - Princes Hill","Melbourne - Inner",2007,8692
"1112","206071140","Carlton North - Princes Hill","Melbourne - Inner",2008,8747
"1113","206071140","Carlton North - Princes Hill","Melbourne - Inner",2009,8761
"1114","206071140","Carlton North - Princes Hill","Melbourne - Inner",2010,8801
"1115","206071140","Carlton North - Princes Hill","Melbourne - Inner",2011,8786
"1116","206071140","Carlton North - Princes Hill","Melbourne - Inner",2012,8800
"1117","206071140","Carlton North - Princes Hill","Melbourne - Inner",2013,8835
"1118","206071140","Carlton North - Princes Hill","Melbourne - Inner",2014,8893
"1119","206071140","Carlton North - Princes Hill","Melbourne - Inner",2015,8964
"1120","206071140","Carlton North - Princes Hill","Melbourne - Inner",2016,9058
"1121","206071140","Carlton North - Princes Hill","Melbourne - Inner",2017,9026
"1122","206071140","Carlton North - Princes Hill","Melbourne - Inner",2018,9025
"1123","206071140","Carlton North - Princes Hill","Melbourne - Inner",2019,8994
"1124","206071140","Carlton North - Princes Hill","Melbourne - Inner",2020,8899
"1125","206071140","Carlton North - Princes Hill","Melbourne - Inner",2021,8290
"1126","206071140","Carlton North - Princes Hill","Melbourne - Inner",2022,8158
"1127","206071140","Carlton North - Princes Hill","Melbourne - Inner",2023,8537
"1128","206071140","Carlton North - Princes Hill","Melbourne - Inner",2024,8747
"1129","206071141","Collingwood","Melbourne - Inner",2001,5221
"1130","206071141","Collingwood","Melbourne - Inner",2002,5419
"1131","206071141","Collingwood","Melbourne - Inner",2003,5537
"1132","206071141","Collingwood","Melbourne - Inner",2004,5602
"1133","206071141","Collingwood","Melbourne - Inner",2005,5653
"1134","206071141","Collingwood","Melbourne - Inner",2006,5761
"1135","206071141","Collingwood","Melbourne - Inner",2007,5939
"1136","206071141","Collingwood","Melbourne - Inner",2008,6185
"1137","206071141","Collingwood","Melbourne - Inner",2009,6454
"1138","206071141","Collingwood","Melbourne - Inner",2010,6684
"1139","206071141","Collingwood","Melbourne - Inner",2011,6867
"1140","206071141","Collingwood","Melbourne - Inner",2012,7209
"1141","206071141","Collingwood","Melbourne - Inner",2013,7427
"1142","206071141","Collingwood","Melbourne - Inner",2014,8022
"1143","206071141","Collingwood","Melbourne - Inner",2015,8582
"1144","206071141","Collingwood","Melbourne - Inner",2016,9235
"1145","206071141","Collingwood","Melbourne - Inner",2017,9444
"1146","206071141","Collingwood","Melbourne - Inner",2018,9605
"1147","206071141","Collingwood","Melbourne - Inner",2019,9829
"1148","206071141","Collingwood","Melbourne - Inner",2020,9969
"1149","206071141","Collingwood","Melbourne - Inner",2021,9351
"1150","206071141","Collingwood","Melbourne - Inner",2022,9679
"1151","206071141","Collingwood","Melbourne - Inner",2023,10491
"1152","206071141","Collingwood","Melbourne - Inner",2024,11145
"1153","206071142","Fitzroy","Melbourne - Inner",2001,8315
"1154","206071142","Fitzroy","Melbourne - Inner",2002,8503
"1155","206071142","Fitzroy","Melbourne - Inner",2003,8641
"1156","206071142","Fitzroy","Melbourne - Inner",2004,8772
"1157","206071142","Fitzroy","Melbourne - Inner",2005,8961
"1158","206071142","Fitzroy","Melbourne - Inner",2006,9241
"1159","206071142","Fitzroy","Melbourne - Inner",2007,9596
"1160","206071142","Fitzroy","Melbourne - Inner",2008,9857
"1161","206071142","Fitzroy","Melbourne - Inner",2009,10050
"1162","206071142","Fitzroy","Melbourne - Inner",2010,10238
"1163","206071142","Fitzroy","Melbourne - Inner",2011,10214
"1164","206071142","Fitzroy","Melbourne - Inner",2012,10507
"1165","206071142","Fitzroy","Melbourne - Inner",2013,10705
"1166","206071142","Fitzroy","Melbourne - Inner",2014,10880
"1167","206071142","Fitzroy","Melbourne - Inner",2015,11056
"1168","206071142","Fitzroy","Melbourne - Inner",2016,11259
"1169","206071142","Fitzroy","Melbourne - Inner",2017,11330
"1170","206071142","Fitzroy","Melbourne - Inner",2018,11373
"1171","206071142","Fitzroy","Melbourne - Inner",2019,11373
"1172","206071142","Fitzroy","Melbourne - Inner",2020,11299
"1173","206071142","Fitzroy","Melbourne - Inner",2021,10608
"1174","206071142","Fitzroy","Melbourne - Inner",2022,10812
"1175","206071142","Fitzroy","Melbourne - Inner",2023,11489
"1176","206071142","Fitzroy","Melbourne - Inner",2024,11984
"1177","206071143","Fitzroy North","Melbourne - Inner",2001,11130
"1178","206071143","Fitzroy North","Melbourne - Inner",2002,11162
"1179","206071143","Fitzroy North","Melbourne - Inner",2003,11202
"1180","206071143","Fitzroy North","Melbourne - Inner",2004,11275
"1181","206071143","Fitzroy North","Melbourne - Inner",2005,11486
"1182","206071143","Fitzroy North","Melbourne - Inner",2006,11606
"1183","206071143","Fitzroy North","Melbourne - Inner",2007,11725
"1184","206071143","Fitzroy North","Melbourne - Inner",2008,11937
"1185","206071143","Fitzroy North","Melbourne - Inner",2009,12104
"1186","206071143","Fitzroy North","Melbourne - Inner",2010,12163
"1187","206071143","Fitzroy North","Melbourne - Inner",2011,12143
"1188","206071143","Fitzroy North","Melbourne - Inner",2012,12312
"1189","206071143","Fitzroy North","Melbourne - Inner",2013,12446
"1190","206071143","Fitzroy North","Melbourne - Inner",2014,12658
"1191","206071143","Fitzroy North","Melbourne - Inner",2015,12901
"1192","206071143","Fitzroy North","Melbourne - Inner",2016,13129
"1193","206071143","Fitzroy North","Melbourne - Inner",2017,13253
"1194","206071143","Fitzroy North","Melbourne - Inner",2018,13336
"1195","206071143","Fitzroy North","Melbourne - Inner",2019,13529
"1196","206071143","Fitzroy North","Melbourne - Inner",2020,13659
"1197","206071143","Fitzroy North","Melbourne - Inner",2021,12945
"1198","206071143","Fitzroy North","Melbourne - Inner",2022,12973
"1199","206071143","Fitzroy North","Melbourne - Inner",2023,13391
"1200","206071143","Fitzroy North","Melbourne - Inner",2024,13722
"1201","206071145","Clifton Hill - Alphington","Melbourne - Inner",2001,7673
"1202","206071145","Clifton Hill - Alphington","Melbourne - Inner",2002,7687
"1203","206071145","Clifton Hill - Alphington","Melbourne - Inner",2003,7739
"1204","206071145","Clifton Hill - Alphington","Melbourne - Inner",2004,7833
"1205","206071145","Clifton Hill - Alphington","Melbourne - Inner",2005,7909
"1206","206071145","Clifton Hill - Alphington","Melbourne - Inner",2006,8034
"1207","206071145","Clifton Hill - Alphington","Melbourne - Inner",2007,8225
"1208","206071145","Clifton Hill - Alphington","Melbourne - Inner",2008,8372
"1209","206071145","Clifton Hill - Alphington","Melbourne - Inner",2009,8519
"1210","206071145","Clifton Hill - Alphington","Melbourne - Inner",2010,8595
"1211","206071145","Clifton Hill - Alphington","Melbourne - Inner",2011,8621
"1212","206071145","Clifton Hill - Alphington","Melbourne - Inner",2012,8814
"1213","206071145","Clifton Hill - Alphington","Melbourne - Inner",2013,9001
"1214","206071145","Clifton Hill - Alphington","Melbourne - Inner",2014,9237
"1215","206071145","Clifton Hill - Alphington","Melbourne - Inner",2015,9449
"1216","206071145","Clifton Hill - Alphington","Melbourne - Inner",2016,9606
"1217","206071145","Clifton Hill - Alphington","Melbourne - Inner",2017,9679
"1218","206071145","Clifton Hill - Alphington","Melbourne - Inner",2018,9768
"1219","206071145","Clifton Hill - Alphington","Melbourne - Inner",2019,9993
"1220","206071145","Clifton Hill - Alphington","Melbourne - Inner",2020,10163
"1221","206071145","Clifton Hill - Alphington","Melbourne - Inner",2021,9978
"1222","206071145","Clifton Hill - Alphington","Melbourne - Inner",2022,10280
"1223","206071145","Clifton Hill - Alphington","Melbourne - Inner",2023,10977
"1224","206071145","Clifton Hill - Alphington","Melbourne - Inner",2024,11292
"1225","206071517","Richmond (South) - Cremorne","Melbourne - Inner",2001,14216
"1226","206071517","Richmond (South) - Cremorne","Melbourne - Inner",2002,14405
"1227","206071517","Richmond (South) - Cremorne","Melbourne - Inner",2003,14596
"1228","206071517","Richmond (South) - Cremorne","Melbourne - Inner",2004,14729
"1229","206071517","Richmond (South) - Cremorne","Melbourne - Inner",2005,14883
"1230","206071517","Richmond (South) - Cremorne","Melbourne - Inner",2006,15100
"1231","206071517","Richmond (South) - Cremorne","Melbourne - Inner",2007,15256
"1232","206071517","Richmond (South) - Cremorne","Melbourne - Inner",2008,15529
"1233","206071517","Richmond (South) - Cremorne","Melbourne - Inner",2009,15919
"1234","206071517","Richmond (South) - Cremorne","Melbourne - Inner",2010,16074
"1235","206071517","Richmond (South) - Cremorne","Melbourne - Inner",2011,16189
"1236","206071517","Richmond (South) - Cremorne","Melbourne - Inner",2012,16672
"1237","206071517","Richmond (South) - Cremorne","Melbourne - Inner",2013,17106
"1238","206071517","Richmond (South) - Cremorne","Melbourne - Inner",2014,17621
"1239","206071517","Richmond (South) - Cremorne","Melbourne - Inner",2015,17971
"1240","206071517","Richmond (South) - Cremorne","Melbourne - Inner",2016,18420
"1241","206071517","Richmond (South) - Cremorne","Melbourne - Inner",2017,18744
"1242","206071517","Richmond (South) - Cremorne","Melbourne - Inner",2018,18963
"1243","206071517","Richmond (South) - Cremorne","Melbourne - Inner",2019,19082
"1244","206071517","Richmond (South) - Cremorne","Melbourne - Inner",2020,18929
"1245","206071517","Richmond (South) - Cremorne","Melbourne - Inner",2021,17977
"1246","206071517","Richmond (South) - Cremorne","Melbourne - Inner",2022,17857
"1247","206071517","Richmond (South) - Cremorne","Melbourne - Inner",2023,18696
"1248","206071517","Richmond (South) - Cremorne","Melbourne - Inner",2024,19230
"1249","206071518","Richmond - North","Melbourne - Inner",2001,10156
"1250","206071518","Richmond - North","Melbourne - Inner",2002,10267
"1251","206071518","Richmond - North","Melbourne - Inner",2003,10340
"1252","206071518","Richmond - North","Melbourne - Inner",2004,10498
"1253","206071518","Richmond - North","Melbourne - Inner",2005,10627
"1254","206071518","Richmond - North","Melbourne - Inner",2006,10783
"1255","206071518","Richmond - North","Melbourne - Inner",2007,11057
"1256","206071518","Richmond - North","Melbourne - Inner",2008,11245
"1257","206071518","Richmond - North","Melbourne - Inner",2009,11393
"1258","206071518","Richmond - North","Melbourne - Inner",2010,11509
"1259","206071518","Richmond - North","Melbourne - Inner",2011,11652
"1260","206071518","Richmond - North","Melbourne - Inner",2012,12202
"1261","206071518","Richmond - North","Melbourne - Inner",2013,12710
"1262","206071518","Richmond - North","Melbourne - Inner",2014,13315
"1263","206071518","Richmond - North","Melbourne - Inner",2015,13751
"1264","206071518","Richmond - North","Melbourne - Inner",2016,14266
"1265","206071518","Richmond - North","Melbourne - Inner",2017,14546
"1266","206071518","Richmond - North","Melbourne - Inner",2018,14771
"1267","206071518","Richmond - North","Melbourne - Inner",2019,15077
"1268","206071518","Richmond - North","Melbourne - Inner",2020,15025
"1269","206071518","Richmond - North","Melbourne - Inner",2021,14074
"1270","206071518","Richmond - North","Melbourne - Inner",2022,14073
"1271","206071518","Richmond - North","Melbourne - Inner",2023,14891
"1272","206071518","Richmond - North","Melbourne - Inner",2024,15319
"1273","207011146","Ashburton (Vic.)","Melbourne - Inner East",2001,7022
"1274","207011146","Ashburton (Vic.)","Melbourne - Inner East",2002,7084
"1275","207011146","Ashburton (Vic.)","Melbourne - Inner East",2003,7138
"1276","207011146","Ashburton (Vic.)","Melbourne - Inner East",2004,7189
"1277","207011146","Ashburton (Vic.)","Melbourne - Inner East",2005,7266
"1278","207011146","Ashburton (Vic.)","Melbourne - Inner East",2006,7286
"1279","207011146","Ashburton (Vic.)","Melbourne - Inner East",2007,7477
"1280","207011146","Ashburton (Vic.)","Melbourne - Inner East",2008,7618
"1281","207011146","Ashburton (Vic.)","Melbourne - Inner East",2009,7733
"1282","207011146","Ashburton (Vic.)","Melbourne - Inner East",2010,7834
"1283","207011146","Ashburton (Vic.)","Melbourne - Inner East",2011,7875
"1284","207011146","Ashburton (Vic.)","Melbourne - Inner East",2012,7912
"1285","207011146","Ashburton (Vic.)","Melbourne - Inner East",2013,7948
"1286","207011146","Ashburton (Vic.)","Melbourne - Inner East",2014,7970
"1287","207011146","Ashburton (Vic.)","Melbourne - Inner East",2015,8018
"1288","207011146","Ashburton (Vic.)","Melbourne - Inner East",2016,8104
"1289","207011146","Ashburton (Vic.)","Melbourne - Inner East",2017,8178
"1290","207011146","Ashburton (Vic.)","Melbourne - Inner East",2018,8249
"1291","207011146","Ashburton (Vic.)","Melbourne - Inner East",2019,8298
"1292","207011146","Ashburton (Vic.)","Melbourne - Inner East",2020,8309
"1293","207011146","Ashburton (Vic.)","Melbourne - Inner East",2021,8021
"1294","207011146","Ashburton (Vic.)","Melbourne - Inner East",2022,7952
"1295","207011146","Ashburton (Vic.)","Melbourne - Inner East",2023,8163
"1296","207011146","Ashburton (Vic.)","Melbourne - Inner East",2024,8403
"1297","207011147","Balwyn","Melbourne - Inner East",2001,15317
"1298","207011147","Balwyn","Melbourne - Inner East",2002,15393
"1299","207011147","Balwyn","Melbourne - Inner East",2003,15462
"1300","207011147","Balwyn","Melbourne - Inner East",2004,15541
"1301","207011147","Balwyn","Melbourne - Inner East",2005,15694
"1302","207011147","Balwyn","Melbourne - Inner East",2006,15879
"1303","207011147","Balwyn","Melbourne - Inner East",2007,15988
"1304","207011147","Balwyn","Melbourne - Inner East",2008,16084
"1305","207011147","Balwyn","Melbourne - Inner East",2009,16187
"1306","207011147","Balwyn","Melbourne - Inner East",2010,16272
"1307","207011147","Balwyn","Melbourne - Inner East",2011,16314
"1308","207011147","Balwyn","Melbourne - Inner East",2012,16319
"1309","207011147","Balwyn","Melbourne - Inner East",2013,16382
"1310","207011147","Balwyn","Melbourne - Inner East",2014,16477
"1311","207011147","Balwyn","Melbourne - Inner East",2015,16573
"1312","207011147","Balwyn","Melbourne - Inner East",2016,16679
"1313","207011147","Balwyn","Melbourne - Inner East",2017,16920
"1314","207011147","Balwyn","Melbourne - Inner East",2018,17081
"1315","207011147","Balwyn","Melbourne - Inner East",2019,17156
"1316","207011147","Balwyn","Melbourne - Inner East",2020,17031
"1317","207011147","Balwyn","Melbourne - Inner East",2021,16323
"1318","207011147","Balwyn","Melbourne - Inner East",2022,16319
"1319","207011147","Balwyn","Melbourne - Inner East",2023,16736
"1320","207011147","Balwyn","Melbourne - Inner East",2024,16966
"1321","207011148","Balwyn North","Melbourne - Inner East",2001,19958
"1322","207011148","Balwyn North","Melbourne - Inner East",2002,20043
"1323","207011148","Balwyn North","Melbourne - Inner East",2003,20099
"1324","207011148","Balwyn North","Melbourne - Inner East",2004,20172
"1325","207011148","Balwyn North","Melbourne - Inner East",2005,20289
"1326","207011148","Balwyn North","Melbourne - Inner East",2006,20412
"1327","207011148","Balwyn North","Melbourne - Inner East",2007,20532
"1328","207011148","Balwyn North","Melbourne - Inner East",2008,20657
"1329","207011148","Balwyn North","Melbourne - Inner East",2009,20753
"1330","207011148","Balwyn North","Melbourne - Inner East",2010,20815
"1331","207011148","Balwyn North","Melbourne - Inner East",2011,20850
"1332","207011148","Balwyn North","Melbourne - Inner East",2012,21005
"1333","207011148","Balwyn North","Melbourne - Inner East",2013,21155
"1334","207011148","Balwyn North","Melbourne - Inner East",2014,21245
"1335","207011148","Balwyn North","Melbourne - Inner East",2015,21332
"1336","207011148","Balwyn North","Melbourne - Inner East",2016,21440
"1337","207011148","Balwyn North","Melbourne - Inner East",2017,21618
"1338","207011148","Balwyn North","Melbourne - Inner East",2018,21780
"1339","207011148","Balwyn North","Melbourne - Inner East",2019,21935
"1340","207011148","Balwyn North","Melbourne - Inner East",2020,21930
"1341","207011148","Balwyn North","Melbourne - Inner East",2021,21406
"1342","207011148","Balwyn North","Melbourne - Inner East",2022,21322
"1343","207011148","Balwyn North","Melbourne - Inner East",2023,21891
"1344","207011148","Balwyn North","Melbourne - Inner East",2024,22325
"1345","207011149","Camberwell","Melbourne - Inner East",2001,20073
"1346","207011149","Camberwell","Melbourne - Inner East",2002,20112
"1347","207011149","Camberwell","Melbourne - Inner East",2003,20126
"1348","207011149","Camberwell","Melbourne - Inner East",2004,20144
"1349","207011149","Camberwell","Melbourne - Inner East",2005,20202
"1350","207011149","Camberwell","Melbourne - Inner East",2006,20218
"1351","207011149","Camberwell","Melbourne - Inner East",2007,20339
"1352","207011149","Camberwell","Melbourne - Inner East",2008,20479
"1353","207011149","Camberwell","Melbourne - Inner East",2009,20701
"1354","207011149","Camberwell","Melbourne - Inner East",2010,20822
"1355","207011149","Camberwell","Melbourne - Inner East",2011,20918
"1356","207011149","Camberwell","Melbourne - Inner East",2012,21144
"1357","207011149","Camberwell","Melbourne - Inner East",2013,21381
"1358","207011149","Camberwell","Melbourne - Inner East",2014,21739
"1359","207011149","Camberwell","Melbourne - Inner East",2015,22179
"1360","207011149","Camberwell","Melbourne - Inner East",2016,22646
"1361","207011149","Camberwell","Melbourne - Inner East",2017,22799
"1362","207011149","Camberwell","Melbourne - Inner East",2018,22812
"1363","207011149","Camberwell","Melbourne - Inner East",2019,22839
"1364","207011149","Camberwell","Melbourne - Inner East",2020,22604
"1365","207011149","Camberwell","Melbourne - Inner East",2021,21500
"1366","207011149","Camberwell","Melbourne - Inner East",2022,21286
"1367","207011149","Camberwell","Melbourne - Inner East",2023,21826
"1368","207011149","Camberwell","Melbourne - Inner East",2024,22120
"1369","207011150","Glen Iris - East","Melbourne - Inner East",2001,15114
"1370","207011150","Glen Iris - East","Melbourne - Inner East",2002,15220
"1371","207011150","Glen Iris - East","Melbourne - Inner East",2003,15283
"1372","207011150","Glen Iris - East","Melbourne - Inner East",2004,15376
"1373","207011150","Glen Iris - East","Melbourne - Inner East",2005,15526
"1374","207011150","Glen Iris - East","Melbourne - Inner East",2006,15625
"1375","207011150","Glen Iris - East","Melbourne - Inner East",2007,15865
"1376","207011150","Glen Iris - East","Melbourne - Inner East",2008,16228
"1377","207011150","Glen Iris - East","Melbourne - Inner East",2009,16485
"1378","207011150","Glen Iris - East","Melbourne - Inner East",2010,16609
"1379","207011150","Glen Iris - East","Melbourne - Inner East",2011,16634
"1380","207011150","Glen Iris - East","Melbourne - Inner East",2012,16817
"1381","207011150","Glen Iris - East","Melbourne - Inner East",2013,16962
"1382","207011150","Glen Iris - East","Melbourne - Inner East",2014,17034
"1383","207011150","Glen Iris - East","Melbourne - Inner East",2015,17075
"1384","207011150","Glen Iris - East","Melbourne - Inner East",2016,17182
"1385","207011150","Glen Iris - East","Melbourne - Inner East",2017,17356
"1386","207011150","Glen Iris - East","Melbourne - Inner East",2018,17419
"1387","207011150","Glen Iris - East","Melbourne - Inner East",2019,17511
"1388","207011150","Glen Iris - East","Melbourne - Inner East",2020,17375
"1389","207011150","Glen Iris - East","Melbourne - Inner East",2021,17006
"1390","207011150","Glen Iris - East","Melbourne - Inner East",2022,16890
"1391","207011150","Glen Iris - East","Melbourne - Inner East",2023,17233
"1392","207011150","Glen Iris - East","Melbourne - Inner East",2024,17537
"1393","207011152","Hawthorn East","Melbourne - Inner East",2001,12912
"1394","207011152","Hawthorn East","Melbourne - Inner East",2002,13172
"1395","207011152","Hawthorn East","Melbourne - Inner East",2003,13343
"1396","207011152","Hawthorn East","Melbourne - Inner East",2004,13423
"1397","207011152","Hawthorn East","Melbourne - Inner East",2005,13505
"1398","207011152","Hawthorn East","Melbourne - Inner East",2006,13626
"1399","207011152","Hawthorn East","Melbourne - Inner East",2007,13835
"1400","207011152","Hawthorn East","Melbourne - Inner East",2008,14022
"1401","207011152","Hawthorn East","Melbourne - Inner East",2009,14241
"1402","207011152","Hawthorn East","Melbourne - Inner East",2010,14369
"1403","207011152","Hawthorn East","Melbourne - Inner East",2011,14417
"1404","207011152","Hawthorn East","Melbourne - Inner East",2012,14531
"1405","207011152","Hawthorn East","Melbourne - Inner East",2013,14732
"1406","207011152","Hawthorn East","Melbourne - Inner East",2014,15066
"1407","207011152","Hawthorn East","Melbourne - Inner East",2015,15601
"1408","207011152","Hawthorn East","Melbourne - Inner East",2016,16192
"1409","207011152","Hawthorn East","Melbourne - Inner East",2017,16470
"1410","207011152","Hawthorn East","Melbourne - Inner East",2018,16676
"1411","207011152","Hawthorn East","Melbourne - Inner East",2019,16756
"1412","207011152","Hawthorn East","Melbourne - Inner East",2020,16698
"1413","207011152","Hawthorn East","Melbourne - Inner East",2021,15881
"1414","207011152","Hawthorn East","Melbourne - Inner East",2022,16115
"1415","207011152","Hawthorn East","Melbourne - Inner East",2023,16891
"1416","207011152","Hawthorn East","Melbourne - Inner East",2024,17318
"1417","207011154","Kew East","Melbourne - Inner East",2001,6115
"1418","207011154","Kew East","Melbourne - Inner East",2002,6137
"1419","207011154","Kew East","Melbourne - Inner East",2003,6141
"1420","207011154","Kew East","Melbourne - Inner East",2004,6156
"1421","207011154","Kew East","Melbourne - Inner East",2005,6201
"1422","207011154","Kew East","Melbourne - Inner East",2006,6239
"1423","207011154","Kew East","Melbourne - Inner East",2007,6305
"1424","207011154","Kew East","Melbourne - Inner East",2008,6407
"1425","207011154","Kew East","Melbourne - Inner East",2009,6484
"1426","207011154","Kew East","Melbourne - Inner East",2010,6519
"1427","207011154","Kew East","Melbourne - Inner East",2011,6552
"1428","207011154","Kew East","Melbourne - Inner East",2012,6581
"1429","207011154","Kew East","Melbourne - Inner East",2013,6627
"1430","207011154","Kew East","Melbourne - Inner East",2014,6679
"1431","207011154","Kew East","Melbourne - Inner East",2015,6742
"1432","207011154","Kew East","Melbourne - Inner East",2016,6855
"1433","207011154","Kew East","Melbourne - Inner East",2017,6845
"1434","207011154","Kew East","Melbourne - Inner East",2018,6786
"1435","207011154","Kew East","Melbourne - Inner East",2019,6784
"1436","207011154","Kew East","Melbourne - Inner East",2020,6783
"1437","207011154","Kew East","Melbourne - Inner East",2021,6555
"1438","207011154","Kew East","Melbourne - Inner East",2022,6572
"1439","207011154","Kew East","Melbourne - Inner East",2023,6638
"1440","207011154","Kew East","Melbourne - Inner East",2024,6780
"1441","207011155","Surrey Hills (West) - Canterbury","Melbourne - Inner East",2001,15952
"1442","207011155","Surrey Hills (West) - Canterbury","Melbourne - Inner East",2002,15975
"1443","207011155","Surrey Hills (West) - Canterbury","Melbourne - Inner East",2003,15984
"1444","207011155","Surrey Hills (West) - Canterbury","Melbourne - Inner East",2004,16035
"1445","207011155","Surrey Hills (West) - Canterbury","Melbourne - Inner East",2005,16122
"1446","207011155","Surrey Hills (West) - Canterbury","Melbourne - Inner East",2006,16206
"1447","207011155","Surrey Hills (West) - Canterbury","Melbourne - Inner East",2007,16314
"1448","207011155","Surrey Hills (West) - Canterbury","Melbourne - Inner East",2008,16451
"1449","207011155","Surrey Hills (West) - Canterbury","Melbourne - Inner East",2009,16570
"1450","207011155","Surrey Hills (West) - Canterbury","Melbourne - Inner East",2010,16608
"1451","207011155","Surrey Hills (West) - Canterbury","Melbourne - Inner East",2011,16633
"1452","207011155","Surrey Hills (West) - Canterbury","Melbourne - Inner East",2012,16695
"1453","207011155","Surrey Hills (West) - Canterbury","Melbourne - Inner East",2013,16792
"1454","207011155","Surrey Hills (West) - Canterbury","Melbourne - Inner East",2014,16864
"1455","207011155","Surrey Hills (West) - Canterbury","Melbourne - Inner East",2015,16963
"1456","207011155","Surrey Hills (West) - Canterbury","Melbourne - Inner East",2016,17126
"1457","207011155","Surrey Hills (West) - Canterbury","Melbourne - Inner East",2017,17121
"1458","207011155","Surrey Hills (West) - Canterbury","Melbourne - Inner East",2018,17139
"1459","207011155","Surrey Hills (West) - Canterbury","Melbourne - Inner East",2019,17097
"1460","207011155","Surrey Hills (West) - Canterbury","Melbourne - Inner East",2020,16786
"1461","207011155","Surrey Hills (West) - Canterbury","Melbourne - Inner East",2021,16083
"1462","207011155","Surrey Hills (West) - Canterbury","Melbourne - Inner East",2022,15908
"1463","207011155","Surrey Hills (West) - Canterbury","Melbourne - Inner East",2023,16189
"1464","207011155","Surrey Hills (West) - Canterbury","Melbourne - Inner East",2024,16231
"1465","207011519","Hawthorn - North","Melbourne - Inner East",2001,9389
"1466","207011519","Hawthorn - North","Melbourne - Inner East",2002,9467
"1467","207011519","Hawthorn - North","Melbourne - Inner East",2003,9534
"1468","207011519","Hawthorn - North","Melbourne - Inner East",2004,9632
"1469","207011519","Hawthorn - North","Melbourne - Inner East",2005,9733
"1470","207011519","Hawthorn - North","Melbourne - Inner East",2006,9785
"1471","207011519","Hawthorn - North","Melbourne - Inner East",2007,9902
"1472","207011519","Hawthorn - North","Melbourne - Inner East",2008,10092
"1473","207011519","Hawthorn - North","Melbourne - Inner East",2009,10323
"1474","207011519","Hawthorn - North","Melbourne - Inner East",2010,10474
"1475","207011519","Hawthorn - North","Melbourne - Inner East",2011,10589
"1476","207011519","Hawthorn - North","Melbourne - Inner East",2012,10677
"1477","207011519","Hawthorn - North","Melbourne - Inner East",2013,10929
"1478","207011519","Hawthorn - North","Melbourne - Inner East",2014,11112
"1479","207011519","Hawthorn - North","Melbourne - Inner East",2015,11234
"1480","207011519","Hawthorn - North","Melbourne - Inner East",2016,11364
"1481","207011519","Hawthorn - North","Melbourne - Inner East",2017,11356
"1482","207011519","Hawthorn - North","Melbourne - Inner East",2018,11280
"1483","207011519","Hawthorn - North","Melbourne - Inner East",2019,11076
"1484","207011519","Hawthorn - North","Melbourne - Inner East",2020,10862
"1485","207011519","Hawthorn - North","Melbourne - Inner East",2021,10017
"1486","207011519","Hawthorn - North","Melbourne - Inner East",2022,10055
"1487","207011519","Hawthorn - North","Melbourne - Inner East",2023,10568
"1488","207011519","Hawthorn - North","Melbourne - Inner East",2024,10820
"1489","207011520","Hawthorn - South","Melbourne - Inner East",2001,10322
"1490","207011520","Hawthorn - South","Melbourne - Inner East",2002,10345
"1491","207011520","Hawthorn - South","Melbourne - Inner East",2003,10435
"1492","207011520","Hawthorn - South","Melbourne - Inner East",2004,10550
"1493","207011520","Hawthorn - South","Melbourne - Inner East",2005,10593
"1494","207011520","Hawthorn - South","Melbourne - Inner East",2006,10746
"1495","207011520","Hawthorn - South","Melbourne - Inner East",2007,10961
"1496","207011520","Hawthorn - South","Melbourne - Inner East",2008,10999
"1497","207011520","Hawthorn - South","Melbourne - Inner East",2009,11147
"1498","207011520","Hawthorn - South","Melbourne - Inner East",2010,11247
"1499","207011520","Hawthorn - South","Melbourne - Inner East",2011,11424
"1500","207011520","Hawthorn - South","Melbourne - Inner East",2012,11679
"1501","207011520","Hawthorn - South","Melbourne - Inner East",2013,12117
"1502","207011520","Hawthorn - South","Melbourne - Inner East",2014,12517
"1503","207011520","Hawthorn - South","Melbourne - Inner East",2015,12813
"1504","207011520","Hawthorn - South","Melbourne - Inner East",2016,13184
"1505","207011520","Hawthorn - South","Melbourne - Inner East",2017,13381
"1506","207011520","Hawthorn - South","Melbourne - Inner East",2018,13508
"1507","207011520","Hawthorn - South","Melbourne - Inner East",2019,13623
"1508","207011520","Hawthorn - South","Melbourne - Inner East",2020,13360
"1509","207011520","Hawthorn - South","Melbourne - Inner East",2021,12137
"1510","207011520","Hawthorn - South","Melbourne - Inner East",2022,12284
"1511","207011520","Hawthorn - South","Melbourne - Inner East",2023,12936
"1512","207011520","Hawthorn - South","Melbourne - Inner East",2024,13481
"1513","207011521","Kew - South","Melbourne - Inner East",2001,11591
"1514","207011521","Kew - South","Melbourne - Inner East",2002,11562
"1515","207011521","Kew - South","Melbourne - Inner East",2003,11548
"1516","207011521","Kew - South","Melbourne - Inner East",2004,11597
"1517","207011521","Kew - South","Melbourne - Inner East",2005,11642
"1518","207011521","Kew - South","Melbourne - Inner East",2006,11682
"1519","207011521","Kew - South","Melbourne - Inner East",2007,11737
"1520","207011521","Kew - South","Melbourne - Inner East",2008,11948
"1521","207011521","Kew - South","Melbourne - Inner East",2009,12028
"1522","207011521","Kew - South","Melbourne - Inner East",2010,12054
"1523","207011521","Kew - South","Melbourne - Inner East",2011,12047
"1524","207011521","Kew - South","Melbourne - Inner East",2012,12110
"1525","207011521","Kew - South","Melbourne - Inner East",2013,12191
"1526","207011521","Kew - South","Melbourne - Inner East",2014,12396
"1527","207011521","Kew - South","Melbourne - Inner East",2015,12522
"1528","207011521","Kew - South","Melbourne - Inner East",2016,12605
"1529","207011521","Kew - South","Melbourne - Inner East",2017,12629
"1530","207011521","Kew - South","Melbourne - Inner East",2018,12649
"1531","207011521","Kew - South","Melbourne - Inner East",2019,12597
"1532","207011521","Kew - South","Melbourne - Inner East",2020,12385
"1533","207011521","Kew - South","Melbourne - Inner East",2021,11717
"1534","207011521","Kew - South","Melbourne - Inner East",2022,11741
"1535","207011521","Kew - South","Melbourne - Inner East",2023,12119
"1536","207011521","Kew - South","Melbourne - Inner East",2024,12352
"1537","207011522","Kew - West","Melbourne - Inner East",2001,12481
"1538","207011522","Kew - West","Melbourne - Inner East",2002,12376
"1539","207011522","Kew - West","Melbourne - Inner East",2003,12205
"1540","207011522","Kew - West","Melbourne - Inner East",2004,12070
"1541","207011522","Kew - West","Melbourne - Inner East",2005,11954
"1542","207011522","Kew - West","Melbourne - Inner East",2006,11901
"1543","207011522","Kew - West","Melbourne - Inner East",2007,12053
"1544","207011522","Kew - West","Melbourne - Inner East",2008,12423
"1545","207011522","Kew - West","Melbourne - Inner East",2009,12632
"1546","207011522","Kew - West","Melbourne - Inner East",2010,12703
"1547","207011522","Kew - West","Melbourne - Inner East",2011,12809
"1548","207011522","Kew - West","Melbourne - Inner East",2012,13013
"1549","207011522","Kew - West","Melbourne - Inner East",2013,13269
"1550","207011522","Kew - West","Melbourne - Inner East",2014,13561
"1551","207011522","Kew - West","Melbourne - Inner East",2015,13701
"1552","207011522","Kew - West","Melbourne - Inner East",2016,13899
"1553","207011522","Kew - West","Melbourne - Inner East",2017,13977
"1554","207011522","Kew - West","Melbourne - Inner East",2018,14007
"1555","207011522","Kew - West","Melbourne - Inner East",2019,13991
"1556","207011522","Kew - West","Melbourne - Inner East",2020,13752
"1557","207011522","Kew - West","Melbourne - Inner East",2021,13143
"1558","207011522","Kew - West","Melbourne - Inner East",2022,13188
"1559","207011522","Kew - West","Melbourne - Inner East",2023,13443
"1560","207011522","Kew - West","Melbourne - Inner East",2024,13675
"1561","207021156","Bulleen","Melbourne - Inner East",2001,11057
"1562","207021156","Bulleen","Melbourne - Inner East",2002,11070
"1563","207021156","Bulleen","Melbourne - Inner East",2003,11046
"1564","207021156","Bulleen","Melbourne - Inner East",2004,10990
"1565","207021156","Bulleen","Melbourne - Inner East",2005,10920
"1566","207021156","Bulleen","Melbourne - Inner East",2006,10867
"1567","207021156","Bulleen","Melbourne - Inner East",2007,11013
"1568","207021156","Bulleen","Melbourne - Inner East",2008,11136
"1569","207021156","Bulleen","Melbourne - Inner East",2009,11290
"1570","207021156","Bulleen","Melbourne - Inner East",2010,11350
"1571","207021156","Bulleen","Melbourne - Inner East",2011,11376
"1572","207021156","Bulleen","Melbourne - Inner East",2012,11397
"1573","207021156","Bulleen","Melbourne - Inner East",2013,11434
"1574","207021156","Bulleen","Melbourne - Inner East",2014,11468
"1575","207021156","Bulleen","Melbourne - Inner East",2015,11504
"1576","207021156","Bulleen","Melbourne - Inner East",2016,11565
"1577","207021156","Bulleen","Melbourne - Inner East",2017,11585
"1578","207021156","Bulleen","Melbourne - Inner East",2018,11631
"1579","207021156","Bulleen","Melbourne - Inner East",2019,11626
"1580","207021156","Bulleen","Melbourne - Inner East",2020,11657
"1581","207021156","Bulleen","Melbourne - Inner East",2021,11370
"1582","207021156","Bulleen","Melbourne - Inner East",2022,11434
"1583","207021156","Bulleen","Melbourne - Inner East",2023,11649
"1584","207021156","Bulleen","Melbourne - Inner East",2024,11762
"1585","207021157","Doncaster","Melbourne - Inner East",2001,18365
"1586","207021157","Doncaster","Melbourne - Inner East",2002,18506
"1587","207021157","Doncaster","Melbourne - Inner East",2003,18540
"1588","207021157","Doncaster","Melbourne - Inner East",2004,18562
"1589","207021157","Doncaster","Melbourne - Inner East",2005,18562
"1590","207021157","Doncaster","Melbourne - Inner East",2006,18599
"1591","207021157","Doncaster","Melbourne - Inner East",2007,18717
"1592","207021157","Doncaster","Melbourne - Inner East",2008,18834
"1593","207021157","Doncaster","Melbourne - Inner East",2009,19015
"1594","207021157","Doncaster","Melbourne - Inner East",2010,19131
"1595","207021157","Doncaster","Melbourne - Inner East",2011,19343
"1596","207021157","Doncaster","Melbourne - Inner East",2012,19659
"1597","207021157","Doncaster","Melbourne - Inner East",2013,20097
"1598","207021157","Doncaster","Melbourne - Inner East",2014,20505
"1599","207021157","Doncaster","Melbourne - Inner East",2015,21076
"1600","207021157","Doncaster","Melbourne - Inner East",2016,21885
"1601","207021157","Doncaster","Melbourne - Inner East",2017,22707
"1602","207021157","Doncaster","Melbourne - Inner East",2018,23236
"1603","207021157","Doncaster","Melbourne - Inner East",2019,24172
"1604","207021157","Doncaster","Melbourne - Inner East",2020,25118
"1605","207021157","Doncaster","Melbourne - Inner East",2021,25173
"1606","207021157","Doncaster","Melbourne - Inner East",2022,25683
"1607","207021157","Doncaster","Melbourne - Inner East",2023,26914
"1608","207021157","Doncaster","Melbourne - Inner East",2024,27904
"1609","207021159","Templestowe","Melbourne - Inner East",2001,17182
"1610","207021159","Templestowe","Melbourne - Inner East",2002,17209
"1611","207021159","Templestowe","Melbourne - Inner East",2003,17187
"1612","207021159","Templestowe","Melbourne - Inner East",2004,17171
"1613","207021159","Templestowe","Melbourne - Inner East",2005,17178
"1614","207021159","Templestowe","Melbourne - Inner East",2006,17208
"1615","207021159","Templestowe","Melbourne - Inner East",2007,17267
"1616","207021159","Templestowe","Melbourne - Inner East",2008,17314
"1617","207021159","Templestowe","Melbourne - Inner East",2009,17376
"1618","207021159","Templestowe","Melbourne - Inner East",2010,17371
"1619","207021159","Templestowe","Melbourne - Inner East",2011,17344
"1620","207021159","Templestowe","Melbourne - Inner East",2012,17381
"1621","207021159","Templestowe","Melbourne - Inner East",2013,17427
"1622","207021159","Templestowe","Melbourne - Inner East",2014,17469
"1623","207021159","Templestowe","Melbourne - Inner East",2015,17550
"1624","207021159","Templestowe","Melbourne - Inner East",2016,17682
"1625","207021159","Templestowe","Melbourne - Inner East",2017,17713
"1626","207021159","Templestowe","Melbourne - Inner East",2018,17680
"1627","207021159","Templestowe","Melbourne - Inner East",2019,17674
"1628","207021159","Templestowe","Melbourne - Inner East",2020,17548
"1629","207021159","Templestowe","Melbourne - Inner East",2021,17101
"1630","207021159","Templestowe","Melbourne - Inner East",2022,17164
"1631","207021159","Templestowe","Melbourne - Inner East",2023,17462
"1632","207021159","Templestowe","Melbourne - Inner East",2024,17467
"1633","207021160","Templestowe Lower","Melbourne - Inner East",2001,13634
"1634","207021160","Templestowe Lower","Melbourne - Inner East",2002,13614
"1635","207021160","Templestowe Lower","Melbourne - Inner East",2003,13550
"1636","207021160","Templestowe Lower","Melbourne - Inner East",2004,13486
"1637","207021160","Templestowe Lower","Melbourne - Inner East",2005,13460
"1638","207021160","Templestowe Lower","Melbourne - Inner East",2006,13505
"1639","207021160","Templestowe Lower","Melbourne - Inner East",2007,13590
"1640","207021160","Templestowe Lower","Melbourne - Inner East",2008,13687
"1641","207021160","Templestowe Lower","Melbourne - Inner East",2009,13781
"1642","207021160","Templestowe Lower","Melbourne - Inner East",2010,13816
"1643","207021160","Templestowe Lower","Melbourne - Inner East",2011,13792
"1644","207021160","Templestowe Lower","Melbourne - Inner East",2012,13844
"1645","207021160","Templestowe Lower","Melbourne - Inner East",2013,13914
"1646","207021160","Templestowe Lower","Melbourne - Inner East",2014,14006
"1647","207021160","Templestowe Lower","Melbourne - Inner East",2015,14155
"1648","207021160","Templestowe Lower","Melbourne - Inner East",2016,14305
"1649","207021160","Templestowe Lower","Melbourne - Inner East",2017,14403
"1650","207021160","Templestowe Lower","Melbourne - Inner East",2018,14419
"1651","207021160","Templestowe Lower","Melbourne - Inner East",2019,14441
"1652","207021160","Templestowe Lower","Melbourne - Inner East",2020,14581
"1653","207021160","Templestowe Lower","Melbourne - Inner East",2021,14280
"1654","207021160","Templestowe Lower","Melbourne - Inner East",2022,14346
"1655","207021160","Templestowe Lower","Melbourne - Inner East",2023,14447
"1656","207021160","Templestowe Lower","Melbourne - Inner East",2024,14612
"1657","207021424","Doncaster East - North","Melbourne - Inner East",2001,15248
"1658","207021424","Doncaster East - North","Melbourne - Inner East",2002,15199
"1659","207021424","Doncaster East - North","Melbourne - Inner East",2003,15102
"1660","207021424","Doncaster East - North","Melbourne - Inner East",2004,15074
"1661","207021424","Doncaster East - North","Melbourne - Inner East",2005,15042
"1662","207021424","Doncaster East - North","Melbourne - Inner East",2006,15035
"1663","207021424","Doncaster East - North","Melbourne - Inner East",2007,15025
"1664","207021424","Doncaster East - North","Melbourne - Inner East",2008,15039
"1665","207021424","Doncaster East - North","Melbourne - Inner East",2009,15036
"1666","207021424","Doncaster East - North","Melbourne - Inner East",2010,15033
"1667","207021424","Doncaster East - North","Melbourne - Inner East",2011,15013
"1668","207021424","Doncaster East - North","Melbourne - Inner East",2012,15020
"1669","207021424","Doncaster East - North","Melbourne - Inner East",2013,15055
"1670","207021424","Doncaster East - North","Melbourne - Inner East",2014,15146
"1671","207021424","Doncaster East - North","Melbourne - Inner East",2015,15242
"1672","207021424","Doncaster East - North","Melbourne - Inner East",2016,15328
"1673","207021424","Doncaster East - North","Melbourne - Inner East",2017,15513
"1674","207021424","Doncaster East - North","Melbourne - Inner East",2018,15713
"1675","207021424","Doncaster East - North","Melbourne - Inner East",2019,15952
"1676","207021424","Doncaster East - North","Melbourne - Inner East",2020,16144
"1677","207021424","Doncaster East - North","Melbourne - Inner East",2021,15786
"1678","207021424","Doncaster East - North","Melbourne - Inner East",2022,15787
"1679","207021424","Doncaster East - North","Melbourne - Inner East",2023,16182
"1680","207021424","Doncaster East - North","Melbourne - Inner East",2024,16352
"1681","207021425","Doncaster East - South","Melbourne - Inner East",2001,11912
"1682","207021425","Doncaster East - South","Melbourne - Inner East",2002,12011
"1683","207021425","Doncaster East - South","Melbourne - Inner East",2003,12125
"1684","207021425","Doncaster East - South","Melbourne - Inner East",2004,12182
"1685","207021425","Doncaster East - South","Melbourne - Inner East",2005,12288
"1686","207021425","Doncaster East - South","Melbourne - Inner East",2006,12404
"1687","207021425","Doncaster East - South","Melbourne - Inner East",2007,12718
"1688","207021425","Doncaster East - South","Melbourne - Inner East",2008,13017
"1689","207021425","Doncaster East - South","Melbourne - Inner East",2009,13234
"1690","207021425","Doncaster East - South","Melbourne - Inner East",2010,13284
"1691","207021425","Doncaster East - South","Melbourne - Inner East",2011,13343
"1692","207021425","Doncaster East - South","Melbourne - Inner East",2012,13558
"1693","207021425","Doncaster East - South","Melbourne - Inner East",2013,13733
"1694","207021425","Doncaster East - South","Melbourne - Inner East",2014,14019
"1695","207021425","Doncaster East - South","Melbourne - Inner East",2015,14302
"1696","207021425","Doncaster East - South","Melbourne - Inner East",2016,14596
"1697","207021425","Doncaster East - South","Melbourne - Inner East",2017,14928
"1698","207021425","Doncaster East - South","Melbourne - Inner East",2018,15120
"1699","207021425","Doncaster East - South","Melbourne - Inner East",2019,15766
"1700","207021425","Doncaster East - South","Melbourne - Inner East",2020,15942
"1701","207021425","Doncaster East - South","Melbourne - Inner East",2021,15593
"1702","207021425","Doncaster East - South","Melbourne - Inner East",2022,15725
"1703","207021425","Doncaster East - South","Melbourne - Inner East",2023,16305
"1704","207021425","Doncaster East - South","Melbourne - Inner East",2024,16710
"1705","207031161","Blackburn","Melbourne - Inner East",2001,19123
"1706","207031161","Blackburn","Melbourne - Inner East",2002,19128
"1707","207031161","Blackburn","Melbourne - Inner East",2003,19119
"1708","207031161","Blackburn","Melbourne - Inner East",2004,19121
"1709","207031161","Blackburn","Melbourne - Inner East",2005,19210
"1710","207031161","Blackburn","Melbourne - Inner East",2006,19317
"1711","207031161","Blackburn","Melbourne - Inner East",2007,19534
"1712","207031161","Blackburn","Melbourne - Inner East",2008,19999
"1713","207031161","Blackburn","Melbourne - Inner East",2009,20332
"1714","207031161","Blackburn","Melbourne - Inner East",2010,20490
"1715","207031161","Blackburn","Melbourne - Inner East",2011,20635
"1716","207031161","Blackburn","Melbourne - Inner East",2012,20920
"1717","207031161","Blackburn","Melbourne - Inner East",2013,21247
"1718","207031161","Blackburn","Melbourne - Inner East",2014,21503
"1719","207031161","Blackburn","Melbourne - Inner East",2015,21850
"1720","207031161","Blackburn","Melbourne - Inner East",2016,22291
"1721","207031161","Blackburn","Melbourne - Inner East",2017,22602
"1722","207031161","Blackburn","Melbourne - Inner East",2018,22743
"1723","207031161","Blackburn","Melbourne - Inner East",2019,22931
"1724","207031161","Blackburn","Melbourne - Inner East",2020,23032
"1725","207031161","Blackburn","Melbourne - Inner East",2021,22356
"1726","207031161","Blackburn","Melbourne - Inner East",2022,22331
"1727","207031161","Blackburn","Melbourne - Inner East",2023,22933
"1728","207031161","Blackburn","Melbourne - Inner East",2024,23471
"1729","207031162","Blackburn South","Melbourne - Inner East",2001,10608
"1730","207031162","Blackburn South","Melbourne - Inner East",2002,10574
"1731","207031162","Blackburn South","Melbourne - Inner East",2003,10557
"1732","207031162","Blackburn South","Melbourne - Inner East",2004,10546
"1733","207031162","Blackburn South","Melbourne - Inner East",2005,10530
"1734","207031162","Blackburn South","Melbourne - Inner East",2006,10588
"1735","207031162","Blackburn South","Melbourne - Inner East",2007,10668
"1736","207031162","Blackburn South","Melbourne - Inner East",2008,10760
"1737","207031162","Blackburn South","Melbourne - Inner East",2009,10873
"1738","207031162","Blackburn South","Melbourne - Inner East",2010,10958
"1739","207031162","Blackburn South","Melbourne - Inner East",2011,10975
"1740","207031162","Blackburn South","Melbourne - Inner East",2012,10982
"1741","207031162","Blackburn South","Melbourne - Inner East",2013,11010
"1742","207031162","Blackburn South","Melbourne - Inner East",2014,11046
"1743","207031162","Blackburn South","Melbourne - Inner East",2015,11101
"1744","207031162","Blackburn South","Melbourne - Inner East",2016,11229
"1745","207031162","Blackburn South","Melbourne - Inner East",2017,11297
"1746","207031162","Blackburn South","Melbourne - Inner East",2018,11354
"1747","207031162","Blackburn South","Melbourne - Inner East",2019,11383
"1748","207031162","Blackburn South","Melbourne - Inner East",2020,11342
"1749","207031162","Blackburn South","Melbourne - Inner East",2021,11019
"1750","207031162","Blackburn South","Melbourne - Inner East",2022,10950
"1751","207031162","Blackburn South","Melbourne - Inner East",2023,11049
"1752","207031162","Blackburn South","Melbourne - Inner East",2024,11079
"1753","207031163","Box Hill","Melbourne - Inner East",2001,15447
"1754","207031163","Box Hill","Melbourne - Inner East",2002,15552
"1755","207031163","Box Hill","Melbourne - Inner East",2003,15629
"1756","207031163","Box Hill","Melbourne - Inner East",2004,15766
"1757","207031163","Box Hill","Melbourne - Inner East",2005,16109
"1758","207031163","Box Hill","Melbourne - Inner East",2006,16476
"1759","207031163","Box Hill","Melbourne - Inner East",2007,17012
"1760","207031163","Box Hill","Melbourne - Inner East",2008,17414
"1761","207031163","Box Hill","Melbourne - Inner East",2009,17965
"1762","207031163","Box Hill","Melbourne - Inner East",2010,18218
"1763","207031163","Box Hill","Melbourne - Inner East",2011,18240
"1764","207031163","Box Hill","Melbourne - Inner East",2012,18697
"1765","207031163","Box Hill","Melbourne - Inner East",2013,19169
"1766","207031163","Box Hill","Melbourne - Inner East",2014,19618
"1767","207031163","Box Hill","Melbourne - Inner East",2015,20170
"1768","207031163","Box Hill","Melbourne - Inner East",2016,20839
"1769","207031163","Box Hill","Melbourne - Inner East",2017,21753
"1770","207031163","Box Hill","Melbourne - Inner East",2018,22696
"1771","207031163","Box Hill","Melbourne - Inner East",2019,23432
"1772","207031163","Box Hill","Melbourne - Inner East",2020,24118
"1773","207031163","Box Hill","Melbourne - Inner East",2021,23212
"1774","207031163","Box Hill","Melbourne - Inner East",2022,23829
"1775","207031163","Box Hill","Melbourne - Inner East",2023,25307
"1776","207031163","Box Hill","Melbourne - Inner East",2024,26668
"1777","207031164","Box Hill North","Melbourne - Inner East",2001,15780
"1778","207031164","Box Hill North","Melbourne - Inner East",2002,15820
"1779","207031164","Box Hill North","Melbourne - Inner East",2003,15843
"1780","207031164","Box Hill North","Melbourne - Inner East",2004,15915
"1781","207031164","Box Hill North","Melbourne - Inner East",2005,16038
"1782","207031164","Box Hill North","Melbourne - Inner East",2006,16224
"1783","207031164","Box Hill North","Melbourne - Inner East",2007,16447
"1784","207031164","Box Hill North","Melbourne - Inner East",2008,16699
"1785","207031164","Box Hill North","Melbourne - Inner East",2009,16973
"1786","207031164","Box Hill North","Melbourne - Inner East",2010,17051
"1787","207031164","Box Hill North","Melbourne - Inner East",2011,17036
"1788","207031164","Box Hill North","Melbourne - Inner East",2012,17239
"1789","207031164","Box Hill North","Melbourne - Inner East",2013,17543
"1790","207031164","Box Hill North","Melbourne - Inner East",2014,17940
"1791","207031164","Box Hill North","Melbourne - Inner East",2015,18205
"1792","207031164","Box Hill North","Melbourne - Inner East",2016,18466
"1793","207031164","Box Hill North","Melbourne - Inner East",2017,18563
"1794","207031164","Box Hill North","Melbourne - Inner East",2018,18662
"1795","207031164","Box Hill North","Melbourne - Inner East",2019,18761
"1796","207031164","Box Hill North","Melbourne - Inner East",2020,18903
"1797","207031164","Box Hill North","Melbourne - Inner East",2021,18292
"1798","207031164","Box Hill North","Melbourne - Inner East",2022,18396
"1799","207031164","Box Hill North","Melbourne - Inner East",2023,19029
"1800","207031164","Box Hill North","Melbourne - Inner East",2024,19435
"1801","207031165","Burwood (Vic.)","Melbourne - Inner East",2001,9807
"1802","207031165","Burwood (Vic.)","Melbourne - Inner East",2002,9841
"1803","207031165","Burwood (Vic.)","Melbourne - Inner East",2003,9856
"1804","207031165","Burwood (Vic.)","Melbourne - Inner East",2004,9957
"1805","207031165","Burwood (Vic.)","Melbourne - Inner East",2005,10048
"1806","207031165","Burwood (Vic.)","Melbourne - Inner East",2006,10227
"1807","207031165","Burwood (Vic.)","Melbourne - Inner East",2007,10363
"1808","207031165","Burwood (Vic.)","Melbourne - Inner East",2008,10650
"1809","207031165","Burwood (Vic.)","Melbourne - Inner East",2009,10936
"1810","207031165","Burwood (Vic.)","Melbourne - Inner East",2010,11150
"1811","207031165","Burwood (Vic.)","Melbourne - Inner East",2011,11327
"1812","207031165","Burwood (Vic.)","Melbourne - Inner East",2012,11564
"1813","207031165","Burwood (Vic.)","Melbourne - Inner East",2013,11846
"1814","207031165","Burwood (Vic.)","Melbourne - Inner East",2014,12174
"1815","207031165","Burwood (Vic.)","Melbourne - Inner East",2015,12493
"1816","207031165","Burwood (Vic.)","Melbourne - Inner East",2016,12900
"1817","207031165","Burwood (Vic.)","Melbourne - Inner East",2017,13251
"1818","207031165","Burwood (Vic.)","Melbourne - Inner East",2018,13392
"1819","207031165","Burwood (Vic.)","Melbourne - Inner East",2019,13448
"1820","207031165","Burwood (Vic.)","Melbourne - Inner East",2020,13468
"1821","207031165","Burwood (Vic.)","Melbourne - Inner East",2021,12522
"1822","207031165","Burwood (Vic.)","Melbourne - Inner East",2022,12932
"1823","207031165","Burwood (Vic.)","Melbourne - Inner East",2023,14016
"1824","207031165","Burwood (Vic.)","Melbourne - Inner East",2024,14918
"1825","207031166","Burwood East","Melbourne - Inner East",2001,10180
"1826","207031166","Burwood East","Melbourne - Inner East",2002,10140
"1827","207031166","Burwood East","Melbourne - Inner East",2003,10145
"1828","207031166","Burwood East","Melbourne - Inner East",2004,10165
"1829","207031166","Burwood East","Melbourne - Inner East",2005,10183
"1830","207031166","Burwood East","Melbourne - Inner East",2006,10239
"1831","207031166","Burwood East","Melbourne - Inner East",2007,10312
"1832","207031166","Burwood East","Melbourne - Inner East",2008,10408
"1833","207031166","Burwood East","Melbourne - Inner East",2009,10525
"1834","207031166","Burwood East","Melbourne - Inner East",2010,10572
"1835","207031166","Burwood East","Melbourne - Inner East",2011,10614
"1836","207031166","Burwood East","Melbourne - Inner East",2012,10636
"1837","207031166","Burwood East","Melbourne - Inner East",2013,10667
"1838","207031166","Burwood East","Melbourne - Inner East",2014,10685
"1839","207031166","Burwood East","Melbourne - Inner East",2015,10713
"1840","207031166","Burwood East","Melbourne - Inner East",2016,10772
"1841","207031166","Burwood East","Melbourne - Inner East",2017,10840
"1842","207031166","Burwood East","Melbourne - Inner East",2018,10898
"1843","207031166","Burwood East","Melbourne - Inner East",2019,10974
"1844","207031166","Burwood East","Melbourne - Inner East",2020,11053
"1845","207031166","Burwood East","Melbourne - Inner East",2021,10774
"1846","207031166","Burwood East","Melbourne - Inner East",2022,11096
"1847","207031166","Burwood East","Melbourne - Inner East",2023,11889
"1848","207031166","Burwood East","Melbourne - Inner East",2024,12366
"1849","207031167","Surrey Hills (East) - Mont Albert","Melbourne - Inner East",2001,9243
"1850","207031167","Surrey Hills (East) - Mont Albert","Melbourne - Inner East",2002,9271
"1851","207031167","Surrey Hills (East) - Mont Albert","Melbourne - Inner East",2003,9414
"1852","207031167","Surrey Hills (East) - Mont Albert","Melbourne - Inner East",2004,9466
"1853","207031167","Surrey Hills (East) - Mont Albert","Melbourne - Inner East",2005,9522
"1854","207031167","Surrey Hills (East) - Mont Albert","Melbourne - Inner East",2006,9643
"1855","207031167","Surrey Hills (East) - Mont Albert","Melbourne - Inner East",2007,9832
"1856","207031167","Surrey Hills (East) - Mont Albert","Melbourne - Inner East",2008,10014
"1857","207031167","Surrey Hills (East) - Mont Albert","Melbourne - Inner East",2009,10150
"1858","207031167","Surrey Hills (East) - Mont Albert","Melbourne - Inner East",2010,10207
"1859","207031167","Surrey Hills (East) - Mont Albert","Melbourne - Inner East",2011,10145
"1860","207031167","Surrey Hills (East) - Mont Albert","Melbourne - Inner East",2012,10164
"1861","207031167","Surrey Hills (East) - Mont Albert","Melbourne - Inner East",2013,10228
"1862","207031167","Surrey Hills (East) - Mont Albert","Melbourne - Inner East",2014,10288
"1863","207031167","Surrey Hills (East) - Mont Albert","Melbourne - Inner East",2015,10356
"1864","207031167","Surrey Hills (East) - Mont Albert","Melbourne - Inner East",2016,10456
"1865","207031167","Surrey Hills (East) - Mont Albert","Melbourne - Inner East",2017,10562
"1866","207031167","Surrey Hills (East) - Mont Albert","Melbourne - Inner East",2018,10661
"1867","207031167","Surrey Hills (East) - Mont Albert","Melbourne - Inner East",2019,10747
"1868","207031167","Surrey Hills (East) - Mont Albert","Melbourne - Inner East",2020,10666
"1869","207031167","Surrey Hills (East) - Mont Albert","Melbourne - Inner East",2021,10251
"1870","207031167","Surrey Hills (East) - Mont Albert","Melbourne - Inner East",2022,10326
"1871","207031167","Surrey Hills (East) - Mont Albert","Melbourne - Inner East",2023,10651
"1872","207031167","Surrey Hills (East) - Mont Albert","Melbourne - Inner East",2024,10765
"1873","208011168","Beaumaris","Melbourne - Inner South",2001,12763
"1874","208011168","Beaumaris","Melbourne - Inner South",2002,12768
"1875","208011168","Beaumaris","Melbourne - Inner South",2003,12729
"1876","208011168","Beaumaris","Melbourne - Inner South",2004,12715
"1877","208011168","Beaumaris","Melbourne - Inner South",2005,12721
"1878","208011168","Beaumaris","Melbourne - Inner South",2006,12767
"1879","208011168","Beaumaris","Melbourne - Inner South",2007,12877
"1880","208011168","Beaumaris","Melbourne - Inner South",2008,13123
"1881","208011168","Beaumaris","Melbourne - Inner South",2009,13264
"1882","208011168","Beaumaris","Melbourne - Inner South",2010,13351
"1883","208011168","Beaumaris","Melbourne - Inner South",2011,13375
"1884","208011168","Beaumaris","Melbourne - Inner South",2012,13472
"1885","208011168","Beaumaris","Melbourne - Inner South",2013,13631
"1886","208011168","Beaumaris","Melbourne - Inner South",2014,13831
"1887","208011168","Beaumaris","Melbourne - Inner South",2015,13995
"1888","208011168","Beaumaris","Melbourne - Inner South",2016,14250
"1889","208011168","Beaumaris","Melbourne - Inner South",2017,14275
"1890","208011168","Beaumaris","Melbourne - Inner South",2018,14434
"1891","208011168","Beaumaris","Melbourne - Inner South",2019,14404
"1892","208011168","Beaumaris","Melbourne - Inner South",2020,14362
"1893","208011168","Beaumaris","Melbourne - Inner South",2021,14123
"1894","208011168","Beaumaris","Melbourne - Inner South",2022,14026
"1895","208011168","Beaumaris","Melbourne - Inner South",2023,14230
"1896","208011168","Beaumaris","Melbourne - Inner South",2024,14422
"1897","208011169","Brighton (Vic.)","Melbourne - Inner South",2001,21029
"1898","208011169","Brighton (Vic.)","Melbourne - Inner South",2002,21084
"1899","208011169","Brighton (Vic.)","Melbourne - Inner South",2003,21141
"1900","208011169","Brighton (Vic.)","Melbourne - Inner South",2004,21190
"1901","208011169","Brighton (Vic.)","Melbourne - Inner South",2005,21244
"1902","208011169","Brighton (Vic.)","Melbourne - Inner South",2006,21360
"1903","208011169","Brighton (Vic.)","Melbourne - Inner South",2007,21669
"1904","208011169","Brighton (Vic.)","Melbourne - Inner South",2008,21940
"1905","208011169","Brighton (Vic.)","Melbourne - Inner South",2009,22264
"1906","208011169","Brighton (Vic.)","Melbourne - Inner South",2010,22441
"1907","208011169","Brighton (Vic.)","Melbourne - Inner South",2011,22526
"1908","208011169","Brighton (Vic.)","Melbourne - Inner South",2012,22651
"1909","208011169","Brighton (Vic.)","Melbourne - Inner South",2013,22989
"1910","208011169","Brighton (Vic.)","Melbourne - Inner South",2014,23467
"1911","208011169","Brighton (Vic.)","Melbourne - Inner South",2015,23933
"1912","208011169","Brighton (Vic.)","Melbourne - Inner South",2016,24353
"1913","208011169","Brighton (Vic.)","Melbourne - Inner South",2017,24493
"1914","208011169","Brighton (Vic.)","Melbourne - Inner South",2018,24545
"1915","208011169","Brighton (Vic.)","Melbourne - Inner South",2019,24463
"1916","208011169","Brighton (Vic.)","Melbourne - Inner South",2020,24136
"1917","208011169","Brighton (Vic.)","Melbourne - Inner South",2021,23044
"1918","208011169","Brighton (Vic.)","Melbourne - Inner South",2022,22925
"1919","208011169","Brighton (Vic.)","Melbourne - Inner South",2023,23561
"1920","208011169","Brighton (Vic.)","Melbourne - Inner South",2024,24107
"1921","208011170","Brighton East","Melbourne - Inner South",2001,14355
"1922","208011170","Brighton East","Melbourne - Inner South",2002,14585
"1923","208011170","Brighton East","Melbourne - Inner South",2003,14782
"1924","208011170","Brighton East","Melbourne - Inner South",2004,14876
"1925","208011170","Brighton East","Melbourne - Inner South",2005,15011
"1926","208011170","Brighton East","Melbourne - Inner South",2006,15265
"1927","208011170","Brighton East","Melbourne - Inner South",2007,15460
"1928","208011170","Brighton East","Melbourne - Inner South",2008,15739
"1929","208011170","Brighton East","Melbourne - Inner South",2009,15958
"1930","208011170","Brighton East","Melbourne - Inner South",2010,16060
"1931","208011170","Brighton East","Melbourne - Inner South",2011,16087
"1932","208011170","Brighton East","Melbourne - Inner South",2012,16216
"1933","208011170","Brighton East","Melbourne - Inner South",2013,16372
"1934","208011170","Brighton East","Melbourne - Inner South",2014,16473
"1935","208011170","Brighton East","Melbourne - Inner South",2015,16585
"1936","208011170","Brighton East","Melbourne - Inner South",2016,16718
"1937","208011170","Brighton East","Melbourne - Inner South",2017,16799
"1938","208011170","Brighton East","Melbourne - Inner South",2018,16915
"1939","208011170","Brighton East","Melbourne - Inner South",2019,16993
"1940","208011170","Brighton East","Melbourne - Inner South",2020,17010
"1941","208011170","Brighton East","Melbourne - Inner South",2021,16692
"1942","208011170","Brighton East","Melbourne - Inner South",2022,16727
"1943","208011170","Brighton East","Melbourne - Inner South",2023,17051
"1944","208011170","Brighton East","Melbourne - Inner South",2024,17261
"1945","208011171","Highett (West) - Cheltenham","Melbourne - Inner South",2001,9657
"1946","208011171","Highett (West) - Cheltenham","Melbourne - Inner South",2002,9672
"1947","208011171","Highett (West) - Cheltenham","Melbourne - Inner South",2003,9677
"1948","208011171","Highett (West) - Cheltenham","Melbourne - Inner South",2004,9701
"1949","208011171","Highett (West) - Cheltenham","Melbourne - Inner South",2005,9750
"1950","208011171","Highett (West) - Cheltenham","Melbourne - Inner South",2006,9837
"1951","208011171","Highett (West) - Cheltenham","Melbourne - Inner South",2007,10008
"1952","208011171","Highett (West) - Cheltenham","Melbourne - Inner South",2008,10228
"1953","208011171","Highett (West) - Cheltenham","Melbourne - Inner South",2009,10431
"1954","208011171","Highett (West) - Cheltenham","Melbourne - Inner South",2010,10523
"1955","208011171","Highett (West) - Cheltenham","Melbourne - Inner South",2011,10544
"1956","208011171","Highett (West) - Cheltenham","Melbourne - Inner South",2012,10696
"1957","208011171","Highett (West) - Cheltenham","Melbourne - Inner South",2013,10817
"1958","208011171","Highett (West) - Cheltenham","Melbourne - Inner South",2014,11050
"1959","208011171","Highett (West) - Cheltenham","Melbourne - Inner South",2015,11226
"1960","208011171","Highett (West) - Cheltenham","Melbourne - Inner South",2016,11463
"1961","208011171","Highett (West) - Cheltenham","Melbourne - Inner South",2017,11760
"1962","208011171","Highett (West) - Cheltenham","Melbourne - Inner South",2018,12149
"1963","208011171","Highett (West) - Cheltenham","Melbourne - Inner South",2019,12362
"1964","208011171","Highett (West) - Cheltenham","Melbourne - Inner South",2020,12601
"1965","208011171","Highett (West) - Cheltenham","Melbourne - Inner South",2021,12543
"1966","208011171","Highett (West) - Cheltenham","Melbourne - Inner South",2022,12551
"1967","208011171","Highett (West) - Cheltenham","Melbourne - Inner South",2023,12766
"1968","208011171","Highett (West) - Cheltenham","Melbourne - Inner South",2024,13098
"1969","208011172","Hampton","Melbourne - Inner South",2001,16026
"1970","208011172","Hampton","Melbourne - Inner South",2002,16083
"1971","208011172","Hampton","Melbourne - Inner South",2003,16174
"1972","208011172","Hampton","Melbourne - Inner South",2004,16237
"1973","208011172","Hampton","Melbourne - Inner South",2005,16326
"1974","208011172","Hampton","Melbourne - Inner South",2006,16568
"1975","208011172","Hampton","Melbourne - Inner South",2007,16790
"1976","208011172","Hampton","Melbourne - Inner South",2008,17042
"1977","208011172","Hampton","Melbourne - Inner South",2009,17302
"1978","208011172","Hampton","Melbourne - Inner South",2010,17471
"1979","208011172","Hampton","Melbourne - Inner South",2011,17699
"1980","208011172","Hampton","Melbourne - Inner South",2012,17838
"1981","208011172","Hampton","Melbourne - Inner South",2013,17999
"1982","208011172","Hampton","Melbourne - Inner South",2014,18165
"1983","208011172","Hampton","Melbourne - Inner South",2015,18345
"1984","208011172","Hampton","Melbourne - Inner South",2016,18611
"1985","208011172","Hampton","Melbourne - Inner South",2017,18735
"1986","208011172","Hampton","Melbourne - Inner South",2018,18819
"1987","208011172","Hampton","Melbourne - Inner South",2019,18912
"1988","208011172","Hampton","Melbourne - Inner South",2020,18997
"1989","208011172","Hampton","Melbourne - Inner South",2021,18405
"1990","208011172","Hampton","Melbourne - Inner South",2022,18508
"1991","208011172","Hampton","Melbourne - Inner South",2023,18833
"1992","208011172","Hampton","Melbourne - Inner South",2024,19208
"1993","208011173","Sandringham - Black Rock","Melbourne - Inner South",2001,14432
"1994","208011173","Sandringham - Black Rock","Melbourne - Inner South",2002,14525
"1995","208011173","Sandringham - Black Rock","Melbourne - Inner South",2003,14585
"1996","208011173","Sandringham - Black Rock","Melbourne - Inner South",2004,14675
"1997","208011173","Sandringham - Black Rock","Melbourne - Inner South",2005,14821
"1998","208011173","Sandringham - Black Rock","Melbourne - Inner South",2006,15010
"1999","208011173","Sandringham - Black Rock","Melbourne - Inner South",2007,15237
"2000","208011173","Sandringham - Black Rock","Melbourne - Inner South",2008,15463
"2001","208011173","Sandringham - Black Rock","Melbourne - Inner South",2009,15631
"2002","208011173","Sandringham - Black Rock","Melbourne - Inner South",2010,15748
"2003","208011173","Sandringham - Black Rock","Melbourne - Inner South",2011,15888
"2004","208011173","Sandringham - Black Rock","Melbourne - Inner South",2012,16098
"2005","208011173","Sandringham - Black Rock","Melbourne - Inner South",2013,16444
"2006","208011173","Sandringham - Black Rock","Melbourne - Inner South",2014,16811
"2007","208011173","Sandringham - Black Rock","Melbourne - Inner South",2015,17184
"2008","208011173","Sandringham - Black Rock","Melbourne - Inner South",2016,17517
"2009","208011173","Sandringham - Black Rock","Melbourne - Inner South",2017,17603
"2010","208011173","Sandringham - Black Rock","Melbourne - Inner South",2018,17761
"2011","208011173","Sandringham - Black Rock","Melbourne - Inner South",2019,17994
"2012","208011173","Sandringham - Black Rock","Melbourne - Inner South",2020,17912
"2013","208011173","Sandringham - Black Rock","Melbourne - Inner South",2021,17521
"2014","208011173","Sandringham - Black Rock","Melbourne - Inner South",2022,17504
"2015","208011173","Sandringham - Black Rock","Melbourne - Inner South",2023,17866
"2016","208011173","Sandringham - Black Rock","Melbourne - Inner South",2024,18022
"2017","208021174","Bentleigh - McKinnon","Melbourne - Inner South",2001,19086
"2018","208021174","Bentleigh - McKinnon","Melbourne - Inner South",2002,19273
"2019","208021174","Bentleigh - McKinnon","Melbourne - Inner South",2003,19555
"2020","208021174","Bentleigh - McKinnon","Melbourne - Inner South",2004,19839
"2021","208021174","Bentleigh - McKinnon","Melbourne - Inner South",2005,20072
"2022","208021174","Bentleigh - McKinnon","Melbourne - Inner South",2006,20409
"2023","208021174","Bentleigh - McKinnon","Melbourne - Inner South",2007,20784
"2024","208021174","Bentleigh - McKinnon","Melbourne - Inner South",2008,21203
"2025","208021174","Bentleigh - McKinnon","Melbourne - Inner South",2009,21612
"2026","208021174","Bentleigh - McKinnon","Melbourne - Inner South",2010,21819
"2027","208021174","Bentleigh - McKinnon","Melbourne - Inner South",2011,21951
"2028","208021174","Bentleigh - McKinnon","Melbourne - Inner South",2012,22388
"2029","208021174","Bentleigh - McKinnon","Melbourne - Inner South",2013,22759
"2030","208021174","Bentleigh - McKinnon","Melbourne - Inner South",2014,23067
"2031","208021174","Bentleigh - McKinnon","Melbourne - Inner South",2015,23295
"2032","208021174","Bentleigh - McKinnon","Melbourne - Inner South",2016,23586
"2033","208021174","Bentleigh - McKinnon","Melbourne - Inner South",2017,24149
"2034","208021174","Bentleigh - McKinnon","Melbourne - Inner South",2018,24600
"2035","208021174","Bentleigh - McKinnon","Melbourne - Inner South",2019,25177
"2036","208021174","Bentleigh - McKinnon","Melbourne - Inner South",2020,25447
"2037","208021174","Bentleigh - McKinnon","Melbourne - Inner South",2021,25202
"2038","208021174","Bentleigh - McKinnon","Melbourne - Inner South",2022,25471
"2039","208021174","Bentleigh - McKinnon","Melbourne - Inner South",2023,26185
"2040","208021174","Bentleigh - McKinnon","Melbourne - Inner South",2024,26825
"2041","208021176","Carnegie","Melbourne - Inner South",2001,14982
"2042","208021176","Carnegie","Melbourne - Inner South",2002,15086
"2043","208021176","Carnegie","Melbourne - Inner South",2003,15136
"2044","208021176","Carnegie","Melbourne - Inner South",2004,15257
"2045","208021176","Carnegie","Melbourne - Inner South",2005,15477
"2046","208021176","Carnegie","Melbourne - Inner South",2006,15659
"2047","208021176","Carnegie","Melbourne - Inner South",2007,16003
"2048","208021176","Carnegie","Melbourne - Inner South",2008,16289
"2049","208021176","Carnegie","Melbourne - Inner South",2009,16742
"2050","208021176","Carnegie","Melbourne - Inner South",2010,16915
"2051","208021176","Carnegie","Melbourne - Inner South",2011,17047
"2052","208021176","Carnegie","Melbourne - Inner South",2012,17367
"2053","208021176","Carnegie","Melbourne - Inner South",2013,17775
"2054","208021176","Carnegie","Melbourne - Inner South",2014,18192
"2055","208021176","Carnegie","Melbourne - Inner South",2015,18645
"2056","208021176","Carnegie","Melbourne - Inner South",2016,19091
"2057","208021176","Carnegie","Melbourne - Inner South",2017,19288
"2058","208021176","Carnegie","Melbourne - Inner South",2018,19551
"2059","208021176","Carnegie","Melbourne - Inner South",2019,19686
"2060","208021176","Carnegie","Melbourne - Inner South",2020,19676
"2061","208021176","Carnegie","Melbourne - Inner South",2021,18791
"2062","208021176","Carnegie","Melbourne - Inner South",2022,18939
"2063","208021176","Carnegie","Melbourne - Inner South",2023,20091
"2064","208021176","Carnegie","Melbourne - Inner South",2024,20903
"2065","208021177","Caulfield - North","Melbourne - Inner South",2001,18975
"2066","208021177","Caulfield - North","Melbourne - Inner South",2002,19149
"2067","208021177","Caulfield - North","Melbourne - Inner South",2003,19188
"2068","208021177","Caulfield - North","Melbourne - Inner South",2004,19227
"2069","208021177","Caulfield - North","Melbourne - Inner South",2005,19463
"2070","208021177","Caulfield - North","Melbourne - Inner South",2006,19698
"2071","208021177","Caulfield - North","Melbourne - Inner South",2007,19875
"2072","208021177","Caulfield - North","Melbourne - Inner South",2008,20101
"2073","208021177","Caulfield - North","Melbourne - Inner South",2009,20385
"2074","208021177","Caulfield - North","Melbourne - Inner South",2010,20583
"2075","208021177","Caulfield - North","Melbourne - Inner South",2011,20703
"2076","208021177","Caulfield - North","Melbourne - Inner South",2012,20930
"2077","208021177","Caulfield - North","Melbourne - Inner South",2013,21277
"2078","208021177","Caulfield - North","Melbourne - Inner South",2014,21614
"2079","208021177","Caulfield - North","Melbourne - Inner South",2015,21956
"2080","208021177","Caulfield - North","Melbourne - Inner South",2016,22288
"2081","208021177","Caulfield - North","Melbourne - Inner South",2017,22849
"2082","208021177","Caulfield - North","Melbourne - Inner South",2018,23040
"2083","208021177","Caulfield - North","Melbourne - Inner South",2019,23169
"2084","208021177","Caulfield - North","Melbourne - Inner South",2020,23399
"2085","208021177","Caulfield - North","Melbourne - Inner South",2021,22723
"2086","208021177","Caulfield - North","Melbourne - Inner South",2022,23062
"2087","208021177","Caulfield - North","Melbourne - Inner South",2023,23948
"2088","208021177","Caulfield - North","Melbourne - Inner South",2024,24485
"2089","208021178","Caulfield - South","Melbourne - Inner South",2001,15636
"2090","208021178","Caulfield - South","Melbourne - Inner South",2002,15699
"2091","208021178","Caulfield - South","Melbourne - Inner South",2003,15815
"2092","208021178","Caulfield - South","Melbourne - Inner South",2004,16044
"2093","208021178","Caulfield - South","Melbourne - Inner South",2005,16262
"2094","208021178","Caulfield - South","Melbourne - Inner South",2006,16508
"2095","208021178","Caulfield - South","Melbourne - Inner South",2007,16599
"2096","208021178","Caulfield - South","Melbourne - Inner South",2008,16859
"2097","208021178","Caulfield - South","Melbourne - Inner South",2009,17098
"2098","208021178","Caulfield - South","Melbourne - Inner South",2010,17177
"2099","208021178","Caulfield - South","Melbourne - Inner South",2011,17227
"2100","208021178","Caulfield - South","Melbourne - Inner South",2012,17430
"2101","208021178","Caulfield - South","Melbourne - Inner South",2013,17636
"2102","208021178","Caulfield - South","Melbourne - Inner South",2014,17921
"2103","208021178","Caulfield - South","Melbourne - Inner South",2015,18156
"2104","208021178","Caulfield - South","Melbourne - Inner South",2016,18393
"2105","208021178","Caulfield - South","Melbourne - Inner South",2017,18557
"2106","208021178","Caulfield - South","Melbourne - Inner South",2018,18742
"2107","208021178","Caulfield - South","Melbourne - Inner South",2019,18805
"2108","208021178","Caulfield - South","Melbourne - Inner South",2020,18714
"2109","208021178","Caulfield - South","Melbourne - Inner South",2021,18228
"2110","208021178","Caulfield - South","Melbourne - Inner South",2022,18241
"2111","208021178","Caulfield - South","Melbourne - Inner South",2023,18660
"2112","208021178","Caulfield - South","Melbourne - Inner South",2024,18975
"2113","208021179","Elsternwick","Melbourne - Inner South",2001,10340
"2114","208021179","Elsternwick","Melbourne - Inner South",2002,10373
"2115","208021179","Elsternwick","Melbourne - Inner South",2003,10415
"2116","208021179","Elsternwick","Melbourne - Inner South",2004,10493
"2117","208021179","Elsternwick","Melbourne - Inner South",2005,10527
"2118","208021179","Elsternwick","Melbourne - Inner South",2006,10668
"2119","208021179","Elsternwick","Melbourne - Inner South",2007,10878
"2120","208021179","Elsternwick","Melbourne - Inner South",2008,11031
"2121","208021179","Elsternwick","Melbourne - Inner South",2009,11199
"2122","208021179","Elsternwick","Melbourne - Inner South",2010,11278
"2123","208021179","Elsternwick","Melbourne - Inner South",2011,11292
"2124","208021179","Elsternwick","Melbourne - Inner South",2012,11352
"2125","208021179","Elsternwick","Melbourne - Inner South",2013,11476
"2126","208021179","Elsternwick","Melbourne - Inner South",2014,11687
"2127","208021179","Elsternwick","Melbourne - Inner South",2015,11825
"2128","208021179","Elsternwick","Melbourne - Inner South",2016,12110
"2129","208021179","Elsternwick","Melbourne - Inner South",2017,12242
"2130","208021179","Elsternwick","Melbourne - Inner South",2018,12417
"2131","208021179","Elsternwick","Melbourne - Inner South",2019,12516
"2132","208021179","Elsternwick","Melbourne - Inner South",2020,12509
"2133","208021179","Elsternwick","Melbourne - Inner South",2021,12030
"2134","208021179","Elsternwick","Melbourne - Inner South",2022,12121
"2135","208021179","Elsternwick","Melbourne - Inner South",2023,12459
"2136","208021179","Elsternwick","Melbourne - Inner South",2024,12765
"2137","208021180","Hughesdale","Melbourne - Inner South",2001,6382
"2138","208021180","Hughesdale","Melbourne - Inner South",2002,6382
"2139","208021180","Hughesdale","Melbourne - Inner South",2003,6440
"2140","208021180","Hughesdale","Melbourne - Inner South",2004,6569
"2141","208021180","Hughesdale","Melbourne - Inner South",2005,6636
"2142","208021180","Hughesdale","Melbourne - Inner South",2006,6764
"2143","208021180","Hughesdale","Melbourne - Inner South",2007,7045
"2144","208021180","Hughesdale","Melbourne - Inner South",2008,7253
"2145","208021180","Hughesdale","Melbourne - Inner South",2009,7465
"2146","208021180","Hughesdale","Melbourne - Inner South",2010,7485
"2147","208021180","Hughesdale","Melbourne - Inner South",2011,7384
"2148","208021180","Hughesdale","Melbourne - Inner South",2012,7528
"2149","208021180","Hughesdale","Melbourne - Inner South",2013,7648
"2150","208021180","Hughesdale","Melbourne - Inner South",2014,7748
"2151","208021180","Hughesdale","Melbourne - Inner South",2015,7882
"2152","208021180","Hughesdale","Melbourne - Inner South",2016,8038
"2153","208021180","Hughesdale","Melbourne - Inner South",2017,8057
"2154","208021180","Hughesdale","Melbourne - Inner South",2018,7996
"2155","208021180","Hughesdale","Melbourne - Inner South",2019,7927
"2156","208021180","Hughesdale","Melbourne - Inner South",2020,7957
"2157","208021180","Hughesdale","Melbourne - Inner South",2021,7642
"2158","208021180","Hughesdale","Melbourne - Inner South",2022,7664
"2159","208021180","Hughesdale","Melbourne - Inner South",2023,7935
"2160","208021180","Hughesdale","Melbourne - Inner South",2024,8088
"2161","208021181","Murrumbeena","Melbourne - Inner South",2001,8004
"2162","208021181","Murrumbeena","Melbourne - Inner South",2002,8083
"2163","208021181","Murrumbeena","Melbourne - Inner South",2003,8117
"2164","208021181","Murrumbeena","Melbourne - Inner South",2004,8262
"2165","208021181","Murrumbeena","Melbourne - Inner South",2005,8387
"2166","208021181","Murrumbeena","Melbourne - Inner South",2006,8548
"2167","208021181","Murrumbeena","Melbourne - Inner South",2007,8744
"2168","208021181","Murrumbeena","Melbourne - Inner South",2008,8896
"2169","208021181","Murrumbeena","Melbourne - Inner South",2009,8977
"2170","208021181","Murrumbeena","Melbourne - Inner South",2010,8990
"2171","208021181","Murrumbeena","Melbourne - Inner South",2011,8983
"2172","208021181","Murrumbeena","Melbourne - Inner South",2012,9143
"2173","208021181","Murrumbeena","Melbourne - Inner South",2013,9283
"2174","208021181","Murrumbeena","Melbourne - Inner South",2014,9458
"2175","208021181","Murrumbeena","Melbourne - Inner South",2015,9640
"2176","208021181","Murrumbeena","Melbourne - Inner South",2016,9809
"2177","208021181","Murrumbeena","Melbourne - Inner South",2017,9894
"2178","208021181","Murrumbeena","Melbourne - Inner South",2018,9897
"2179","208021181","Murrumbeena","Melbourne - Inner South",2019,9878
"2180","208021181","Murrumbeena","Melbourne - Inner South",2020,9771
"2181","208021181","Murrumbeena","Melbourne - Inner South",2021,9467
"2182","208021181","Murrumbeena","Melbourne - Inner South",2022,9546
"2183","208021181","Murrumbeena","Melbourne - Inner South",2023,9784
"2184","208021181","Murrumbeena","Melbourne - Inner South",2024,10045
"2185","208021182","Ormond - Glen Huntly","Melbourne - Inner South",2001,10915
"2186","208021182","Ormond - Glen Huntly","Melbourne - Inner South",2002,11024
"2187","208021182","Ormond - Glen Huntly","Melbourne - Inner South",2003,11025
"2188","208021182","Ormond - Glen Huntly","Melbourne - Inner South",2004,11131
"2189","208021182","Ormond - Glen Huntly","Melbourne - Inner South",2005,11288
"2190","208021182","Ormond - Glen Huntly","Melbourne - Inner South",2006,11703
"2191","208021182","Ormond - Glen Huntly","Melbourne - Inner South",2007,12049
"2192","208021182","Ormond - Glen Huntly","Melbourne - Inner South",2008,12369
"2193","208021182","Ormond - Glen Huntly","Melbourne - Inner South",2009,12695
"2194","208021182","Ormond - Glen Huntly","Melbourne - Inner South",2010,12835
"2195","208021182","Ormond - Glen Huntly","Melbourne - Inner South",2011,12967
"2196","208021182","Ormond - Glen Huntly","Melbourne - Inner South",2012,13205
"2197","208021182","Ormond - Glen Huntly","Melbourne - Inner South",2013,13403
"2198","208021182","Ormond - Glen Huntly","Melbourne - Inner South",2014,13597
"2199","208021182","Ormond - Glen Huntly","Melbourne - Inner South",2015,13742
"2200","208021182","Ormond - Glen Huntly","Melbourne - Inner South",2016,14057
"2201","208021182","Ormond - Glen Huntly","Melbourne - Inner South",2017,14134
"2202","208021182","Ormond - Glen Huntly","Melbourne - Inner South",2018,14212
"2203","208021182","Ormond - Glen Huntly","Melbourne - Inner South",2019,14261
"2204","208021182","Ormond - Glen Huntly","Melbourne - Inner South",2020,14198
"2205","208021182","Ormond - Glen Huntly","Melbourne - Inner South",2021,13280
"2206","208021182","Ormond - Glen Huntly","Melbourne - Inner South",2022,13426
"2207","208021182","Ormond - Glen Huntly","Melbourne - Inner South",2023,14048
"2208","208021182","Ormond - Glen Huntly","Melbourne - Inner South",2024,14736
"2209","208021426","Bentleigh East - North","Melbourne - Inner South",2001,12594
"2210","208021426","Bentleigh East - North","Melbourne - Inner South",2002,12654
"2211","208021426","Bentleigh East - North","Melbourne - Inner South",2003,12716
"2212","208021426","Bentleigh East - North","Melbourne - Inner South",2004,12877
"2213","208021426","Bentleigh East - North","Melbourne - Inner South",2005,13023
"2214","208021426","Bentleigh East - North","Melbourne - Inner South",2006,13194
"2215","208021426","Bentleigh East - North","Melbourne - Inner South",2007,13413
"2216","208021426","Bentleigh East - North","Melbourne - Inner South",2008,13706
"2217","208021426","Bentleigh East - North","Melbourne - Inner South",2009,14046
"2218","208021426","Bentleigh East - North","Melbourne - Inner South",2010,14152
"2219","208021426","Bentleigh East - North","Melbourne - Inner South",2011,14196
"2220","208021426","Bentleigh East - North","Melbourne - Inner South",2012,14411
"2221","208021426","Bentleigh East - North","Melbourne - Inner South",2013,14648
"2222","208021426","Bentleigh East - North","Melbourne - Inner South",2014,14930
"2223","208021426","Bentleigh East - North","Melbourne - Inner South",2015,15198
"2224","208021426","Bentleigh East - North","Melbourne - Inner South",2016,15482
"2225","208021426","Bentleigh East - North","Melbourne - Inner South",2017,15714
"2226","208021426","Bentleigh East - North","Melbourne - Inner South",2018,15986
"2227","208021426","Bentleigh East - North","Melbourne - Inner South",2019,16411
"2228","208021426","Bentleigh East - North","Melbourne - Inner South",2020,16815
"2229","208021426","Bentleigh East - North","Melbourne - Inner South",2021,16758
"2230","208021426","Bentleigh East - North","Melbourne - Inner South",2022,16898
"2231","208021426","Bentleigh East - North","Melbourne - Inner South",2023,17260
"2232","208021426","Bentleigh East - North","Melbourne - Inner South",2024,17553
"2233","208021427","Bentleigh East - South","Melbourne - Inner South",2001,11814
"2234","208021427","Bentleigh East - South","Melbourne - Inner South",2002,11856
"2235","208021427","Bentleigh East - South","Melbourne - Inner South",2003,11849
"2236","208021427","Bentleigh East - South","Melbourne - Inner South",2004,11907
"2237","208021427","Bentleigh East - South","Melbourne - Inner South",2005,11986
"2238","208021427","Bentleigh East - South","Melbourne - Inner South",2006,12087
"2239","208021427","Bentleigh East - South","Melbourne - Inner South",2007,12179
"2240","208021427","Bentleigh East - South","Melbourne - Inner South",2008,12446
"2241","208021427","Bentleigh East - South","Melbourne - Inner South",2009,12660
"2242","208021427","Bentleigh East - South","Melbourne - Inner South",2010,12766
"2243","208021427","Bentleigh East - South","Melbourne - Inner South",2011,12786
"2244","208021427","Bentleigh East - South","Melbourne - Inner South",2012,12890
"2245","208021427","Bentleigh East - South","Melbourne - Inner South",2013,13003
"2246","208021427","Bentleigh East - South","Melbourne - Inner South",2014,13228
"2247","208021427","Bentleigh East - South","Melbourne - Inner South",2015,13467
"2248","208021427","Bentleigh East - South","Melbourne - Inner South",2016,13767
"2249","208021427","Bentleigh East - South","Melbourne - Inner South",2017,13875
"2250","208021427","Bentleigh East - South","Melbourne - Inner South",2018,13944
"2251","208021427","Bentleigh East - South","Melbourne - Inner South",2019,14033
"2252","208021427","Bentleigh East - South","Melbourne - Inner South",2020,14127
"2253","208021427","Bentleigh East - South","Melbourne - Inner South",2021,14159
"2254","208021427","Bentleigh East - South","Melbourne - Inner South",2022,14120
"2255","208021427","Bentleigh East - South","Melbourne - Inner South",2023,14462
"2256","208021427","Bentleigh East - South","Melbourne - Inner South",2024,14770
"2257","208031183","Aspendale Gardens - Waterways","Melbourne - Inner South",2001,5561
"2258","208031183","Aspendale Gardens - Waterways","Melbourne - Inner South",2002,6096
"2259","208031183","Aspendale Gardens - Waterways","Melbourne - Inner South",2003,6421
"2260","208031183","Aspendale Gardens - Waterways","Melbourne - Inner South",2004,6683
"2261","208031183","Aspendale Gardens - Waterways","Melbourne - Inner South",2005,6971
"2262","208031183","Aspendale Gardens - Waterways","Melbourne - Inner South",2006,7365
"2263","208031183","Aspendale Gardens - Waterways","Melbourne - Inner South",2007,7857
"2264","208031183","Aspendale Gardens - Waterways","Melbourne - Inner South",2008,8269
"2265","208031183","Aspendale Gardens - Waterways","Melbourne - Inner South",2009,8818
"2266","208031183","Aspendale Gardens - Waterways","Melbourne - Inner South",2010,8987
"2267","208031183","Aspendale Gardens - Waterways","Melbourne - Inner South",2011,9109
"2268","208031183","Aspendale Gardens - Waterways","Melbourne - Inner South",2012,9216
"2269","208031183","Aspendale Gardens - Waterways","Melbourne - Inner South",2013,9281
"2270","208031183","Aspendale Gardens - Waterways","Melbourne - Inner South",2014,9358
"2271","208031183","Aspendale Gardens - Waterways","Melbourne - Inner South",2015,9366
"2272","208031183","Aspendale Gardens - Waterways","Melbourne - Inner South",2016,9427
"2273","208031183","Aspendale Gardens - Waterways","Melbourne - Inner South",2017,9398
"2274","208031183","Aspendale Gardens - Waterways","Melbourne - Inner South",2018,9377
"2275","208031183","Aspendale Gardens - Waterways","Melbourne - Inner South",2019,9325
"2276","208031183","Aspendale Gardens - Waterways","Melbourne - Inner South",2020,9188
"2277","208031183","Aspendale Gardens - Waterways","Melbourne - Inner South",2021,8922
"2278","208031183","Aspendale Gardens - Waterways","Melbourne - Inner South",2022,8912
"2279","208031183","Aspendale Gardens - Waterways","Melbourne - Inner South",2023,9013
"2280","208031183","Aspendale Gardens - Waterways","Melbourne - Inner South",2024,9099
"2281","208031184","Braeside","Melbourne - Inner South",2001,14
"2282","208031184","Braeside","Melbourne - Inner South",2002,14
"2283","208031184","Braeside","Melbourne - Inner South",2003,14
"2284","208031184","Braeside","Melbourne - Inner South",2004,14
"2285","208031184","Braeside","Melbourne - Inner South",2005,14
"2286","208031184","Braeside","Melbourne - Inner South",2006,14
"2287","208031184","Braeside","Melbourne - Inner South",2007,15
"2288","208031184","Braeside","Melbourne - Inner South",2008,16
"2289","208031184","Braeside","Melbourne - Inner South",2009,18
"2290","208031184","Braeside","Melbourne - Inner South",2010,19
"2291","208031184","Braeside","Melbourne - Inner South",2011,20
"2292","208031184","Braeside","Melbourne - Inner South",2012,28
"2293","208031184","Braeside","Melbourne - Inner South",2013,36
"2294","208031184","Braeside","Melbourne - Inner South",2014,44
"2295","208031184","Braeside","Melbourne - Inner South",2015,52
"2296","208031184","Braeside","Melbourne - Inner South",2016,60
"2297","208031184","Braeside","Melbourne - Inner South",2017,54
"2298","208031184","Braeside","Melbourne - Inner South",2018,47
"2299","208031184","Braeside","Melbourne - Inner South",2019,41
"2300","208031184","Braeside","Melbourne - Inner South",2020,34
"2301","208031184","Braeside","Melbourne - Inner South",2021,28
"2302","208031184","Braeside","Melbourne - Inner South",2022,28
"2303","208031184","Braeside","Melbourne - Inner South",2023,28
"2304","208031184","Braeside","Melbourne - Inner South",2024,28
"2305","208031185","Carrum - Patterson Lakes","Melbourne - Inner South",2001,10278
"2306","208031185","Carrum - Patterson Lakes","Melbourne - Inner South",2002,10560
"2307","208031185","Carrum - Patterson Lakes","Melbourne - Inner South",2003,10689
"2308","208031185","Carrum - Patterson Lakes","Melbourne - Inner South",2004,10740
"2309","208031185","Carrum - Patterson Lakes","Melbourne - Inner South",2005,10808
"2310","208031185","Carrum - Patterson Lakes","Melbourne - Inner South",2006,10864
"2311","208031185","Carrum - Patterson Lakes","Melbourne - Inner South",2007,11020
"2312","208031185","Carrum - Patterson Lakes","Melbourne - Inner South",2008,11382
"2313","208031185","Carrum - Patterson Lakes","Melbourne - Inner South",2009,11623
"2314","208031185","Carrum - Patterson Lakes","Melbourne - Inner South",2010,11700
"2315","208031185","Carrum - Patterson Lakes","Melbourne - Inner South",2011,11664
"2316","208031185","Carrum - Patterson Lakes","Melbourne - Inner South",2012,11676
"2317","208031185","Carrum - Patterson Lakes","Melbourne - Inner South",2013,11743
"2318","208031185","Carrum - Patterson Lakes","Melbourne - Inner South",2014,11844
"2319","208031185","Carrum - Patterson Lakes","Melbourne - Inner South",2015,11953
"2320","208031185","Carrum - Patterson Lakes","Melbourne - Inner South",2016,12111
"2321","208031185","Carrum - Patterson Lakes","Melbourne - Inner South",2017,12220
"2322","208031185","Carrum - Patterson Lakes","Melbourne - Inner South",2018,12333
"2323","208031185","Carrum - Patterson Lakes","Melbourne - Inner South",2019,12333
"2324","208031185","Carrum - Patterson Lakes","Melbourne - Inner South",2020,12269
"2325","208031185","Carrum - Patterson Lakes","Melbourne - Inner South",2021,12115
"2326","208031185","Carrum - Patterson Lakes","Melbourne - Inner South",2022,12174
"2327","208031185","Carrum - Patterson Lakes","Melbourne - Inner South",2023,12352
"2328","208031185","Carrum - Patterson Lakes","Melbourne - Inner South",2024,12445
"2329","208031186","Chelsea - Bonbeach","Melbourne - Inner South",2001,11598
"2330","208031186","Chelsea - Bonbeach","Melbourne - Inner South",2002,11683
"2331","208031186","Chelsea - Bonbeach","Melbourne - Inner South",2003,11754
"2332","208031186","Chelsea - Bonbeach","Melbourne - Inner South",2004,11758
"2333","208031186","Chelsea - Bonbeach","Melbourne - Inner South",2005,11849
"2334","208031186","Chelsea - Bonbeach","Melbourne - Inner South",2006,11970
"2335","208031186","Chelsea - Bonbeach","Melbourne - Inner South",2007,12268
"2336","208031186","Chelsea - Bonbeach","Melbourne - Inner South",2008,12580
"2337","208031186","Chelsea - Bonbeach","Melbourne - Inner South",2009,13030
"2338","208031186","Chelsea - Bonbeach","Melbourne - Inner South",2010,13277
"2339","208031186","Chelsea - Bonbeach","Melbourne - Inner South",2011,13441
"2340","208031186","Chelsea - Bonbeach","Melbourne - Inner South",2012,13680
"2341","208031186","Chelsea - Bonbeach","Melbourne - Inner South",2013,13914
"2342","208031186","Chelsea - Bonbeach","Melbourne - Inner South",2014,14091
"2343","208031186","Chelsea - Bonbeach","Melbourne - Inner South",2015,14396
"2344","208031186","Chelsea - Bonbeach","Melbourne - Inner South",2016,14833
"2345","208031186","Chelsea - Bonbeach","Melbourne - Inner South",2017,15057
"2346","208031186","Chelsea - Bonbeach","Melbourne - Inner South",2018,15210
"2347","208031186","Chelsea - Bonbeach","Melbourne - Inner South",2019,15317
"2348","208031186","Chelsea - Bonbeach","Melbourne - Inner South",2020,15426
"2349","208031186","Chelsea - Bonbeach","Melbourne - Inner South",2021,15317
"2350","208031186","Chelsea - Bonbeach","Melbourne - Inner South",2022,15361
"2351","208031186","Chelsea - Bonbeach","Melbourne - Inner South",2023,15600
"2352","208031186","Chelsea - Bonbeach","Melbourne - Inner South",2024,15882
"2353","208031187","Chelsea Heights","Melbourne - Inner South",2001,5440
"2354","208031187","Chelsea Heights","Melbourne - Inner South",2002,5394
"2355","208031187","Chelsea Heights","Melbourne - Inner South",2003,5333
"2356","208031187","Chelsea Heights","Melbourne - Inner South",2004,5301
"2357","208031187","Chelsea Heights","Melbourne - Inner South",2005,5297
"2358","208031187","Chelsea Heights","Melbourne - Inner South",2006,5248
"2359","208031187","Chelsea Heights","Melbourne - Inner South",2007,5263
"2360","208031187","Chelsea Heights","Melbourne - Inner South",2008,5299
"2361","208031187","Chelsea Heights","Melbourne - Inner South",2009,5333
"2362","208031187","Chelsea Heights","Melbourne - Inner South",2010,5349
"2363","208031187","Chelsea Heights","Melbourne - Inner South",2011,5329
"2364","208031187","Chelsea Heights","Melbourne - Inner South",2012,5358
"2365","208031187","Chelsea Heights","Melbourne - Inner South",2013,5391
"2366","208031187","Chelsea Heights","Melbourne - Inner South",2014,5443
"2367","208031187","Chelsea Heights","Melbourne - Inner South",2015,5485
"2368","208031187","Chelsea Heights","Melbourne - Inner South",2016,5538
"2369","208031187","Chelsea Heights","Melbourne - Inner South",2017,5556
"2370","208031187","Chelsea Heights","Melbourne - Inner South",2018,5564
"2371","208031187","Chelsea Heights","Melbourne - Inner South",2019,5586
"2372","208031187","Chelsea Heights","Melbourne - Inner South",2020,5562
"2373","208031187","Chelsea Heights","Melbourne - Inner South",2021,5426
"2374","208031187","Chelsea Heights","Melbourne - Inner South",2022,5375
"2375","208031187","Chelsea Heights","Melbourne - Inner South",2023,5379
"2376","208031187","Chelsea Heights","Melbourne - Inner South",2024,5456
"2377","208031188","Highett (East) - Cheltenham ","Melbourne - Inner South",2001,19727
"2378","208031188","Highett (East) - Cheltenham ","Melbourne - Inner South",2002,19689
"2379","208031188","Highett (East) - Cheltenham ","Melbourne - Inner South",2003,19669
"2380","208031188","Highett (East) - Cheltenham ","Melbourne - Inner South",2004,19731
"2381","208031188","Highett (East) - Cheltenham ","Melbourne - Inner South",2005,19817
"2382","208031188","Highett (East) - Cheltenham ","Melbourne - Inner South",2006,19969
"2383","208031188","Highett (East) - Cheltenham ","Melbourne - Inner South",2007,20271
"2384","208031188","Highett (East) - Cheltenham ","Melbourne - Inner South",2008,20425
"2385","208031188","Highett (East) - Cheltenham ","Melbourne - Inner South",2009,20898
"2386","208031188","Highett (East) - Cheltenham ","Melbourne - Inner South",2010,21083
"2387","208031188","Highett (East) - Cheltenham ","Melbourne - Inner South",2011,21192
"2388","208031188","Highett (East) - Cheltenham ","Melbourne - Inner South",2012,21556
"2389","208031188","Highett (East) - Cheltenham ","Melbourne - Inner South",2013,22048
"2390","208031188","Highett (East) - Cheltenham ","Melbourne - Inner South",2014,22533
"2391","208031188","Highett (East) - Cheltenham ","Melbourne - Inner South",2015,22962
"2392","208031188","Highett (East) - Cheltenham ","Melbourne - Inner South",2016,23449
"2393","208031188","Highett (East) - Cheltenham ","Melbourne - Inner South",2017,23759
"2394","208031188","Highett (East) - Cheltenham ","Melbourne - Inner South",2018,24239
"2395","208031188","Highett (East) - Cheltenham ","Melbourne - Inner South",2019,24520
"2396","208031188","Highett (East) - Cheltenham ","Melbourne - Inner South",2020,24808
"2397","208031188","Highett (East) - Cheltenham ","Melbourne - Inner South",2021,24354
"2398","208031188","Highett (East) - Cheltenham ","Melbourne - Inner South",2022,24555
"2399","208031188","Highett (East) - Cheltenham ","Melbourne - Inner South",2023,25282
"2400","208031188","Highett (East) - Cheltenham ","Melbourne - Inner South",2024,25866
"2401","208031189","Edithvale - Aspendale","Melbourne - Inner South",2001,11587
"2402","208031189","Edithvale - Aspendale","Melbourne - Inner South",2002,11585
"2403","208031189","Edithvale - Aspendale","Melbourne - Inner South",2003,11580
"2404","208031189","Edithvale - Aspendale","Melbourne - Inner South",2004,11613
"2405","208031189","Edithvale - Aspendale","Melbourne - Inner South",2005,11627
"2406","208031189","Edithvale - Aspendale","Melbourne - Inner South",2006,11669
"2407","208031189","Edithvale - Aspendale","Melbourne - Inner South",2007,11803
"2408","208031189","Edithvale - Aspendale","Melbourne - Inner South",2008,11984
"2409","208031189","Edithvale - Aspendale","Melbourne - Inner South",2009,12223
"2410","208031189","Edithvale - Aspendale","Melbourne - Inner South",2010,12365
"2411","208031189","Edithvale - Aspendale","Melbourne - Inner South",2011,12488
"2412","208031189","Edithvale - Aspendale","Melbourne - Inner South",2012,12645
"2413","208031189","Edithvale - Aspendale","Melbourne - Inner South",2013,12784
"2414","208031189","Edithvale - Aspendale","Melbourne - Inner South",2014,12907
"2415","208031189","Edithvale - Aspendale","Melbourne - Inner South",2015,13152
"2416","208031189","Edithvale - Aspendale","Melbourne - Inner South",2016,13376
"2417","208031189","Edithvale - Aspendale","Melbourne - Inner South",2017,13438
"2418","208031189","Edithvale - Aspendale","Melbourne - Inner South",2018,13627
"2419","208031189","Edithvale - Aspendale","Melbourne - Inner South",2019,13823
"2420","208031189","Edithvale - Aspendale","Melbourne - Inner South",2020,13778
"2421","208031189","Edithvale - Aspendale","Melbourne - Inner South",2021,13669
"2422","208031189","Edithvale - Aspendale","Melbourne - Inner South",2022,13661
"2423","208031189","Edithvale - Aspendale","Melbourne - Inner South",2023,13914
"2424","208031189","Edithvale - Aspendale","Melbourne - Inner South",2024,14151
"2425","208031190","Mentone","Melbourne - Inner South",2001,11561
"2426","208031190","Mentone","Melbourne - Inner South",2002,11506
"2427","208031190","Mentone","Melbourne - Inner South",2003,11474
"2428","208031190","Mentone","Melbourne - Inner South",2004,11514
"2429","208031190","Mentone","Melbourne - Inner South",2005,11524
"2430","208031190","Mentone","Melbourne - Inner South",2006,11571
"2431","208031190","Mentone","Melbourne - Inner South",2007,11682
"2432","208031190","Mentone","Melbourne - Inner South",2008,11728
"2433","208031190","Mentone","Melbourne - Inner South",2009,11936
"2434","208031190","Mentone","Melbourne - Inner South",2010,12046
"2435","208031190","Mentone","Melbourne - Inner South",2011,12224
"2436","208031190","Mentone","Melbourne - Inner South",2012,12573
"2437","208031190","Mentone","Melbourne - Inner South",2013,12768
"2438","208031190","Mentone","Melbourne - Inner South",2014,13031
"2439","208031190","Mentone","Melbourne - Inner South",2015,13332
"2440","208031190","Mentone","Melbourne - Inner South",2016,13695
"2441","208031190","Mentone","Melbourne - Inner South",2017,13784
"2442","208031190","Mentone","Melbourne - Inner South",2018,13813
"2443","208031190","Mentone","Melbourne - Inner South",2019,13883
"2444","208031190","Mentone","Melbourne - Inner South",2020,13856
"2445","208031190","Mentone","Melbourne - Inner South",2021,13303
"2446","208031190","Mentone","Melbourne - Inner South",2022,13370
"2447","208031190","Mentone","Melbourne - Inner South",2023,13729
"2448","208031190","Mentone","Melbourne - Inner South",2024,13987
"2449","208031191","Moorabbin - Heatherton","Melbourne - Inner South",2001,6484
"2450","208031191","Moorabbin - Heatherton","Melbourne - Inner South",2002,6755
"2451","208031191","Moorabbin - Heatherton","Melbourne - Inner South",2003,7162
"2452","208031191","Moorabbin - Heatherton","Melbourne - Inner South",2004,7522
"2453","208031191","Moorabbin - Heatherton","Melbourne - Inner South",2005,7707
"2454","208031191","Moorabbin - Heatherton","Melbourne - Inner South",2006,7925
"2455","208031191","Moorabbin - Heatherton","Melbourne - Inner South",2007,8113
"2456","208031191","Moorabbin - Heatherton","Melbourne - Inner South",2008,8164
"2457","208031191","Moorabbin - Heatherton","Melbourne - Inner South",2009,8262
"2458","208031191","Moorabbin - Heatherton","Melbourne - Inner South",2010,8283
"2459","208031191","Moorabbin - Heatherton","Melbourne - Inner South",2011,8368
"2460","208031191","Moorabbin - Heatherton","Melbourne - Inner South",2012,8487
"2461","208031191","Moorabbin - Heatherton","Melbourne - Inner South",2013,8607
"2462","208031191","Moorabbin - Heatherton","Melbourne - Inner South",2014,8763
"2463","208031191","Moorabbin - Heatherton","Melbourne - Inner South",2015,8952
"2464","208031191","Moorabbin - Heatherton","Melbourne - Inner South",2016,9253
"2465","208031191","Moorabbin - Heatherton","Melbourne - Inner South",2017,9397
"2466","208031191","Moorabbin - Heatherton","Melbourne - Inner South",2018,9460
"2467","208031191","Moorabbin - Heatherton","Melbourne - Inner South",2019,9536
"2468","208031191","Moorabbin - Heatherton","Melbourne - Inner South",2020,9450
"2469","208031191","Moorabbin - Heatherton","Melbourne - Inner South",2021,9197
"2470","208031191","Moorabbin - Heatherton","Melbourne - Inner South",2022,9220
"2471","208031191","Moorabbin - Heatherton","Melbourne - Inner South",2023,9428
"2472","208031191","Moorabbin - Heatherton","Melbourne - Inner South",2024,9708
"2473","208031192","Moorabbin Airport","Melbourne - Inner South",2001,0
"2474","208031192","Moorabbin Airport","Melbourne - Inner South",2002,0
"2475","208031192","Moorabbin Airport","Melbourne - Inner South",2003,0
"2476","208031192","Moorabbin Airport","Melbourne - Inner South",2004,0
"2477","208031192","Moorabbin Airport","Melbourne - Inner South",2005,0
"2478","208031192","Moorabbin Airport","Melbourne - Inner South",2006,0
"2479","208031192","Moorabbin Airport","Melbourne - Inner South",2007,0
"2480","208031192","Moorabbin Airport","Melbourne - Inner South",2008,0
"2481","208031192","Moorabbin Airport","Melbourne - Inner South",2009,0
"2482","208031192","Moorabbin Airport","Melbourne - Inner South",2010,0
"2483","208031192","Moorabbin Airport","Melbourne - Inner South",2011,0
"2484","208031192","Moorabbin Airport","Melbourne - Inner South",2012,0
"2485","208031192","Moorabbin Airport","Melbourne - Inner South",2013,0
"2486","208031192","Moorabbin Airport","Melbourne - Inner South",2014,0
"2487","208031192","Moorabbin Airport","Melbourne - Inner South",2015,0
"2488","208031192","Moorabbin Airport","Melbourne - Inner South",2016,0
"2489","208031192","Moorabbin Airport","Melbourne - Inner South",2017,5
"2490","208031192","Moorabbin Airport","Melbourne - Inner South",2018,10
"2491","208031192","Moorabbin Airport","Melbourne - Inner South",2019,16
"2492","208031192","Moorabbin Airport","Melbourne - Inner South",2020,21
"2493","208031192","Moorabbin Airport","Melbourne - Inner South",2021,26
"2494","208031192","Moorabbin Airport","Melbourne - Inner South",2022,26
"2495","208031192","Moorabbin Airport","Melbourne - Inner South",2023,26
"2496","208031192","Moorabbin Airport","Melbourne - Inner South",2024,26
"2497","208031193","Mordialloc - Parkdale","Melbourne - Inner South",2001,16326
"2498","208031193","Mordialloc - Parkdale","Melbourne - Inner South",2002,16781
"2499","208031193","Mordialloc - Parkdale","Melbourne - Inner South",2003,17205
"2500","208031193","Mordialloc - Parkdale","Melbourne - Inner South",2004,17459
"2501","208031193","Mordialloc - Parkdale","Melbourne - Inner South",2005,17788
"2502","208031193","Mordialloc - Parkdale","Melbourne - Inner South",2006,18126
"2503","208031193","Mordialloc - Parkdale","Melbourne - Inner South",2007,18466
"2504","208031193","Mordialloc - Parkdale","Melbourne - Inner South",2008,18836
"2505","208031193","Mordialloc - Parkdale","Melbourne - Inner South",2009,19297
"2506","208031193","Mordialloc - Parkdale","Melbourne - Inner South",2010,19437
"2507","208031193","Mordialloc - Parkdale","Melbourne - Inner South",2011,19448
"2508","208031193","Mordialloc - Parkdale","Melbourne - Inner South",2012,19832
"2509","208031193","Mordialloc - Parkdale","Melbourne - Inner South",2013,20077
"2510","208031193","Mordialloc - Parkdale","Melbourne - Inner South",2014,20316
"2511","208031193","Mordialloc - Parkdale","Melbourne - Inner South",2015,20560
"2512","208031193","Mordialloc - Parkdale","Melbourne - Inner South",2016,20969
"2513","208031193","Mordialloc - Parkdale","Melbourne - Inner South",2017,21082
"2514","208031193","Mordialloc - Parkdale","Melbourne - Inner South",2018,21358
"2515","208031193","Mordialloc - Parkdale","Melbourne - Inner South",2019,21714
"2516","208031193","Mordialloc - Parkdale","Melbourne - Inner South",2020,21782
"2517","208031193","Mordialloc - Parkdale","Melbourne - Inner South",2021,21429
"2518","208031193","Mordialloc - Parkdale","Melbourne - Inner South",2022,21419
"2519","208031193","Mordialloc - Parkdale","Melbourne - Inner South",2023,21890
"2520","208031193","Mordialloc - Parkdale","Melbourne - Inner South",2024,22229
"2521","208041194","Malvern - Glen Iris","Melbourne - Inner South",2001,18525
"2522","208041194","Malvern - Glen Iris","Melbourne - Inner South",2002,18571
"2523","208041194","Malvern - Glen Iris","Melbourne - Inner South",2003,18728
"2524","208041194","Malvern - Glen Iris","Melbourne - Inner South",2004,18876
"2525","208041194","Malvern - Glen Iris","Melbourne - Inner South",2005,18966
"2526","208041194","Malvern - Glen Iris","Melbourne - Inner South",2006,19120
"2527","208041194","Malvern - Glen Iris","Melbourne - Inner South",2007,19276
"2528","208041194","Malvern - Glen Iris","Melbourne - Inner South",2008,19730
"2529","208041194","Malvern - Glen Iris","Melbourne - Inner South",2009,20108
"2530","208041194","Malvern - Glen Iris","Melbourne - Inner South",2010,20235
"2531","208041194","Malvern - Glen Iris","Melbourne - Inner South",2011,20279
"2532","208041194","Malvern - Glen Iris","Melbourne - Inner South",2012,20519
"2533","208041194","Malvern - Glen Iris","Melbourne - Inner South",2013,20729
"2534","208041194","Malvern - Glen Iris","Melbourne - Inner South",2014,20898
"2535","208041194","Malvern - Glen Iris","Melbourne - Inner South",2015,21009
"2536","208041194","Malvern - Glen Iris","Melbourne - Inner South",2016,21148
"2537","208041194","Malvern - Glen Iris","Melbourne - Inner South",2017,21229
"2538","208041194","Malvern - Glen Iris","Melbourne - Inner South",2018,21378
"2539","208041194","Malvern - Glen Iris","Melbourne - Inner South",2019,21592
"2540","208041194","Malvern - Glen Iris","Melbourne - Inner South",2020,21457
"2541","208041194","Malvern - Glen Iris","Melbourne - Inner South",2021,20469
"2542","208041194","Malvern - Glen Iris","Melbourne - Inner South",2022,20559
"2543","208041194","Malvern - Glen Iris","Melbourne - Inner South",2023,21358
"2544","208041194","Malvern - Glen Iris","Melbourne - Inner South",2024,21680
"2545","208041195","Malvern East","Melbourne - Inner South",2001,19439
"2546","208041195","Malvern East","Melbourne - Inner South",2002,19584
"2547","208041195","Malvern East","Melbourne - Inner South",2003,19681
"2548","208041195","Malvern East","Melbourne - Inner South",2004,19904
"2549","208041195","Malvern East","Melbourne - Inner South",2005,20004
"2550","208041195","Malvern East","Melbourne - Inner South",2006,20308
"2551","208041195","Malvern East","Melbourne - Inner South",2007,20608
"2552","208041195","Malvern East","Melbourne - Inner South",2008,20848
"2553","208041195","Malvern East","Melbourne - Inner South",2009,20964
"2554","208041195","Malvern East","Melbourne - Inner South",2010,20975
"2555","208041195","Malvern East","Melbourne - Inner South",2011,20989
"2556","208041195","Malvern East","Melbourne - Inner South",2012,21271
"2557","208041195","Malvern East","Melbourne - Inner South",2013,21540
"2558","208041195","Malvern East","Melbourne - Inner South",2014,21868
"2559","208041195","Malvern East","Melbourne - Inner South",2015,22174
"2560","208041195","Malvern East","Melbourne - Inner South",2016,22575
"2561","208041195","Malvern East","Melbourne - Inner South",2017,22785
"2562","208041195","Malvern East","Melbourne - Inner South",2018,22983
"2563","208041195","Malvern East","Melbourne - Inner South",2019,23099
"2564","208041195","Malvern East","Melbourne - Inner South",2020,23079
"2565","208041195","Malvern East","Melbourne - Inner South",2021,22202
"2566","208041195","Malvern East","Melbourne - Inner South",2022,22415
"2567","208041195","Malvern East","Melbourne - Inner South",2023,23181
"2568","208041195","Malvern East","Melbourne - Inner South",2024,23738
"2569","209011196","Bundoora - East","Melbourne - North East",2001,8890
"2570","209011196","Bundoora - East","Melbourne - North East",2002,8941
"2571","209011196","Bundoora - East","Melbourne - North East",2003,9004
"2572","209011196","Bundoora - East","Melbourne - North East",2004,9065
"2573","209011196","Bundoora - East","Melbourne - North East",2005,9193
"2574","209011196","Bundoora - East","Melbourne - North East",2006,9325
"2575","209011196","Bundoora - East","Melbourne - North East",2007,9447
"2576","209011196","Bundoora - East","Melbourne - North East",2008,9636
"2577","209011196","Bundoora - East","Melbourne - North East",2009,9836
"2578","209011196","Bundoora - East","Melbourne - North East",2010,9906
"2579","209011196","Bundoora - East","Melbourne - North East",2011,9888
"2580","209011196","Bundoora - East","Melbourne - North East",2012,9948
"2581","209011196","Bundoora - East","Melbourne - North East",2013,9997
"2582","209011196","Bundoora - East","Melbourne - North East",2014,10057
"2583","209011196","Bundoora - East","Melbourne - North East",2015,10136
"2584","209011196","Bundoora - East","Melbourne - North East",2016,10292
"2585","209011196","Bundoora - East","Melbourne - North East",2017,10312
"2586","209011196","Bundoora - East","Melbourne - North East",2018,10359
"2587","209011196","Bundoora - East","Melbourne - North East",2019,10372
"2588","209011196","Bundoora - East","Melbourne - North East",2020,10295
"2589","209011196","Bundoora - East","Melbourne - North East",2021,9920
"2590","209011196","Bundoora - East","Melbourne - North East",2022,9841
"2591","209011196","Bundoora - East","Melbourne - North East",2023,10026
"2592","209011196","Bundoora - East","Melbourne - North East",2024,10240
"2593","209011197","Greensborough","Melbourne - North East",2001,21359
"2594","209011197","Greensborough","Melbourne - North East",2002,21126
"2595","209011197","Greensborough","Melbourne - North East",2003,20956
"2596","209011197","Greensborough","Melbourne - North East",2004,20687
"2597","209011197","Greensborough","Melbourne - North East",2005,20656
"2598","209011197","Greensborough","Melbourne - North East",2006,20717
"2599","209011197","Greensborough","Melbourne - North East",2007,20828
"2600","209011197","Greensborough","Melbourne - North East",2008,20909
"2601","209011197","Greensborough","Melbourne - North East",2009,20963
"2602","209011197","Greensborough","Melbourne - North East",2010,20995
"2603","209011197","Greensborough","Melbourne - North East",2011,20987
"2604","209011197","Greensborough","Melbourne - North East",2012,21008
"2605","209011197","Greensborough","Melbourne - North East",2013,21072
"2606","209011197","Greensborough","Melbourne - North East",2014,21140
"2607","209011197","Greensborough","Melbourne - North East",2015,21224
"2608","209011197","Greensborough","Melbourne - North East",2016,21348
"2609","209011197","Greensborough","Melbourne - North East",2017,21413
"2610","209011197","Greensborough","Melbourne - North East",2018,21460
"2611","209011197","Greensborough","Melbourne - North East",2019,21476
"2612","209011197","Greensborough","Melbourne - North East",2020,21373
"2613","209011197","Greensborough","Melbourne - North East",2021,20995
"2614","209011197","Greensborough","Melbourne - North East",2022,20855
"2615","209011197","Greensborough","Melbourne - North East",2023,20979
"2616","209011197","Greensborough","Melbourne - North East",2024,21338
"2617","209011198","Heidelberg - Rosanna","Melbourne - North East",2001,12805
"2618","209011198","Heidelberg - Rosanna","Melbourne - North East",2002,12856
"2619","209011198","Heidelberg - Rosanna","Melbourne - North East",2003,12848
"2620","209011198","Heidelberg - Rosanna","Melbourne - North East",2004,12813
"2621","209011198","Heidelberg - Rosanna","Melbourne - North East",2005,12922
"2622","209011198","Heidelberg - Rosanna","Melbourne - North East",2006,13063
"2623","209011198","Heidelberg - Rosanna","Melbourne - North East",2007,13388
"2624","209011198","Heidelberg - Rosanna","Melbourne - North East",2008,13544
"2625","209011198","Heidelberg - Rosanna","Melbourne - North East",2009,13935
"2626","209011198","Heidelberg - Rosanna","Melbourne - North East",2010,14098
"2627","209011198","Heidelberg - Rosanna","Melbourne - North East",2011,14215
"2628","209011198","Heidelberg - Rosanna","Melbourne - North East",2012,14498
"2629","209011198","Heidelberg - Rosanna","Melbourne - North East",2013,14804
"2630","209011198","Heidelberg - Rosanna","Melbourne - North East",2014,15047
"2631","209011198","Heidelberg - Rosanna","Melbourne - North East",2015,15245
"2632","209011198","Heidelberg - Rosanna","Melbourne - North East",2016,15532
"2633","209011198","Heidelberg - Rosanna","Melbourne - North East",2017,15898
"2634","209011198","Heidelberg - Rosanna","Melbourne - North East",2018,16154
"2635","209011198","Heidelberg - Rosanna","Melbourne - North East",2019,16498
"2636","209011198","Heidelberg - Rosanna","Melbourne - North East",2020,16650
"2637","209011198","Heidelberg - Rosanna","Melbourne - North East",2021,16202
"2638","209011198","Heidelberg - Rosanna","Melbourne - North East",2022,16317
"2639","209011198","Heidelberg - Rosanna","Melbourne - North East",2023,16600
"2640","209011198","Heidelberg - Rosanna","Melbourne - North East",2024,16915
"2641","209011199","Heidelberg West","Melbourne - North East",2001,13300
"2642","209011199","Heidelberg West","Melbourne - North East",2002,13246
"2643","209011199","Heidelberg West","Melbourne - North East",2003,13234
"2644","209011199","Heidelberg West","Melbourne - North East",2004,13170
"2645","209011199","Heidelberg West","Melbourne - North East",2005,13224
"2646","209011199","Heidelberg West","Melbourne - North East",2006,13271
"2647","209011199","Heidelberg West","Melbourne - North East",2007,13385
"2648","209011199","Heidelberg West","Melbourne - North East",2008,13480
"2649","209011199","Heidelberg West","Melbourne - North East",2009,13694
"2650","209011199","Heidelberg West","Melbourne - North East",2010,13798
"2651","209011199","Heidelberg West","Melbourne - North East",2011,13984
"2652","209011199","Heidelberg West","Melbourne - North East",2012,14121
"2653","209011199","Heidelberg West","Melbourne - North East",2013,14267
"2654","209011199","Heidelberg West","Melbourne - North East",2014,14457
"2655","209011199","Heidelberg West","Melbourne - North East",2015,14634
"2656","209011199","Heidelberg West","Melbourne - North East",2016,14806
"2657","209011199","Heidelberg West","Melbourne - North East",2017,15054
"2658","209011199","Heidelberg West","Melbourne - North East",2018,15202
"2659","209011199","Heidelberg West","Melbourne - North East",2019,15544
"2660","209011199","Heidelberg West","Melbourne - North East",2020,15540
"2661","209011199","Heidelberg West","Melbourne - North East",2021,15039
"2662","209011199","Heidelberg West","Melbourne - North East",2022,15285
"2663","209011199","Heidelberg West","Melbourne - North East",2023,15846
"2664","209011199","Heidelberg West","Melbourne - North East",2024,16703
"2665","209011200","Ivanhoe","Melbourne - North East",2001,10493
"2666","209011200","Ivanhoe","Melbourne - North East",2002,10440
"2667","209011200","Ivanhoe","Melbourne - North East",2003,10491
"2668","209011200","Ivanhoe","Melbourne - North East",2004,10480
"2669","209011200","Ivanhoe","Melbourne - North East",2005,10545
"2670","209011200","Ivanhoe","Melbourne - North East",2006,10713
"2671","209011200","Ivanhoe","Melbourne - North East",2007,10947
"2672","209011200","Ivanhoe","Melbourne - North East",2008,11275
"2673","209011200","Ivanhoe","Melbourne - North East",2009,11516
"2674","209011200","Ivanhoe","Melbourne - North East",2010,11587
"2675","209011200","Ivanhoe","Melbourne - North East",2011,11608
"2676","209011200","Ivanhoe","Melbourne - North East",2012,11655
"2677","209011200","Ivanhoe","Melbourne - North East",2013,11693
"2678","209011200","Ivanhoe","Melbourne - North East",2014,11734
"2679","209011200","Ivanhoe","Melbourne - North East",2015,11851
"2680","209011200","Ivanhoe","Melbourne - North East",2016,11998
"2681","209011200","Ivanhoe","Melbourne - North East",2017,12323
"2682","209011200","Ivanhoe","Melbourne - North East",2018,12643
"2683","209011200","Ivanhoe","Melbourne - North East",2019,12865
"2684","209011200","Ivanhoe","Melbourne - North East",2020,12883
"2685","209011200","Ivanhoe","Melbourne - North East",2021,12559
"2686","209011200","Ivanhoe","Melbourne - North East",2022,12588
"2687","209011200","Ivanhoe","Melbourne - North East",2023,12928
"2688","209011200","Ivanhoe","Melbourne - North East",2024,13151
"2689","209011201","Ivanhoe East - Eaglemont","Melbourne - North East",2001,7656
"2690","209011201","Ivanhoe East - Eaglemont","Melbourne - North East",2002,7677
"2691","209011201","Ivanhoe East - Eaglemont","Melbourne - North East",2003,7704
"2692","209011201","Ivanhoe East - Eaglemont","Melbourne - North East",2004,7684
"2693","209011201","Ivanhoe East - Eaglemont","Melbourne - North East",2005,7747
"2694","209011201","Ivanhoe East - Eaglemont","Melbourne - North East",2006,7884
"2695","209011201","Ivanhoe East - Eaglemont","Melbourne - North East",2007,7923
"2696","209011201","Ivanhoe East - Eaglemont","Melbourne - North East",2008,7968
"2697","209011201","Ivanhoe East - Eaglemont","Melbourne - North East",2009,7999
"2698","209011201","Ivanhoe East - Eaglemont","Melbourne - North East",2010,8032
"2699","209011201","Ivanhoe East - Eaglemont","Melbourne - North East",2011,8041
"2700","209011201","Ivanhoe East - Eaglemont","Melbourne - North East",2012,8057
"2701","209011201","Ivanhoe East - Eaglemont","Melbourne - North East",2013,8068
"2702","209011201","Ivanhoe East - Eaglemont","Melbourne - North East",2014,8079
"2703","209011201","Ivanhoe East - Eaglemont","Melbourne - North East",2015,8088
"2704","209011201","Ivanhoe East - Eaglemont","Melbourne - North East",2016,8119
"2705","209011201","Ivanhoe East - Eaglemont","Melbourne - North East",2017,8125
"2706","209011201","Ivanhoe East - Eaglemont","Melbourne - North East",2018,8135
"2707","209011201","Ivanhoe East - Eaglemont","Melbourne - North East",2019,8145
"2708","209011201","Ivanhoe East - Eaglemont","Melbourne - North East",2020,7984
"2709","209011201","Ivanhoe East - Eaglemont","Melbourne - North East",2021,7799
"2710","209011201","Ivanhoe East - Eaglemont","Melbourne - North East",2022,7812
"2711","209011201","Ivanhoe East - Eaglemont","Melbourne - North East",2023,7979
"2712","209011201","Ivanhoe East - Eaglemont","Melbourne - North East",2024,8100
"2713","209011202","Montmorency - Briar Hill","Melbourne - North East",2001,15726
"2714","209011202","Montmorency - Briar Hill","Melbourne - North East",2002,15742
"2715","209011202","Montmorency - Briar Hill","Melbourne - North East",2003,15700
"2716","209011202","Montmorency - Briar Hill","Melbourne - North East",2004,15615
"2717","209011202","Montmorency - Briar Hill","Melbourne - North East",2005,15651
"2718","209011202","Montmorency - Briar Hill","Melbourne - North East",2006,15668
"2719","209011202","Montmorency - Briar Hill","Melbourne - North East",2007,15769
"2720","209011202","Montmorency - Briar Hill","Melbourne - North East",2008,15863
"2721","209011202","Montmorency - Briar Hill","Melbourne - North East",2009,16110
"2722","209011202","Montmorency - Briar Hill","Melbourne - North East",2010,16182
"2723","209011202","Montmorency - Briar Hill","Melbourne - North East",2011,16165
"2724","209011202","Montmorency - Briar Hill","Melbourne - North East",2012,16182
"2725","209011202","Montmorency - Briar Hill","Melbourne - North East",2013,16222
"2726","209011202","Montmorency - Briar Hill","Melbourne - North East",2014,16299
"2727","209011202","Montmorency - Briar Hill","Melbourne - North East",2015,16508
"2728","209011202","Montmorency - Briar Hill","Melbourne - North East",2016,16792
"2729","209011202","Montmorency - Briar Hill","Melbourne - North East",2017,16866
"2730","209011202","Montmorency - Briar Hill","Melbourne - North East",2018,16921
"2731","209011202","Montmorency - Briar Hill","Melbourne - North East",2019,16958
"2732","209011202","Montmorency - Briar Hill","Melbourne - North East",2020,16905
"2733","209011202","Montmorency - Briar Hill","Melbourne - North East",2021,16660
"2734","209011202","Montmorency - Briar Hill","Melbourne - North East",2022,16642
"2735","209011202","Montmorency - Briar Hill","Melbourne - North East",2023,16850
"2736","209011202","Montmorency - Briar Hill","Melbourne - North East",2024,16957
"2737","209011203","Viewbank - Yallambie","Melbourne - North East",2001,18270
"2738","209011203","Viewbank - Yallambie","Melbourne - North East",2002,18170
"2739","209011203","Viewbank - Yallambie","Melbourne - North East",2003,18096
"2740","209011203","Viewbank - Yallambie","Melbourne - North East",2004,18037
"2741","209011203","Viewbank - Yallambie","Melbourne - North East",2005,18134
"2742","209011203","Viewbank - Yallambie","Melbourne - North East",2006,18286
"2743","209011203","Viewbank - Yallambie","Melbourne - North East",2007,18501
"2744","209011203","Viewbank - Yallambie","Melbourne - North East",2008,18642
"2745","209011203","Viewbank - Yallambie","Melbourne - North East",2009,18885
"2746","209011203","Viewbank - Yallambie","Melbourne - North East",2010,18874
"2747","209011203","Viewbank - Yallambie","Melbourne - North East",2011,18775
"2748","209011203","Viewbank - Yallambie","Melbourne - North East",2012,18782
"2749","209011203","Viewbank - Yallambie","Melbourne - North East",2013,18820
"2750","209011203","Viewbank - Yallambie","Melbourne - North East",2014,18882
"2751","209011203","Viewbank - Yallambie","Melbourne - North East",2015,18943
"2752","209011203","Viewbank - Yallambie","Melbourne - North East",2016,19018
"2753","209011203","Viewbank - Yallambie","Melbourne - North East",2017,19120
"2754","209011203","Viewbank - Yallambie","Melbourne - North East",2018,19220
"2755","209011203","Viewbank - Yallambie","Melbourne - North East",2019,19244
"2756","209011203","Viewbank - Yallambie","Melbourne - North East",2020,19188
"2757","209011203","Viewbank - Yallambie","Melbourne - North East",2021,18891
"2758","209011203","Viewbank - Yallambie","Melbourne - North East",2022,18834
"2759","209011203","Viewbank - Yallambie","Melbourne - North East",2023,19040
"2760","209011203","Viewbank - Yallambie","Melbourne - North East",2024,19009
"2761","209011204","Watsonia","Melbourne - North East",2001,9468
"2762","209011204","Watsonia","Melbourne - North East",2002,9361
"2763","209011204","Watsonia","Melbourne - North East",2003,9280
"2764","209011204","Watsonia","Melbourne - North East",2004,9110
"2765","209011204","Watsonia","Melbourne - North East",2005,9077
"2766","209011204","Watsonia","Melbourne - North East",2006,9036
"2767","209011204","Watsonia","Melbourne - North East",2007,9174
"2768","209011204","Watsonia","Melbourne - North East",2008,9263
"2769","209011204","Watsonia","Melbourne - North East",2009,9310
"2770","209011204","Watsonia","Melbourne - North East",2010,9308
"2771","209011204","Watsonia","Melbourne - North East",2011,9320
"2772","209011204","Watsonia","Melbourne - North East",2012,9333
"2773","209011204","Watsonia","Melbourne - North East",2013,9371
"2774","209011204","Watsonia","Melbourne - North East",2014,9412
"2775","209011204","Watsonia","Melbourne - North East",2015,9459
"2776","209011204","Watsonia","Melbourne - North East",2016,9542
"2777","209011204","Watsonia","Melbourne - North East",2017,9549
"2778","209011204","Watsonia","Melbourne - North East",2018,9551
"2779","209011204","Watsonia","Melbourne - North East",2019,9505
"2780","209011204","Watsonia","Melbourne - North East",2020,9476
"2781","209011204","Watsonia","Melbourne - North East",2021,9305
"2782","209011204","Watsonia","Melbourne - North East",2022,9253
"2783","209011204","Watsonia","Melbourne - North East",2023,9359
"2784","209011204","Watsonia","Melbourne - North East",2024,9518
"2785","209021205","Kingsbury","Melbourne - North East",2001,6084
"2786","209021205","Kingsbury","Melbourne - North East",2002,6468
"2787","209021205","Kingsbury","Melbourne - North East",2003,6929
"2788","209021205","Kingsbury","Melbourne - North East",2004,7375
"2789","209021205","Kingsbury","Melbourne - North East",2005,7986
"2790","209021205","Kingsbury","Melbourne - North East",2006,8561
"2791","209021205","Kingsbury","Melbourne - North East",2007,9323
"2792","209021205","Kingsbury","Melbourne - North East",2008,9858
"2793","209021205","Kingsbury","Melbourne - North East",2009,10419
"2794","209021205","Kingsbury","Melbourne - North East",2010,10649
"2795","209021205","Kingsbury","Melbourne - North East",2011,10821
"2796","209021205","Kingsbury","Melbourne - North East",2012,11106
"2797","209021205","Kingsbury","Melbourne - North East",2013,11349
"2798","209021205","Kingsbury","Melbourne - North East",2014,11516
"2799","209021205","Kingsbury","Melbourne - North East",2015,11730
"2800","209021205","Kingsbury","Melbourne - North East",2016,11965
"2801","209021205","Kingsbury","Melbourne - North East",2017,12095
"2802","209021205","Kingsbury","Melbourne - North East",2018,12071
"2803","209021205","Kingsbury","Melbourne - North East",2019,11792
"2804","209021205","Kingsbury","Melbourne - North East",2020,11525
"2805","209021205","Kingsbury","Melbourne - North East",2021,10549
"2806","209021205","Kingsbury","Melbourne - North East",2022,10772
"2807","209021205","Kingsbury","Melbourne - North East",2023,11706
"2808","209021205","Kingsbury","Melbourne - North East",2024,12508
"2809","209021428","Preston - East","Melbourne - North East",2001,16709
"2810","209021428","Preston - East","Melbourne - North East",2002,16669
"2811","209021428","Preston - East","Melbourne - North East",2003,16633
"2812","209021428","Preston - East","Melbourne - North East",2004,16736
"2813","209021428","Preston - East","Melbourne - North East",2005,16990
"2814","209021428","Preston - East","Melbourne - North East",2006,17145
"2815","209021428","Preston - East","Melbourne - North East",2007,17461
"2816","209021428","Preston - East","Melbourne - North East",2008,17980
"2817","209021428","Preston - East","Melbourne - North East",2009,18472
"2818","209021428","Preston - East","Melbourne - North East",2010,18780
"2819","209021428","Preston - East","Melbourne - North East",2011,19297
"2820","209021428","Preston - East","Melbourne - North East",2012,19551
"2821","209021428","Preston - East","Melbourne - North East",2013,19777
"2822","209021428","Preston - East","Melbourne - North East",2014,20127
"2823","209021428","Preston - East","Melbourne - North East",2015,20603
"2824","209021428","Preston - East","Melbourne - North East",2016,21192
"2825","209021428","Preston - East","Melbourne - North East",2017,21440
"2826","209021428","Preston - East","Melbourne - North East",2018,21543
"2827","209021428","Preston - East","Melbourne - North East",2019,21613
"2828","209021428","Preston - East","Melbourne - North East",2020,21746
"2829","209021428","Preston - East","Melbourne - North East",2021,20997
"2830","209021428","Preston - East","Melbourne - North East",2022,21127
"2831","209021428","Preston - East","Melbourne - North East",2023,22015
"2832","209021428","Preston - East","Melbourne - North East",2024,22596
"2833","209021429","Preston - West","Melbourne - North East",2001,11144
"2834","209021429","Preston - West","Melbourne - North East",2002,11163
"2835","209021429","Preston - West","Melbourne - North East",2003,11122
"2836","209021429","Preston - West","Melbourne - North East",2004,11265
"2837","209021429","Preston - West","Melbourne - North East",2005,11428
"2838","209021429","Preston - West","Melbourne - North East",2006,11571
"2839","209021429","Preston - West","Melbourne - North East",2007,11689
"2840","209021429","Preston - West","Melbourne - North East",2008,11854
"2841","209021429","Preston - West","Melbourne - North East",2009,12030
"2842","209021429","Preston - West","Melbourne - North East",2010,12108
"2843","209021429","Preston - West","Melbourne - North East",2011,12103
"2844","209021429","Preston - West","Melbourne - North East",2012,12151
"2845","209021429","Preston - West","Melbourne - North East",2013,12269
"2846","209021429","Preston - West","Melbourne - North East",2014,12427
"2847","209021429","Preston - West","Melbourne - North East",2015,12616
"2848","209021429","Preston - West","Melbourne - North East",2016,12867
"2849","209021429","Preston - West","Melbourne - North East",2017,13034
"2850","209021429","Preston - West","Melbourne - North East",2018,13123
"2851","209021429","Preston - West","Melbourne - North East",2019,13240
"2852","209021429","Preston - West","Melbourne - North East",2020,13278
"2853","209021429","Preston - West","Melbourne - North East",2021,12824
"2854","209021429","Preston - West","Melbourne - North East",2022,12766
"2855","209021429","Preston - West","Melbourne - North East",2023,13151
"2856","209021429","Preston - West","Melbourne - North East",2024,13470
"2857","209021523","Reservoir - North East","Melbourne - North East",2001,12505
"2858","209021523","Reservoir - North East","Melbourne - North East",2002,12496
"2859","209021523","Reservoir - North East","Melbourne - North East",2003,12499
"2860","209021523","Reservoir - North East","Melbourne - North East",2004,12579
"2861","209021523","Reservoir - North East","Melbourne - North East",2005,12620
"2862","209021523","Reservoir - North East","Melbourne - North East",2006,12816
"2863","209021523","Reservoir - North East","Melbourne - North East",2007,12988
"2864","209021523","Reservoir - North East","Melbourne - North East",2008,13102
"2865","209021523","Reservoir - North East","Melbourne - North East",2009,13322
"2866","209021523","Reservoir - North East","Melbourne - North East",2010,13429
"2867","209021523","Reservoir - North East","Melbourne - North East",2011,13491
"2868","209021523","Reservoir - North East","Melbourne - North East",2012,13885
"2869","209021523","Reservoir - North East","Melbourne - North East",2013,14194
"2870","209021523","Reservoir - North East","Melbourne - North East",2014,14498
"2871","209021523","Reservoir - North East","Melbourne - North East",2015,14752
"2872","209021523","Reservoir - North East","Melbourne - North East",2016,15180
"2873","209021523","Reservoir - North East","Melbourne - North East",2017,15356
"2874","209021523","Reservoir - North East","Melbourne - North East",2018,15496
"2875","209021523","Reservoir - North East","Melbourne - North East",2019,15588
"2876","209021523","Reservoir - North East","Melbourne - North East",2020,15565
"2877","209021523","Reservoir - North East","Melbourne - North East",2021,14987
"2878","209021523","Reservoir - North East","Melbourne - North East",2022,14960
"2879","209021523","Reservoir - North East","Melbourne - North East",2023,15464
"2880","209021523","Reservoir - North East","Melbourne - North East",2024,15976
"2881","209021524","Reservoir - North West","Melbourne - North East",2001,10804
"2882","209021524","Reservoir - North West","Melbourne - North East",2002,10631
"2883","209021524","Reservoir - North West","Melbourne - North East",2003,10442
"2884","209021524","Reservoir - North West","Melbourne - North East",2004,10363
"2885","209021524","Reservoir - North West","Melbourne - North East",2005,10299
"2886","209021524","Reservoir - North West","Melbourne - North East",2006,10279
"2887","209021524","Reservoir - North West","Melbourne - North East",2007,10234
"2888","209021524","Reservoir - North West","Melbourne - North East",2008,10332
"2889","209021524","Reservoir - North West","Melbourne - North East",2009,10413
"2890","209021524","Reservoir - North West","Melbourne - North East",2010,10401
"2891","209021524","Reservoir - North West","Melbourne - North East",2011,10355
"2892","209021524","Reservoir - North West","Melbourne - North East",2012,10322
"2893","209021524","Reservoir - North West","Melbourne - North East",2013,10370
"2894","209021524","Reservoir - North West","Melbourne - North East",2014,10399
"2895","209021524","Reservoir - North West","Melbourne - North East",2015,10421
"2896","209021524","Reservoir - North West","Melbourne - North East",2016,10475
"2897","209021524","Reservoir - North West","Melbourne - North East",2017,10470
"2898","209021524","Reservoir - North West","Melbourne - North East",2018,10451
"2899","209021524","Reservoir - North West","Melbourne - North East",2019,10415
"2900","209021524","Reservoir - North West","Melbourne - North East",2020,10346
"2901","209021524","Reservoir - North West","Melbourne - North East",2021,9881
"2902","209021524","Reservoir - North West","Melbourne - North East",2022,9714
"2903","209021524","Reservoir - North West","Melbourne - North East",2023,9810
"2904","209021524","Reservoir - North West","Melbourne - North East",2024,9834
"2905","209021525","Reservoir - South East","Melbourne - North East",2001,11577
"2906","209021525","Reservoir - South East","Melbourne - North East",2002,11550
"2907","209021525","Reservoir - South East","Melbourne - North East",2003,11525
"2908","209021525","Reservoir - South East","Melbourne - North East",2004,11574
"2909","209021525","Reservoir - South East","Melbourne - North East",2005,11698
"2910","209021525","Reservoir - South East","Melbourne - North East",2006,11850
"2911","209021525","Reservoir - South East","Melbourne - North East",2007,11921
"2912","209021525","Reservoir - South East","Melbourne - North East",2008,12013
"2913","209021525","Reservoir - South East","Melbourne - North East",2009,12157
"2914","209021525","Reservoir - South East","Melbourne - North East",2010,12233
"2915","209021525","Reservoir - South East","Melbourne - North East",2011,12290
"2916","209021525","Reservoir - South East","Melbourne - North East",2012,12494
"2917","209021525","Reservoir - South East","Melbourne - North East",2013,12648
"2918","209021525","Reservoir - South East","Melbourne - North East",2014,12787
"2919","209021525","Reservoir - South East","Melbourne - North East",2015,12983
"2920","209021525","Reservoir - South East","Melbourne - North East",2016,13240
"2921","209021525","Reservoir - South East","Melbourne - North East",2017,13361
"2922","209021525","Reservoir - South East","Melbourne - North East",2018,13422
"2923","209021525","Reservoir - South East","Melbourne - North East",2019,13473
"2924","209021525","Reservoir - South East","Melbourne - North East",2020,13399
"2925","209021525","Reservoir - South East","Melbourne - North East",2021,12939
"2926","209021525","Reservoir - South East","Melbourne - North East",2022,13023
"2927","209021525","Reservoir - South East","Melbourne - North East",2023,13429
"2928","209021525","Reservoir - South East","Melbourne - North East",2024,13875
"2929","209021526","Reservoir - South West","Melbourne - North East",2001,12153
"2930","209021526","Reservoir - South West","Melbourne - North East",2002,12130
"2931","209021526","Reservoir - South West","Melbourne - North East",2003,12157
"2932","209021526","Reservoir - South West","Melbourne - North East",2004,12182
"2933","209021526","Reservoir - South West","Melbourne - North East",2005,12235
"2934","209021526","Reservoir - South West","Melbourne - North East",2006,12384
"2935","209021526","Reservoir - South West","Melbourne - North East",2007,12595
"2936","209021526","Reservoir - South West","Melbourne - North East",2008,12954
"2937","209021526","Reservoir - South West","Melbourne - North East",2009,13214
"2938","209021526","Reservoir - South West","Melbourne - North East",2010,13427
"2939","209021526","Reservoir - South West","Melbourne - North East",2011,13614
"2940","209021526","Reservoir - South West","Melbourne - North East",2012,13868
"2941","209021526","Reservoir - South West","Melbourne - North East",2013,14083
"2942","209021526","Reservoir - South West","Melbourne - North East",2014,14277
"2943","209021526","Reservoir - South West","Melbourne - North East",2015,14489
"2944","209021526","Reservoir - South West","Melbourne - North East",2016,14771
"2945","209021526","Reservoir - South West","Melbourne - North East",2017,14935
"2946","209021526","Reservoir - South West","Melbourne - North East",2018,14964
"2947","209021526","Reservoir - South West","Melbourne - North East",2019,14946
"2948","209021526","Reservoir - South West","Melbourne - North East",2020,14798
"2949","209021526","Reservoir - South West","Melbourne - North East",2021,14244
"2950","209021526","Reservoir - South West","Melbourne - North East",2022,14262
"2951","209021526","Reservoir - South West","Melbourne - North East",2023,14730
"2952","209021526","Reservoir - South West","Melbourne - North East",2024,15161
"2953","209031209","Eltham","Melbourne - North East",2001,24279
"2954","209031209","Eltham","Melbourne - North East",2002,24227
"2955","209031209","Eltham","Melbourne - North East",2003,24189
"2956","209031209","Eltham","Melbourne - North East",2004,24124
"2957","209031209","Eltham","Melbourne - North East",2005,24051
"2958","209031209","Eltham","Melbourne - North East",2006,23965
"2959","209031209","Eltham","Melbourne - North East",2007,23898
"2960","209031209","Eltham","Melbourne - North East",2008,23863
"2961","209031209","Eltham","Melbourne - North East",2009,23865
"2962","209031209","Eltham","Melbourne - North East",2010,23791
"2963","209031209","Eltham","Melbourne - North East",2011,23651
"2964","209031209","Eltham","Melbourne - North East",2012,23671
"2965","209031209","Eltham","Melbourne - North East",2013,23738
"2966","209031209","Eltham","Melbourne - North East",2014,23785
"2967","209031209","Eltham","Melbourne - North East",2015,23849
"2968","209031209","Eltham","Melbourne - North East",2016,24008
"2969","209031209","Eltham","Melbourne - North East",2017,24071
"2970","209031209","Eltham","Melbourne - North East",2018,24124
"2971","209031209","Eltham","Melbourne - North East",2019,24151
"2972","209031209","Eltham","Melbourne - North East",2020,24113
"2973","209031209","Eltham","Melbourne - North East",2021,23707
"2974","209031209","Eltham","Melbourne - North East",2022,23524
"2975","209031209","Eltham","Melbourne - North East",2023,23508
"2976","209031209","Eltham","Melbourne - North East",2024,23554
"2977","209031210","Hurstbridge","Melbourne - North East",2001,3718
"2978","209031210","Hurstbridge","Melbourne - North East",2002,3698
"2979","209031210","Hurstbridge","Melbourne - North East",2003,3649
"2980","209031210","Hurstbridge","Melbourne - North East",2004,3645
"2981","209031210","Hurstbridge","Melbourne - North East",2005,3656
"2982","209031210","Hurstbridge","Melbourne - North East",2006,3665
"2983","209031210","Hurstbridge","Melbourne - North East",2007,3662
"2984","209031210","Hurstbridge","Melbourne - North East",2008,3697
"2985","209031210","Hurstbridge","Melbourne - North East",2009,3675
"2986","209031210","Hurstbridge","Melbourne - North East",2010,3668
"2987","209031210","Hurstbridge","Melbourne - North East",2011,3660
"2988","209031210","Hurstbridge","Melbourne - North East",2012,3645
"2989","209031210","Hurstbridge","Melbourne - North East",2013,3629
"2990","209031210","Hurstbridge","Melbourne - North East",2014,3611
"2991","209031210","Hurstbridge","Melbourne - North East",2015,3603
"2992","209031210","Hurstbridge","Melbourne - North East",2016,3605
"2993","209031210","Hurstbridge","Melbourne - North East",2017,3626
"2994","209031210","Hurstbridge","Melbourne - North East",2018,3626
"2995","209031210","Hurstbridge","Melbourne - North East",2019,3624
"2996","209031210","Hurstbridge","Melbourne - North East",2020,3632
"2997","209031210","Hurstbridge","Melbourne - North East",2021,3576
"2998","209031210","Hurstbridge","Melbourne - North East",2022,3542
"2999","209031210","Hurstbridge","Melbourne - North East",2023,3528
"3000","209031210","Hurstbridge","Melbourne - North East",2024,3540
"3001","209031211","Kinglake","Melbourne - North East",2001,3677
"3002","209031211","Kinglake","Melbourne - North East",2002,3737
"3003","209031211","Kinglake","Melbourne - North East",2003,3787
"3004","209031211","Kinglake","Melbourne - North East",2004,3850
"3005","209031211","Kinglake","Melbourne - North East",2005,3927
"3006","209031211","Kinglake","Melbourne - North East",2006,4032
"3007","209031211","Kinglake","Melbourne - North East",2007,4023
"3008","209031211","Kinglake","Melbourne - North East",2008,4064
"3009","209031211","Kinglake","Melbourne - North East",2009,3567
"3010","209031211","Kinglake","Melbourne - North East",2010,3626
"3011","209031211","Kinglake","Melbourne - North East",2011,3671
"3012","209031211","Kinglake","Melbourne - North East",2012,3752
"3013","209031211","Kinglake","Melbourne - North East",2013,3810
"3014","209031211","Kinglake","Melbourne - North East",2014,3856
"3015","209031211","Kinglake","Melbourne - North East",2015,3922
"3016","209031211","Kinglake","Melbourne - North East",2016,3984
"3017","209031211","Kinglake","Melbourne - North East",2017,4049
"3018","209031211","Kinglake","Melbourne - North East",2018,4121
"3019","209031211","Kinglake","Melbourne - North East",2019,4153
"3020","209031211","Kinglake","Melbourne - North East",2020,4172
"3021","209031211","Kinglake","Melbourne - North East",2021,4237
"3022","209031211","Kinglake","Melbourne - North East",2022,4309
"3023","209031211","Kinglake","Melbourne - North East",2023,4352
"3024","209031211","Kinglake","Melbourne - North East",2024,4399
"3025","209031212","Panton Hill - St Andrews","Melbourne - North East",2001,5103
"3026","209031212","Panton Hill - St Andrews","Melbourne - North East",2002,5148
"3027","209031212","Panton Hill - St Andrews","Melbourne - North East",2003,5184
"3028","209031212","Panton Hill - St Andrews","Melbourne - North East",2004,5216
"3029","209031212","Panton Hill - St Andrews","Melbourne - North East",2005,5286
"3030","209031212","Panton Hill - St Andrews","Melbourne - North East",2006,5374
"3031","209031212","Panton Hill - St Andrews","Melbourne - North East",2007,5365
"3032","209031212","Panton Hill - St Andrews","Melbourne - North East",2008,5357
"3033","209031212","Panton Hill - St Andrews","Melbourne - North East",2009,5329
"3034","209031212","Panton Hill - St Andrews","Melbourne - North East",2010,5274
"3035","209031212","Panton Hill - St Andrews","Melbourne - North East",2011,5227
"3036","209031212","Panton Hill - St Andrews","Melbourne - North East",2012,5242
"3037","209031212","Panton Hill - St Andrews","Melbourne - North East",2013,5269
"3038","209031212","Panton Hill - St Andrews","Melbourne - North East",2014,5300
"3039","209031212","Panton Hill - St Andrews","Melbourne - North East",2015,5342
"3040","209031212","Panton Hill - St Andrews","Melbourne - North East",2016,5409
"3041","209031212","Panton Hill - St Andrews","Melbourne - North East",2017,5426
"3042","209031212","Panton Hill - St Andrews","Melbourne - North East",2018,5406
"3043","209031212","Panton Hill - St Andrews","Melbourne - North East",2019,5321
"3044","209031212","Panton Hill - St Andrews","Melbourne - North East",2020,5236
"3045","209031212","Panton Hill - St Andrews","Melbourne - North East",2021,5121
"3046","209031212","Panton Hill - St Andrews","Melbourne - North East",2022,5162
"3047","209031212","Panton Hill - St Andrews","Melbourne - North East",2023,5128
"3048","209031212","Panton Hill - St Andrews","Melbourne - North East",2024,5153
"3049","209031213","Plenty - Yarrambat","Melbourne - North East",2001,7787
"3050","209031213","Plenty - Yarrambat","Melbourne - North East",2002,7888
"3051","209031213","Plenty - Yarrambat","Melbourne - North East",2003,8033
"3052","209031213","Plenty - Yarrambat","Melbourne - North East",2004,8220
"3053","209031213","Plenty - Yarrambat","Melbourne - North East",2005,8476
"3054","209031213","Plenty - Yarrambat","Melbourne - North East",2006,8722
"3055","209031213","Plenty - Yarrambat","Melbourne - North East",2007,8828
"3056","209031213","Plenty - Yarrambat","Melbourne - North East",2008,9047
"3057","209031213","Plenty - Yarrambat","Melbourne - North East",2009,9266
"3058","209031213","Plenty - Yarrambat","Melbourne - North East",2010,9344
"3059","209031213","Plenty - Yarrambat","Melbourne - North East",2011,9401
"3060","209031213","Plenty - Yarrambat","Melbourne - North East",2012,9512
"3061","209031213","Plenty - Yarrambat","Melbourne - North East",2013,9580
"3062","209031213","Plenty - Yarrambat","Melbourne - North East",2014,9666
"3063","209031213","Plenty - Yarrambat","Melbourne - North East",2015,9706
"3064","209031213","Plenty - Yarrambat","Melbourne - North East",2016,9794
"3065","209031213","Plenty - Yarrambat","Melbourne - North East",2017,9838
"3066","209031213","Plenty - Yarrambat","Melbourne - North East",2018,9858
"3067","209031213","Plenty - Yarrambat","Melbourne - North East",2019,9869
"3068","209031213","Plenty - Yarrambat","Melbourne - North East",2020,9763
"3069","209031213","Plenty - Yarrambat","Melbourne - North East",2021,9521
"3070","209031213","Plenty - Yarrambat","Melbourne - North East",2022,9435
"3071","209031213","Plenty - Yarrambat","Melbourne - North East",2023,9570
"3072","209031213","Plenty - Yarrambat","Melbourne - North East",2024,9609
"3073","209031214","Research - North Warrandyte","Melbourne - North East",2001,6956
"3074","209031214","Research - North Warrandyte","Melbourne - North East",2002,6917
"3075","209031214","Research - North Warrandyte","Melbourne - North East",2003,6880
"3076","209031214","Research - North Warrandyte","Melbourne - North East",2004,6853
"3077","209031214","Research - North Warrandyte","Melbourne - North East",2005,6846
"3078","209031214","Research - North Warrandyte","Melbourne - North East",2006,6843
"3079","209031214","Research - North Warrandyte","Melbourne - North East",2007,6838
"3080","209031214","Research - North Warrandyte","Melbourne - North East",2008,6852
"3081","209031214","Research - North Warrandyte","Melbourne - North East",2009,6867
"3082","209031214","Research - North Warrandyte","Melbourne - North East",2010,6859
"3083","209031214","Research - North Warrandyte","Melbourne - North East",2011,6846
"3084","209031214","Research - North Warrandyte","Melbourne - North East",2012,6878
"3085","209031214","Research - North Warrandyte","Melbourne - North East",2013,6900
"3086","209031214","Research - North Warrandyte","Melbourne - North East",2014,6921
"3087","209031214","Research - North Warrandyte","Melbourne - North East",2015,6954
"3088","209031214","Research - North Warrandyte","Melbourne - North East",2016,7007
"3089","209031214","Research - North Warrandyte","Melbourne - North East",2017,7029
"3090","209031214","Research - North Warrandyte","Melbourne - North East",2018,7021
"3091","209031214","Research - North Warrandyte","Melbourne - North East",2019,7001
"3092","209031214","Research - North Warrandyte","Melbourne - North East",2020,6999
"3093","209031214","Research - North Warrandyte","Melbourne - North East",2021,6987
"3094","209031214","Research - North Warrandyte","Melbourne - North East",2022,6969
"3095","209031214","Research - North Warrandyte","Melbourne - North East",2023,6979
"3096","209031214","Research - North Warrandyte","Melbourne - North East",2024,7034
"3097","209031215","Wattle Glen - Diamond Creek","Melbourne - North East",2001,12601
"3098","209031215","Wattle Glen - Diamond Creek","Melbourne - North East",2002,12623
"3099","209031215","Wattle Glen - Diamond Creek","Melbourne - North East",2003,12517
"3100","209031215","Wattle Glen - Diamond Creek","Melbourne - North East",2004,12624
"3101","209031215","Wattle Glen - Diamond Creek","Melbourne - North East",2005,12787
"3102","209031215","Wattle Glen - Diamond Creek","Melbourne - North East",2006,12946
"3103","209031215","Wattle Glen - Diamond Creek","Melbourne - North East",2007,13267
"3104","209031215","Wattle Glen - Diamond Creek","Melbourne - North East",2008,13551
"3105","209031215","Wattle Glen - Diamond Creek","Melbourne - North East",2009,13783
"3106","209031215","Wattle Glen - Diamond Creek","Melbourne - North East",2010,13902
"3107","209031215","Wattle Glen - Diamond Creek","Melbourne - North East",2011,13931
"3108","209031215","Wattle Glen - Diamond Creek","Melbourne - North East",2012,13987
"3109","209031215","Wattle Glen - Diamond Creek","Melbourne - North East",2013,14058
"3110","209031215","Wattle Glen - Diamond Creek","Melbourne - North East",2014,14150
"3111","209031215","Wattle Glen - Diamond Creek","Melbourne - North East",2015,14221
"3112","209031215","Wattle Glen - Diamond Creek","Melbourne - North East",2016,14351
"3113","209031215","Wattle Glen - Diamond Creek","Melbourne - North East",2017,14424
"3114","209031215","Wattle Glen - Diamond Creek","Melbourne - North East",2018,14507
"3115","209031215","Wattle Glen - Diamond Creek","Melbourne - North East",2019,14498
"3116","209031215","Wattle Glen - Diamond Creek","Melbourne - North East",2020,14579
"3117","209031215","Wattle Glen - Diamond Creek","Melbourne - North East",2021,14538
"3118","209031215","Wattle Glen - Diamond Creek","Melbourne - North East",2022,14434
"3119","209031215","Wattle Glen - Diamond Creek","Melbourne - North East",2023,14546
"3120","209031215","Wattle Glen - Diamond Creek","Melbourne - North East",2024,14803
"3121","209041216","Bundoora - North","Melbourne - North East",2001,2293
"3122","209041216","Bundoora - North","Melbourne - North East",2002,3037
"3123","209041216","Bundoora - North","Melbourne - North East",2003,3759
"3124","209041216","Bundoora - North","Melbourne - North East",2004,3950
"3125","209041216","Bundoora - North","Melbourne - North East",2005,4265
"3126","209041216","Bundoora - North","Melbourne - North East",2006,4643
"3127","209041216","Bundoora - North","Melbourne - North East",2007,4860
"3128","209041216","Bundoora - North","Melbourne - North East",2008,5048
"3129","209041216","Bundoora - North","Melbourne - North East",2009,5302
"3130","209041216","Bundoora - North","Melbourne - North East",2010,5496
"3131","209041216","Bundoora - North","Melbourne - North East",2011,5642
"3132","209041216","Bundoora - North","Melbourne - North East",2012,6072
"3133","209041216","Bundoora - North","Melbourne - North East",2013,6564
"3134","209041216","Bundoora - North","Melbourne - North East",2014,7065
"3135","209041216","Bundoora - North","Melbourne - North East",2015,7511
"3136","209041216","Bundoora - North","Melbourne - North East",2016,7959
"3137","209041216","Bundoora - North","Melbourne - North East",2017,7987
"3138","209041216","Bundoora - North","Melbourne - North East",2018,8005
"3139","209041216","Bundoora - North","Melbourne - North East",2019,7876
"3140","209041216","Bundoora - North","Melbourne - North East",2020,7760
"3141","209041216","Bundoora - North","Melbourne - North East",2021,7424
"3142","209041216","Bundoora - North","Melbourne - North East",2022,7491
"3143","209041216","Bundoora - North","Melbourne - North East",2023,7776
"3144","209041216","Bundoora - North","Melbourne - North East",2024,8005
"3145","209041217","Bundoora - West","Melbourne - North East",2001,6949
"3146","209041217","Bundoora - West","Melbourne - North East",2002,6890
"3147","209041217","Bundoora - West","Melbourne - North East",2003,6788
"3148","209041217","Bundoora - West","Melbourne - North East",2004,6685
"3149","209041217","Bundoora - West","Melbourne - North East",2005,6638
"3150","209041217","Bundoora - West","Melbourne - North East",2006,6583
"3151","209041217","Bundoora - West","Melbourne - North East",2007,6527
"3152","209041217","Bundoora - West","Melbourne - North East",2008,6503
"3153","209041217","Bundoora - West","Melbourne - North East",2009,6479
"3154","209041217","Bundoora - West","Melbourne - North East",2010,6477
"3155","209041217","Bundoora - West","Melbourne - North East",2011,6503
"3156","209041217","Bundoora - West","Melbourne - North East",2012,6485
"3157","209041217","Bundoora - West","Melbourne - North East",2013,6473
"3158","209041217","Bundoora - West","Melbourne - North East",2014,6450
"3159","209041217","Bundoora - West","Melbourne - North East",2015,6440
"3160","209041217","Bundoora - West","Melbourne - North East",2016,6456
"3161","209041217","Bundoora - West","Melbourne - North East",2017,6457
"3162","209041217","Bundoora - West","Melbourne - North East",2018,6471
"3163","209041217","Bundoora - West","Melbourne - North East",2019,6478
"3164","209041217","Bundoora - West","Melbourne - North East",2020,6463
"3165","209041217","Bundoora - West","Melbourne - North East",2021,6237
"3166","209041217","Bundoora - West","Melbourne - North East",2022,6305
"3167","209041217","Bundoora - West","Melbourne - North East",2023,6540
"3168","209041217","Bundoora - West","Melbourne - North East",2024,6742
"3169","209041220","Mill Park - North","Melbourne - North East",2001,18680
"3170","209041220","Mill Park - North","Melbourne - North East",2002,18853
"3171","209041220","Mill Park - North","Melbourne - North East",2003,18895
"3172","209041220","Mill Park - North","Melbourne - North East",2004,18938
"3173","209041220","Mill Park - North","Melbourne - North East",2005,19053
"3174","209041220","Mill Park - North","Melbourne - North East",2006,19275
"3175","209041220","Mill Park - North","Melbourne - North East",2007,19303
"3176","209041220","Mill Park - North","Melbourne - North East",2008,19360
"3177","209041220","Mill Park - North","Melbourne - North East",2009,19398
"3178","209041220","Mill Park - North","Melbourne - North East",2010,19219
"3179","209041220","Mill Park - North","Melbourne - North East",2011,19046
"3180","209041220","Mill Park - North","Melbourne - North East",2012,18841
"3181","209041220","Mill Park - North","Melbourne - North East",2013,18656
"3182","209041220","Mill Park - North","Melbourne - North East",2014,18710
"3183","209041220","Mill Park - North","Melbourne - North East",2015,18653
"3184","209041220","Mill Park - North","Melbourne - North East",2016,18712
"3185","209041220","Mill Park - North","Melbourne - North East",2017,18640
"3186","209041220","Mill Park - North","Melbourne - North East",2018,18597
"3187","209041220","Mill Park - North","Melbourne - North East",2019,18476
"3188","209041220","Mill Park - North","Melbourne - North East",2020,18274
"3189","209041220","Mill Park - North","Melbourne - North East",2021,17640
"3190","209041220","Mill Park - North","Melbourne - North East",2022,17321
"3191","209041220","Mill Park - North","Melbourne - North East",2023,17449
"3192","209041220","Mill Park - North","Melbourne - North East",2024,17706
"3193","209041221","Mill Park - South","Melbourne - North East",2001,13680
"3194","209041221","Mill Park - South","Melbourne - North East",2002,13597
"3195","209041221","Mill Park - South","Melbourne - North East",2003,13498
"3196","209041221","Mill Park - South","Melbourne - North East",2004,13420
"3197","209041221","Mill Park - South","Melbourne - North East",2005,13384
"3198","209041221","Mill Park - South","Melbourne - North East",2006,13408
"3199","209041221","Mill Park - South","Melbourne - North East",2007,13355
"3200","209041221","Mill Park - South","Melbourne - North East",2008,13276
"3201","209041221","Mill Park - South","Melbourne - North East",2009,13205
"3202","209041221","Mill Park - South","Melbourne - North East",2010,12960
"3203","209041221","Mill Park - South","Melbourne - North East",2011,12810
"3204","209041221","Mill Park - South","Melbourne - North East",2012,12723
"3205","209041221","Mill Park - South","Melbourne - North East",2013,12625
"3206","209041221","Mill Park - South","Melbourne - North East",2014,12540
"3207","209041221","Mill Park - South","Melbourne - North East",2015,12510
"3208","209041221","Mill Park - South","Melbourne - North East",2016,12526
"3209","209041221","Mill Park - South","Melbourne - North East",2017,12417
"3210","209041221","Mill Park - South","Melbourne - North East",2018,12250
"3211","209041221","Mill Park - South","Melbourne - North East",2019,12047
"3212","209041221","Mill Park - South","Melbourne - North East",2020,11897
"3213","209041221","Mill Park - South","Melbourne - North East",2021,11339
"3214","209041221","Mill Park - South","Melbourne - North East",2022,11167
"3215","209041221","Mill Park - South","Melbourne - North East",2023,11289
"3216","209041221","Mill Park - South","Melbourne - North East",2024,11322
"3217","209041223","Thomastown","Melbourne - North East",2001,22546
"3218","209041223","Thomastown","Melbourne - North East",2002,22382
"3219","209041223","Thomastown","Melbourne - North East",2003,22228
"3220","209041223","Thomastown","Melbourne - North East",2004,21869
"3221","209041223","Thomastown","Melbourne - North East",2005,21570
"3222","209041223","Thomastown","Melbourne - North East",2006,21422
"3223","209041223","Thomastown","Melbourne - North East",2007,21328
"3224","209041223","Thomastown","Melbourne - North East",2008,21398
"3225","209041223","Thomastown","Melbourne - North East",2009,21512
"3226","209041223","Thomastown","Melbourne - North East",2010,21526
"3227","209041223","Thomastown","Melbourne - North East",2011,21430
"3228","209041223","Thomastown","Melbourne - North East",2012,21420
"3229","209041223","Thomastown","Melbourne - North East",2013,21430
"3230","209041223","Thomastown","Melbourne - North East",2014,21432
"3231","209041223","Thomastown","Melbourne - North East",2015,21442
"3232","209041223","Thomastown","Melbourne - North East",2016,21485
"3233","209041223","Thomastown","Melbourne - North East",2017,21490
"3234","209041223","Thomastown","Melbourne - North East",2018,21458
"3235","209041223","Thomastown","Melbourne - North East",2019,21367
"3236","209041223","Thomastown","Melbourne - North East",2020,21173
"3237","209041223","Thomastown","Melbourne - North East",2021,20201
"3238","209041223","Thomastown","Melbourne - North East",2022,19992
"3239","209041223","Thomastown","Melbourne - North East",2023,20199
"3240","209041223","Thomastown","Melbourne - North East",2024,20538
"3241","209041224","Wallan","Melbourne - North East",2001,7916
"3242","209041224","Wallan","Melbourne - North East",2002,8421
"3243","209041224","Wallan","Melbourne - North East",2003,9042
"3244","209041224","Wallan","Melbourne - North East",2004,9562
"3245","209041224","Wallan","Melbourne - North East",2005,10044
"3246","209041224","Wallan","Melbourne - North East",2006,10330
"3247","209041224","Wallan","Melbourne - North East",2007,10586
"3248","209041224","Wallan","Melbourne - North East",2008,10938
"3249","209041224","Wallan","Melbourne - North East",2009,11268
"3250","209041224","Wallan","Melbourne - North East",2010,11643
"3251","209041224","Wallan","Melbourne - North East",2011,12189
"3252","209041224","Wallan","Melbourne - North East",2012,13090
"3253","209041224","Wallan","Melbourne - North East",2013,14058
"3254","209041224","Wallan","Melbourne - North East",2014,14859
"3255","209041224","Wallan","Melbourne - North East",2015,15686
"3256","209041224","Wallan","Melbourne - North East",2016,16747
"3257","209041224","Wallan","Melbourne - North East",2017,17618
"3258","209041224","Wallan","Melbourne - North East",2018,18740
"3259","209041224","Wallan","Melbourne - North East",2019,20090
"3260","209041224","Wallan","Melbourne - North East",2020,21543
"3261","209041224","Wallan","Melbourne - North East",2021,22953
"3262","209041224","Wallan","Melbourne - North East",2022,24680
"3263","209041224","Wallan","Melbourne - North East",2023,26296
"3264","209041224","Wallan","Melbourne - North East",2024,28415
"3265","209041225","Whittlesea","Melbourne - North East",2001,5781
"3266","209041225","Whittlesea","Melbourne - North East",2002,5931
"3267","209041225","Whittlesea","Melbourne - North East",2003,6208
"3268","209041225","Whittlesea","Melbourne - North East",2004,6440
"3269","209041225","Whittlesea","Melbourne - North East",2005,6700
"3270","209041225","Whittlesea","Melbourne - North East",2006,6778
"3271","209041225","Whittlesea","Melbourne - North East",2007,6869
"3272","209041225","Whittlesea","Melbourne - North East",2008,7004
"3273","209041225","Whittlesea","Melbourne - North East",2009,7156
"3274","209041225","Whittlesea","Melbourne - North East",2010,7381
"3275","209041225","Whittlesea","Melbourne - North East",2011,7580
"3276","209041225","Whittlesea","Melbourne - North East",2012,7762
"3277","209041225","Whittlesea","Melbourne - North East",2013,7920
"3278","209041225","Whittlesea","Melbourne - North East",2014,8049
"3279","209041225","Whittlesea","Melbourne - North East",2015,8221
"3280","209041225","Whittlesea","Melbourne - North East",2016,8436
"3281","209041225","Whittlesea","Melbourne - North East",2017,8786
"3282","209041225","Whittlesea","Melbourne - North East",2018,9121
"3283","209041225","Whittlesea","Melbourne - North East",2019,9436
"3284","209041225","Whittlesea","Melbourne - North East",2020,9803
"3285","209041225","Whittlesea","Melbourne - North East",2021,10763
"3286","209041225","Whittlesea","Melbourne - North East",2022,12336
"3287","209041225","Whittlesea","Melbourne - North East",2023,14016
"3288","209041225","Whittlesea","Melbourne - North East",2024,15811
"3289","209041431","Epping - East","Melbourne - North East",2001,9823
"3290","209041431","Epping - East","Melbourne - North East",2002,9921
"3291","209041431","Epping - East","Melbourne - North East",2003,10075
"3292","209041431","Epping - East","Melbourne - North East",2004,10176
"3293","209041431","Epping - East","Melbourne - North East",2005,10342
"3294","209041431","Epping - East","Melbourne - North East",2006,10580
"3295","209041431","Epping - East","Melbourne - North East",2007,10934
"3296","209041431","Epping - East","Melbourne - North East",2008,11304
"3297","209041431","Epping - East","Melbourne - North East",2009,11740
"3298","209041431","Epping - East","Melbourne - North East",2010,12035
"3299","209041431","Epping - East","Melbourne - North East",2011,12587
"3300","209041431","Epping - East","Melbourne - North East",2012,12857
"3301","209041431","Epping - East","Melbourne - North East",2013,13087
"3302","209041431","Epping - East","Melbourne - North East",2014,13272
"3303","209041431","Epping - East","Melbourne - North East",2015,13480
"3304","209041431","Epping - East","Melbourne - North East",2016,13738
"3305","209041431","Epping - East","Melbourne - North East",2017,13873
"3306","209041431","Epping - East","Melbourne - North East",2018,13931
"3307","209041431","Epping - East","Melbourne - North East",2019,13928
"3308","209041431","Epping - East","Melbourne - North East",2020,13793
"3309","209041431","Epping - East","Melbourne - North East",2021,13269
"3310","209041431","Epping - East","Melbourne - North East",2022,13170
"3311","209041431","Epping - East","Melbourne - North East",2023,13355
"3312","209041431","Epping - East","Melbourne - North East",2024,13492
"3313","209041432","Epping - South","Melbourne - North East",2001,8556
"3314","209041432","Epping - South","Melbourne - North East",2002,8673
"3315","209041432","Epping - South","Melbourne - North East",2003,8646
"3316","209041432","Epping - South","Melbourne - North East",2004,8567
"3317","209041432","Epping - South","Melbourne - North East",2005,8588
"3318","209041432","Epping - South","Melbourne - North East",2006,8578
"3319","209041432","Epping - South","Melbourne - North East",2007,8571
"3320","209041432","Epping - South","Melbourne - North East",2008,8540
"3321","209041432","Epping - South","Melbourne - North East",2009,8514
"3322","209041432","Epping - South","Melbourne - North East",2010,8482
"3323","209041432","Epping - South","Melbourne - North East",2011,8433
"3324","209041432","Epping - South","Melbourne - North East",2012,8499
"3325","209041432","Epping - South","Melbourne - North East",2013,8533
"3326","209041432","Epping - South","Melbourne - North East",2014,8557
"3327","209041432","Epping - South","Melbourne - North East",2015,8627
"3328","209041432","Epping - South","Melbourne - North East",2016,8690
"3329","209041432","Epping - South","Melbourne - North East",2017,8766
"3330","209041432","Epping - South","Melbourne - North East",2018,8783
"3331","209041432","Epping - South","Melbourne - North East",2019,8766
"3332","209041432","Epping - South","Melbourne - North East",2020,8655
"3333","209041432","Epping - South","Melbourne - North East",2021,8279
"3334","209041432","Epping - South","Melbourne - North East",2022,8085
"3335","209041432","Epping - South","Melbourne - North East",2023,8302
"3336","209041432","Epping - South","Melbourne - North East",2024,8413
"3337","209041433","Epping (Vic.) - West","Melbourne - North East",2001,655
"3338","209041433","Epping (Vic.) - West","Melbourne - North East",2002,645
"3339","209041433","Epping (Vic.) - West","Melbourne - North East",2003,635
"3340","209041433","Epping (Vic.) - West","Melbourne - North East",2004,619
"3341","209041433","Epping (Vic.) - West","Melbourne - North East",2005,615
"3342","209041433","Epping (Vic.) - West","Melbourne - North East",2006,617
"3343","209041433","Epping (Vic.) - West","Melbourne - North East",2007,1378
"3344","209041433","Epping (Vic.) - West","Melbourne - North East",2008,2310
"3345","209041433","Epping (Vic.) - West","Melbourne - North East",2009,3314
"3346","209041433","Epping (Vic.) - West","Melbourne - North East",2010,4027
"3347","209041433","Epping (Vic.) - West","Melbourne - North East",2011,6340
"3348","209041433","Epping (Vic.) - West","Melbourne - North East",2012,7253
"3349","209041433","Epping (Vic.) - West","Melbourne - North East",2013,8359
"3350","209041433","Epping (Vic.) - West","Melbourne - North East",2014,9351
"3351","209041433","Epping (Vic.) - West","Melbourne - North East",2015,10437
"3352","209041433","Epping (Vic.) - West","Melbourne - North East",2016,11484
"3353","209041433","Epping (Vic.) - West","Melbourne - North East",2017,12109
"3354","209041433","Epping (Vic.) - West","Melbourne - North East",2018,12431
"3355","209041433","Epping (Vic.) - West","Melbourne - North East",2019,12598
"3356","209041433","Epping (Vic.) - West","Melbourne - North East",2020,12552
"3357","209041433","Epping (Vic.) - West","Melbourne - North East",2021,12279
"3358","209041433","Epping (Vic.) - West","Melbourne - North East",2022,12403
"3359","209041433","Epping (Vic.) - West","Melbourne - North East",2023,12698
"3360","209041433","Epping (Vic.) - West","Melbourne - North East",2024,12905
"3361","209041435","South Morang - North","Melbourne - North East",2001,514
"3362","209041435","South Morang - North","Melbourne - North East",2002,987
"3363","209041435","South Morang - North","Melbourne - North East",2003,1831
"3364","209041435","South Morang - North","Melbourne - North East",2004,2451
"3365","209041435","South Morang - North","Melbourne - North East",2005,3374
"3366","209041435","South Morang - North","Melbourne - North East",2006,4163
"3367","209041435","South Morang - North","Melbourne - North East",2007,5081
"3368","209041435","South Morang - North","Melbourne - North East",2008,5912
"3369","209041435","South Morang - North","Melbourne - North East",2009,6821
"3370","209041435","South Morang - North","Melbourne - North East",2010,8649
"3371","209041435","South Morang - North","Melbourne - North East",2011,9816
"3372","209041435","South Morang - North","Melbourne - North East",2012,10880
"3373","209041435","South Morang - North","Melbourne - North East",2013,11465
"3374","209041435","South Morang - North","Melbourne - North East",2014,11838
"3375","209041435","South Morang - North","Melbourne - North East",2015,12240
"3376","209041435","South Morang - North","Melbourne - North East",2016,12675
"3377","209041435","South Morang - North","Melbourne - North East",2017,12864
"3378","209041435","South Morang - North","Melbourne - North East",2018,12950
"3379","209041435","South Morang - North","Melbourne - North East",2019,13010
"3380","209041435","South Morang - North","Melbourne - North East",2020,12942
"3381","209041435","South Morang - North","Melbourne - North East",2021,12714
"3382","209041435","South Morang - North","Melbourne - North East",2022,12704
"3383","209041435","South Morang - North","Melbourne - North East",2023,12877
"3384","209041435","South Morang - North","Melbourne - North East",2024,13070
"3385","209041436","South Morang - South","Melbourne - North East",2001,4815
"3386","209041436","South Morang - South","Melbourne - North East",2002,5780
"3387","209041436","South Morang - South","Melbourne - North East",2003,6745
"3388","209041436","South Morang - South","Melbourne - North East",2004,7495
"3389","209041436","South Morang - South","Melbourne - North East",2005,7923
"3390","209041436","South Morang - South","Melbourne - North East",2006,8410
"3391","209041436","South Morang - South","Melbourne - North East",2007,8925
"3392","209041436","South Morang - South","Melbourne - North East",2008,9802
"3393","209041436","South Morang - South","Melbourne - North East",2009,10549
"3394","209041436","South Morang - South","Melbourne - North East",2010,11375
"3395","209041436","South Morang - South","Melbourne - North East",2011,11842
"3396","209041436","South Morang - South","Melbourne - North East",2012,12061
"3397","209041436","South Morang - South","Melbourne - North East",2013,12230
"3398","209041436","South Morang - South","Melbourne - North East",2014,12354
"3399","209041436","South Morang - South","Melbourne - North East",2015,12452
"3400","209041436","South Morang - South","Melbourne - North East",2016,12558
"3401","209041436","South Morang - South","Melbourne - North East",2017,12701
"3402","209041436","South Morang - South","Melbourne - North East",2018,12769
"3403","209041436","South Morang - South","Melbourne - North East",2019,12811
"3404","209041436","South Morang - South","Melbourne - North East",2020,12856
"3405","209041436","South Morang - South","Melbourne - North East",2021,12513
"3406","209041436","South Morang - South","Melbourne - North East",2022,12410
"3407","209041436","South Morang - South","Melbourne - North East",2023,12589
"3408","209041436","South Morang - South","Melbourne - North East",2024,12889
"3409","209041437","Wollert","Melbourne - North East",2001,389
"3410","209041437","Wollert","Melbourne - North East",2002,356
"3411","209041437","Wollert","Melbourne - North East",2003,338
"3412","209041437","Wollert","Melbourne - North East",2004,348
"3413","209041437","Wollert","Melbourne - North East",2005,323
"3414","209041437","Wollert","Melbourne - North East",2006,346
"3415","209041437","Wollert","Melbourne - North East",2007,355
"3416","209041437","Wollert","Melbourne - North East",2008,376
"3417","209041437","Wollert","Melbourne - North East",2009,418
"3418","209041437","Wollert","Melbourne - North East",2010,424
"3419","209041437","Wollert","Melbourne - North East",2011,528
"3420","209041437","Wollert","Melbourne - North East",2012,1827
"3421","209041437","Wollert","Melbourne - North East",2013,3387
"3422","209041437","Wollert","Melbourne - North East",2014,5149
"3423","209041437","Wollert","Melbourne - North East",2015,7204
"3424","209041437","Wollert","Melbourne - North East",2016,9493
"3425","209041437","Wollert","Melbourne - North East",2017,11911
"3426","209041437","Wollert","Melbourne - North East",2018,14544
"3427","209041437","Wollert","Melbourne - North East",2019,17309
"3428","209041437","Wollert","Melbourne - North East",2020,20975
"3429","209041437","Wollert","Melbourne - North East",2021,24807
"3430","209041437","Wollert","Melbourne - North East",2022,28244
"3431","209041437","Wollert","Melbourne - North East",2023,30748
"3432","209041437","Wollert","Melbourne - North East",2024,33578
"3433","209041527","Doreen - North","Melbourne - North East",2001,437
"3434","209041527","Doreen - North","Melbourne - North East",2002,530
"3435","209041527","Doreen - North","Melbourne - North East",2003,773
"3436","209041527","Doreen - North","Melbourne - North East",2004,1326
"3437","209041527","Doreen - North","Melbourne - North East",2005,1881
"3438","209041527","Doreen - North","Melbourne - North East",2006,2542
"3439","209041527","Doreen - North","Melbourne - North East",2007,3172
"3440","209041527","Doreen - North","Melbourne - North East",2008,3593
"3441","209041527","Doreen - North","Melbourne - North East",2009,4875
"3442","209041527","Doreen - North","Melbourne - North East",2010,6458
"3443","209041527","Doreen - North","Melbourne - North East",2011,7990
"3444","209041527","Doreen - North","Melbourne - North East",2012,9549
"3445","209041527","Doreen - North","Melbourne - North East",2013,10964
"3446","209041527","Doreen - North","Melbourne - North East",2014,12212
"3447","209041527","Doreen - North","Melbourne - North East",2015,13217
"3448","209041527","Doreen - North","Melbourne - North East",2016,14640
"3449","209041527","Doreen - North","Melbourne - North East",2017,15315
"3450","209041527","Doreen - North","Melbourne - North East",2018,15853
"3451","209041527","Doreen - North","Melbourne - North East",2019,16065
"3452","209041527","Doreen - North","Melbourne - North East",2020,16321
"3453","209041527","Doreen - North","Melbourne - North East",2021,16484
"3454","209041527","Doreen - North","Melbourne - North East",2022,16712
"3455","209041527","Doreen - North","Melbourne - North East",2023,17107
"3456","209041527","Doreen - North","Melbourne - North East",2024,17231
"3457","209041528","Doreen - South","Melbourne - North East",2001,29
"3458","209041528","Doreen - South","Melbourne - North East",2002,29
"3459","209041528","Doreen - South","Melbourne - North East",2003,42
"3460","209041528","Doreen - South","Melbourne - North East",2004,72
"3461","209041528","Doreen - South","Melbourne - North East",2005,109
"3462","209041528","Doreen - South","Melbourne - North East",2006,191
"3463","209041528","Doreen - South","Melbourne - North East",2007,978
"3464","209041528","Doreen - South","Melbourne - North East",2008,1573
"3465","209041528","Doreen - South","Melbourne - North East",2009,2041
"3466","209041528","Doreen - South","Melbourne - North East",2010,2651
"3467","209041528","Doreen - South","Melbourne - North East",2011,3076
"3468","209041528","Doreen - South","Melbourne - North East",2012,4039
"3469","209041528","Doreen - South","Melbourne - North East",2013,4938
"3470","209041528","Doreen - South","Melbourne - North East",2014,5743
"3471","209041528","Doreen - South","Melbourne - North East",2015,6424
"3472","209041528","Doreen - South","Melbourne - North East",2016,7161
"3473","209041528","Doreen - South","Melbourne - North East",2017,7780
"3474","209041528","Doreen - South","Melbourne - North East",2018,8498
"3475","209041528","Doreen - South","Melbourne - North East",2019,9369
"3476","209041528","Doreen - South","Melbourne - North East",2020,10137
"3477","209041528","Doreen - South","Melbourne - North East",2021,10595
"3478","209041528","Doreen - South","Melbourne - North East",2022,11101
"3479","209041528","Doreen - South","Melbourne - North East",2023,11489
"3480","209041528","Doreen - South","Melbourne - North East",2024,11810
"3481","209041529","Lalor - East","Melbourne - North East",2001,10717
"3482","209041529","Lalor - East","Melbourne - North East",2002,10643
"3483","209041529","Lalor - East","Melbourne - North East",2003,10525
"3484","209041529","Lalor - East","Melbourne - North East",2004,10343
"3485","209041529","Lalor - East","Melbourne - North East",2005,10233
"3486","209041529","Lalor - East","Melbourne - North East",2006,10163
"3487","209041529","Lalor - East","Melbourne - North East",2007,10115
"3488","209041529","Lalor - East","Melbourne - North East",2008,10128
"3489","209041529","Lalor - East","Melbourne - North East",2009,10161
"3490","209041529","Lalor - East","Melbourne - North East",2010,10199
"3491","209041529","Lalor - East","Melbourne - North East",2011,10202
"3492","209041529","Lalor - East","Melbourne - North East",2012,10249
"3493","209041529","Lalor - East","Melbourne - North East",2013,10345
"3494","209041529","Lalor - East","Melbourne - North East",2014,10420
"3495","209041529","Lalor - East","Melbourne - North East",2015,10468
"3496","209041529","Lalor - East","Melbourne - North East",2016,10539
"3497","209041529","Lalor - East","Melbourne - North East",2017,10623
"3498","209041529","Lalor - East","Melbourne - North East",2018,10636
"3499","209041529","Lalor - East","Melbourne - North East",2019,10591
"3500","209041529","Lalor - East","Melbourne - North East",2020,10426
"3501","209041529","Lalor - East","Melbourne - North East",2021,10025
"3502","209041529","Lalor - East","Melbourne - North East",2022,9843
"3503","209041529","Lalor - East","Melbourne - North East",2023,9965
"3504","209041529","Lalor - East","Melbourne - North East",2024,10195
"3505","209041530","Lalor - West","Melbourne - North East",2001,10695
"3506","209041530","Lalor - West","Melbourne - North East",2002,10594
"3507","209041530","Lalor - West","Melbourne - North East",2003,10455
"3508","209041530","Lalor - West","Melbourne - North East",2004,10260
"3509","209041530","Lalor - West","Melbourne - North East",2005,10116
"3510","209041530","Lalor - West","Melbourne - North East",2006,10009
"3511","209041530","Lalor - West","Melbourne - North East",2007,10067
"3512","209041530","Lalor - West","Melbourne - North East",2008,10217
"3513","209041530","Lalor - West","Melbourne - North East",2009,10366
"3514","209041530","Lalor - West","Melbourne - North East",2010,10478
"3515","209041530","Lalor - West","Melbourne - North East",2011,10580
"3516","209041530","Lalor - West","Melbourne - North East",2012,11064
"3517","209041530","Lalor - West","Melbourne - North East",2013,11668
"3518","209041530","Lalor - West","Melbourne - North East",2014,12192
"3519","209041530","Lalor - West","Melbourne - North East",2015,12822
"3520","209041530","Lalor - West","Melbourne - North East",2016,13335
"3521","209041530","Lalor - West","Melbourne - North East",2017,13590
"3522","209041530","Lalor - West","Melbourne - North East",2018,13736
"3523","209041530","Lalor - West","Melbourne - North East",2019,13843
"3524","209041530","Lalor - West","Melbourne - North East",2020,13900
"3525","209041530","Lalor - West","Melbourne - North East",2021,13623
"3526","209041530","Lalor - West","Melbourne - North East",2022,13642
"3527","209041530","Lalor - West","Melbourne - North East",2023,13819
"3528","209041530","Lalor - West","Melbourne - North East",2024,13933
"3529","209041531","Mernda - North","Melbourne - North East",2001,686
"3530","209041531","Mernda - North","Melbourne - North East",2002,645
"3531","209041531","Mernda - North","Melbourne - North East",2003,639
"3532","209041531","Mernda - North","Melbourne - North East",2004,644
"3533","209041531","Mernda - North","Melbourne - North East",2005,646
"3534","209041531","Mernda - North","Melbourne - North East",2006,648
"3535","209041531","Mernda - North","Melbourne - North East",2007,810
"3536","209041531","Mernda - North","Melbourne - North East",2008,1233
"3537","209041531","Mernda - North","Melbourne - North East",2009,1908
"3538","209041531","Mernda - North","Melbourne - North East",2010,2547
"3539","209041531","Mernda - North","Melbourne - North East",2011,3269
"3540","209041531","Mernda - North","Melbourne - North East",2012,4296
"3541","209041531","Mernda - North","Melbourne - North East",2013,5451
"3542","209041531","Mernda - North","Melbourne - North East",2014,6473
"3543","209041531","Mernda - North","Melbourne - North East",2015,7492
"3544","209041531","Mernda - North","Melbourne - North East",2016,8811
"3545","209041531","Mernda - North","Melbourne - North East",2017,9702
"3546","209041531","Mernda - North","Melbourne - North East",2018,10437
"3547","209041531","Mernda - North","Melbourne - North East",2019,11111
"3548","209041531","Mernda - North","Melbourne - North East",2020,11473
"3549","209041531","Mernda - North","Melbourne - North East",2021,11553
"3550","209041531","Mernda - North","Melbourne - North East",2022,11658
"3551","209041531","Mernda - North","Melbourne - North East",2023,11773
"3552","209041531","Mernda - North","Melbourne - North East",2024,12038
"3553","209041532","Mernda - South","Melbourne - North East",2001,145
"3554","209041532","Mernda - South","Melbourne - North East",2002,136
"3555","209041532","Mernda - South","Melbourne - North East",2003,135
"3556","209041532","Mernda - South","Melbourne - North East",2004,133
"3557","209041532","Mernda - South","Melbourne - North East",2005,133
"3558","209041532","Mernda - South","Melbourne - North East",2006,135
"3559","209041532","Mernda - South","Melbourne - North East",2007,310
"3560","209041532","Mernda - South","Melbourne - North East",2008,869
"3561","209041532","Mernda - South","Melbourne - North East",2009,1686
"3562","209041532","Mernda - South","Melbourne - North East",2010,2325
"3563","209041532","Mernda - South","Melbourne - North East",2011,3126
"3564","209041532","Mernda - South","Melbourne - North East",2012,4116
"3565","209041532","Mernda - South","Melbourne - North East",2013,5177
"3566","209041532","Mernda - South","Melbourne - North East",2014,6092
"3567","209041532","Mernda - South","Melbourne - North East",2015,7207
"3568","209041532","Mernda - South","Melbourne - North East",2016,8360
"3569","209041532","Mernda - South","Melbourne - North East",2017,9415
"3570","209041532","Mernda - South","Melbourne - North East",2018,10131
"3571","209041532","Mernda - South","Melbourne - North East",2019,10991
"3572","209041532","Mernda - South","Melbourne - North East",2020,11640
"3573","209041532","Mernda - South","Melbourne - North East",2021,12086
"3574","209041532","Mernda - South","Melbourne - North East",2022,12559
"3575","209041532","Mernda - South","Melbourne - North East",2023,13022
"3576","209041532","Mernda - South","Melbourne - North East",2024,13526
"3577","210011226","Airport West","Melbourne - North West",2001,6997
"3578","210011226","Airport West","Melbourne - North West",2002,6970
"3579","210011226","Airport West","Melbourne - North West",2003,6952
"3580","210011226","Airport West","Melbourne - North West",2004,6904
"3581","210011226","Airport West","Melbourne - North West",2005,6870
"3582","210011226","Airport West","Melbourne - North West",2006,6878
"3583","210011226","Airport West","Melbourne - North West",2007,6920
"3584","210011226","Airport West","Melbourne - North West",2008,6983
"3585","210011226","Airport West","Melbourne - North West",2009,7067
"3586","210011226","Airport West","Melbourne - North West",2010,7175
"3587","210011226","Airport West","Melbourne - North West",2011,7234
"3588","210011226","Airport West","Melbourne - North West",2012,7301
"3589","210011226","Airport West","Melbourne - North West",2013,7390
"3590","210011226","Airport West","Melbourne - North West",2014,7521
"3591","210011226","Airport West","Melbourne - North West",2015,7694
"3592","210011226","Airport West","Melbourne - North West",2016,7903
"3593","210011226","Airport West","Melbourne - North West",2017,8019
"3594","210011226","Airport West","Melbourne - North West",2018,8169
"3595","210011226","Airport West","Melbourne - North West",2019,8390
"3596","210011226","Airport West","Melbourne - North West",2020,8362
"3597","210011226","Airport West","Melbourne - North West",2021,8240
"3598","210011226","Airport West","Melbourne - North West",2022,8295
"3599","210011226","Airport West","Melbourne - North West",2023,8463
"3600","210011226","Airport West","Melbourne - North West",2024,8647
"3601","210011227","Essendon Airport","Melbourne - North West",2001,0
"3602","210011227","Essendon Airport","Melbourne - North West",2002,0
"3603","210011227","Essendon Airport","Melbourne - North West",2003,0
"3604","210011227","Essendon Airport","Melbourne - North West",2004,0
"3605","210011227","Essendon Airport","Melbourne - North West",2005,0
"3606","210011227","Essendon Airport","Melbourne - North West",2006,0
"3607","210011227","Essendon Airport","Melbourne - North West",2007,0
"3608","210011227","Essendon Airport","Melbourne - North West",2008,0
"3609","210011227","Essendon Airport","Melbourne - North West",2009,0
"3610","210011227","Essendon Airport","Melbourne - North West",2010,0
"3611","210011227","Essendon Airport","Melbourne - North West",2011,0
"3612","210011227","Essendon Airport","Melbourne - North West",2012,0
"3613","210011227","Essendon Airport","Melbourne - North West",2013,0
"3614","210011227","Essendon Airport","Melbourne - North West",2014,0
"3615","210011227","Essendon Airport","Melbourne - North West",2015,0
"3616","210011227","Essendon Airport","Melbourne - North West",2016,0
"3617","210011227","Essendon Airport","Melbourne - North West",2017,3
"3618","210011227","Essendon Airport","Melbourne - North West",2018,6
"3619","210011227","Essendon Airport","Melbourne - North West",2019,8
"3620","210011227","Essendon Airport","Melbourne - North West",2020,11
"3621","210011227","Essendon Airport","Melbourne - North West",2021,14
"3622","210011227","Essendon Airport","Melbourne - North West",2022,14
"3623","210011227","Essendon Airport","Melbourne - North West",2023,14
"3624","210011227","Essendon Airport","Melbourne - North West",2024,14
"3625","210011228","Keilor","Melbourne - North West",2001,9341
"3626","210011228","Keilor","Melbourne - North West",2002,9257
"3627","210011228","Keilor","Melbourne - North West",2003,9150
"3628","210011228","Keilor","Melbourne - North West",2004,9080
"3629","210011228","Keilor","Melbourne - North West",2005,9000
"3630","210011228","Keilor","Melbourne - North West",2006,8937
"3631","210011228","Keilor","Melbourne - North West",2007,8836
"3632","210011228","Keilor","Melbourne - North West",2008,8800
"3633","210011228","Keilor","Melbourne - North West",2009,8767
"3634","210011228","Keilor","Melbourne - North West",2010,8678
"3635","210011228","Keilor","Melbourne - North West",2011,8634
"3636","210011228","Keilor","Melbourne - North West",2012,8662
"3637","210011228","Keilor","Melbourne - North West",2013,8724
"3638","210011228","Keilor","Melbourne - North West",2014,8806
"3639","210011228","Keilor","Melbourne - North West",2015,8886
"3640","210011228","Keilor","Melbourne - North West",2016,8993
"3641","210011228","Keilor","Melbourne - North West",2017,9013
"3642","210011228","Keilor","Melbourne - North West",2018,9012
"3643","210011228","Keilor","Melbourne - North West",2019,8953
"3644","210011228","Keilor","Melbourne - North West",2020,8778
"3645","210011228","Keilor","Melbourne - North West",2021,8596
"3646","210011228","Keilor","Melbourne - North West",2022,8541
"3647","210011228","Keilor","Melbourne - North West",2023,8562
"3648","210011228","Keilor","Melbourne - North West",2024,8701
"3649","210011230","Niddrie - Essendon West","Melbourne - North West",2001,5903
"3650","210011230","Niddrie - Essendon West","Melbourne - North West",2002,5929
"3651","210011230","Niddrie - Essendon West","Melbourne - North West",2003,5951
"3652","210011230","Niddrie - Essendon West","Melbourne - North West",2004,5979
"3653","210011230","Niddrie - Essendon West","Melbourne - North West",2005,6005
"3654","210011230","Niddrie - Essendon West","Melbourne - North West",2006,6089
"3655","210011230","Niddrie - Essendon West","Melbourne - North West",2007,6153
"3656","210011230","Niddrie - Essendon West","Melbourne - North West",2008,6280
"3657","210011230","Niddrie - Essendon West","Melbourne - North West",2009,6350
"3658","210011230","Niddrie - Essendon West","Melbourne - North West",2010,6458
"3659","210011230","Niddrie - Essendon West","Melbourne - North West",2011,6472
"3660","210011230","Niddrie - Essendon West","Melbourne - North West",2012,6594
"3661","210011230","Niddrie - Essendon West","Melbourne - North West",2013,6742
"3662","210011230","Niddrie - Essendon West","Melbourne - North West",2014,6896
"3663","210011230","Niddrie - Essendon West","Melbourne - North West",2015,7069
"3664","210011230","Niddrie - Essendon West","Melbourne - North West",2016,7250
"3665","210011230","Niddrie - Essendon West","Melbourne - North West",2017,7365
"3666","210011230","Niddrie - Essendon West","Melbourne - North West",2018,7504
"3667","210011230","Niddrie - Essendon West","Melbourne - North West",2019,7594
"3668","210011230","Niddrie - Essendon West","Melbourne - North West",2020,7646
"3669","210011230","Niddrie - Essendon West","Melbourne - North West",2021,7520
"3670","210011230","Niddrie - Essendon West","Melbourne - North West",2022,7573
"3671","210011230","Niddrie - Essendon West","Melbourne - North West",2023,7796
"3672","210011230","Niddrie - Essendon West","Melbourne - North West",2024,7925
"3673","210011231","Strathmore","Melbourne - North West",2001,8838
"3674","210011231","Strathmore","Melbourne - North West",2002,8818
"3675","210011231","Strathmore","Melbourne - North West",2003,8803
"3676","210011231","Strathmore","Melbourne - North West",2004,8826
"3677","210011231","Strathmore","Melbourne - North West",2005,8907
"3678","210011231","Strathmore","Melbourne - North West",2006,8987
"3679","210011231","Strathmore","Melbourne - North West",2007,9036
"3680","210011231","Strathmore","Melbourne - North West",2008,9169
"3681","210011231","Strathmore","Melbourne - North West",2009,9378
"3682","210011231","Strathmore","Melbourne - North West",2010,9419
"3683","210011231","Strathmore","Melbourne - North West",2011,9397
"3684","210011231","Strathmore","Melbourne - North West",2012,9424
"3685","210011231","Strathmore","Melbourne - North West",2013,9499
"3686","210011231","Strathmore","Melbourne - North West",2014,9578
"3687","210011231","Strathmore","Melbourne - North West",2015,9729
"3688","210011231","Strathmore","Melbourne - North West",2016,9968
"3689","210011231","Strathmore","Melbourne - North West",2017,10157
"3690","210011231","Strathmore","Melbourne - North West",2018,10269
"3691","210011231","Strathmore","Melbourne - North West",2019,10311
"3692","210011231","Strathmore","Melbourne - North West",2020,10277
"3693","210011231","Strathmore","Melbourne - North West",2021,10107
"3694","210011231","Strathmore","Melbourne - North West",2022,10184
"3695","210011231","Strathmore","Melbourne - North West",2023,10323
"3696","210011231","Strathmore","Melbourne - North West",2024,10457
"3697","210011533","Avondale Heights","Melbourne - North West",2001,11834
"3698","210011533","Avondale Heights","Melbourne - North West",2002,11735
"3699","210011533","Avondale Heights","Melbourne - North West",2003,11600
"3700","210011533","Avondale Heights","Melbourne - North West",2004,11494
"3701","210011533","Avondale Heights","Melbourne - North West",2005,11409
"3702","210011533","Avondale Heights","Melbourne - North West",2006,11403
"3703","210011533","Avondale Heights","Melbourne - North West",2007,11434
"3704","210011533","Avondale Heights","Melbourne - North West",2008,11507
"3705","210011533","Avondale Heights","Melbourne - North West",2009,11542
"3706","210011533","Avondale Heights","Melbourne - North West",2010,11548
"3707","210011533","Avondale Heights","Melbourne - North West",2011,11509
"3708","210011533","Avondale Heights","Melbourne - North West",2012,11599
"3709","210011533","Avondale Heights","Melbourne - North West",2013,11710
"3710","210011533","Avondale Heights","Melbourne - North West",2014,11855
"3711","210011533","Avondale Heights","Melbourne - North West",2015,12022
"3712","210011533","Avondale Heights","Melbourne - North West",2016,12199
"3713","210011533","Avondale Heights","Melbourne - North West",2017,12329
"3714","210011533","Avondale Heights","Melbourne - North West",2018,12451
"3715","210011533","Avondale Heights","Melbourne - North West",2019,12628
"3716","210011533","Avondale Heights","Melbourne - North West",2020,12642
"3717","210011533","Avondale Heights","Melbourne - North West",2021,12473
"3718","210011533","Avondale Heights","Melbourne - North West",2022,12393
"3719","210011533","Avondale Heights","Melbourne - North West",2023,12571
"3720","210011533","Avondale Heights","Melbourne - North West",2024,12822
"3721","210011534","Keilor East","Melbourne - North West",2001,14065
"3722","210011534","Keilor East","Melbourne - North West",2002,13937
"3723","210011534","Keilor East","Melbourne - North West",2003,13763
"3724","210011534","Keilor East","Melbourne - North West",2004,13650
"3725","210011534","Keilor East","Melbourne - North West",2005,13545
"3726","210011534","Keilor East","Melbourne - North West",2006,13542
"3727","210011534","Keilor East","Melbourne - North West",2007,13592
"3728","210011534","Keilor East","Melbourne - North West",2008,13639
"3729","210011534","Keilor East","Melbourne - North West",2009,13727
"3730","210011534","Keilor East","Melbourne - North West",2010,13796
"3731","210011534","Keilor East","Melbourne - North West",2011,13885
"3732","210011534","Keilor East","Melbourne - North West",2012,14037
"3733","210011534","Keilor East","Melbourne - North West",2013,14254
"3734","210011534","Keilor East","Melbourne - North West",2014,14594
"3735","210011534","Keilor East","Melbourne - North West",2015,14938
"3736","210011534","Keilor East","Melbourne - North West",2016,15200
"3737","210011534","Keilor East","Melbourne - North West",2017,15263
"3738","210011534","Keilor East","Melbourne - North West",2018,15357
"3739","210011534","Keilor East","Melbourne - North West",2019,15475
"3740","210011534","Keilor East","Melbourne - North West",2020,15471
"3741","210011534","Keilor East","Melbourne - North West",2021,15174
"3742","210011534","Keilor East","Melbourne - North West",2022,15196
"3743","210011534","Keilor East","Melbourne - North West",2023,15312
"3744","210011534","Keilor East","Melbourne - North West",2024,15497
"3745","210021232","Gisborne","Melbourne - North West",2001,9055
"3746","210021232","Gisborne","Melbourne - North West",2002,9172
"3747","210021232","Gisborne","Melbourne - North West",2003,9310
"3748","210021232","Gisborne","Melbourne - North West",2004,9500
"3749","210021232","Gisborne","Melbourne - North West",2005,9710
"3750","210021232","Gisborne","Melbourne - North West",2006,9823
"3751","210021232","Gisborne","Melbourne - North West",2007,10031
"3752","210021232","Gisborne","Melbourne - North West",2008,10364
"3753","210021232","Gisborne","Melbourne - North West",2009,10769
"3754","210021232","Gisborne","Melbourne - North West",2010,11055
"3755","210021232","Gisborne","Melbourne - North West",2011,11380
"3756","210021232","Gisborne","Melbourne - North West",2012,11783
"3757","210021232","Gisborne","Melbourne - North West",2013,12087
"3758","210021232","Gisborne","Melbourne - North West",2014,12404
"3759","210021232","Gisborne","Melbourne - North West",2015,12850
"3760","210021232","Gisborne","Melbourne - North West",2016,13312
"3761","210021232","Gisborne","Melbourne - North West",2017,13611
"3762","210021232","Gisborne","Melbourne - North West",2018,13909
"3763","210021232","Gisborne","Melbourne - North West",2019,14121
"3764","210021232","Gisborne","Melbourne - North West",2020,14245
"3765","210021232","Gisborne","Melbourne - North West",2021,14340
"3766","210021232","Gisborne","Melbourne - North West",2022,14456
"3767","210021232","Gisborne","Melbourne - North West",2023,14903
"3768","210021232","Gisborne","Melbourne - North West",2024,15434
"3769","210021233","Macedon","Melbourne - North West",2001,3516
"3770","210021233","Macedon","Melbourne - North West",2002,3499
"3771","210021233","Macedon","Melbourne - North West",2003,3472
"3772","210021233","Macedon","Melbourne - North West",2004,3474
"3773","210021233","Macedon","Melbourne - North West",2005,3452
"3774","210021233","Macedon","Melbourne - North West",2006,3459
"3775","210021233","Macedon","Melbourne - North West",2007,3432
"3776","210021233","Macedon","Melbourne - North West",2008,3391
"3777","210021233","Macedon","Melbourne - North West",2009,3374
"3778","210021233","Macedon","Melbourne - North West",2010,3329
"3779","210021233","Macedon","Melbourne - North West",2011,3308
"3780","210021233","Macedon","Melbourne - North West",2012,3354
"3781","210021233","Macedon","Melbourne - North West",2013,3394
"3782","210021233","Macedon","Melbourne - North West",2014,3443
"3783","210021233","Macedon","Melbourne - North West",2015,3476
"3784","210021233","Macedon","Melbourne - North West",2016,3525
"3785","210021233","Macedon","Melbourne - North West",2017,3537
"3786","210021233","Macedon","Melbourne - North West",2018,3542
"3787","210021233","Macedon","Melbourne - North West",2019,3541
"3788","210021233","Macedon","Melbourne - North West",2020,3536
"3789","210021233","Macedon","Melbourne - North West",2021,3540
"3790","210021233","Macedon","Melbourne - North West",2022,3581
"3791","210021233","Macedon","Melbourne - North West",2023,3589
"3792","210021233","Macedon","Melbourne - North West",2024,3645
"3793","210021234","Riddells Creek","Melbourne - North West",2001,3471
"3794","210021234","Riddells Creek","Melbourne - North West",2002,3475
"3795","210021234","Riddells Creek","Melbourne - North West",2003,3500
"3796","210021234","Riddells Creek","Melbourne - North West",2004,3554
"3797","210021234","Riddells Creek","Melbourne - North West",2005,3565
"3798","210021234","Riddells Creek","Melbourne - North West",2006,3648
"3799","210021234","Riddells Creek","Melbourne - North West",2007,3697
"3800","210021234","Riddells Creek","Melbourne - North West",2008,3749
"3801","210021234","Riddells Creek","Melbourne - North West",2009,3801
"3802","210021234","Riddells Creek","Melbourne - North West",2010,3842
"3803","210021234","Riddells Creek","Melbourne - North West",2011,3882
"3804","210021234","Riddells Creek","Melbourne - North West",2012,3929
"3805","210021234","Riddells Creek","Melbourne - North West",2013,4008
"3806","210021234","Riddells Creek","Melbourne - North West",2014,4066
"3807","210021234","Riddells Creek","Melbourne - North West",2015,4113
"3808","210021234","Riddells Creek","Melbourne - North West",2016,4174
"3809","210021234","Riddells Creek","Melbourne - North West",2017,4250
"3810","210021234","Riddells Creek","Melbourne - North West",2018,4298
"3811","210021234","Riddells Creek","Melbourne - North West",2019,4340
"3812","210021234","Riddells Creek","Melbourne - North West",2020,4442
"3813","210021234","Riddells Creek","Melbourne - North West",2021,4498
"3814","210021234","Riddells Creek","Melbourne - North West",2022,4539
"3815","210021234","Riddells Creek","Melbourne - North West",2023,4560
"3816","210021234","Riddells Creek","Melbourne - North West",2024,4547
"3817","210021235","Romsey","Melbourne - North West",2001,7425
"3818","210021235","Romsey","Melbourne - North West",2002,7509
"3819","210021235","Romsey","Melbourne - North West",2003,7656
"3820","210021235","Romsey","Melbourne - North West",2004,7839
"3821","210021235","Romsey","Melbourne - North West",2005,7989
"3822","210021235","Romsey","Melbourne - North West",2006,8098
"3823","210021235","Romsey","Melbourne - North West",2007,8207
"3824","210021235","Romsey","Melbourne - North West",2008,8336
"3825","210021235","Romsey","Melbourne - North West",2009,8585
"3826","210021235","Romsey","Melbourne - North West",2010,8750
"3827","210021235","Romsey","Melbourne - North West",2011,8832
"3828","210021235","Romsey","Melbourne - North West",2012,8994
"3829","210021235","Romsey","Melbourne - North West",2013,9091
"3830","210021235","Romsey","Melbourne - North West",2014,9248
"3831","210021235","Romsey","Melbourne - North West",2015,9389
"3832","210021235","Romsey","Melbourne - North West",2016,9663
"3833","210021235","Romsey","Melbourne - North West",2017,9898
"3834","210021235","Romsey","Melbourne - North West",2018,10102
"3835","210021235","Romsey","Melbourne - North West",2019,10372
"3836","210021235","Romsey","Melbourne - North West",2020,10612
"3837","210021235","Romsey","Melbourne - North West",2021,10835
"3838","210021235","Romsey","Melbourne - North West",2022,11090
"3839","210021235","Romsey","Melbourne - North West",2023,11265
"3840","210021235","Romsey","Melbourne - North West",2024,11489
"3841","210031236","Coburg North","Melbourne - North West",2001,6404
"3842","210031236","Coburg North","Melbourne - North West",2002,6381
"3843","210031236","Coburg North","Melbourne - North West",2003,6305
"3844","210031236","Coburg North","Melbourne - North West",2004,6293
"3845","210031236","Coburg North","Melbourne - North West",2005,6273
"3846","210031236","Coburg North","Melbourne - North West",2006,6293
"3847","210031236","Coburg North","Melbourne - North West",2007,6434
"3848","210031236","Coburg North","Melbourne - North West",2008,6490
"3849","210031236","Coburg North","Melbourne - North West",2009,6700
"3850","210031236","Coburg North","Melbourne - North West",2010,6784
"3851","210031236","Coburg North","Melbourne - North West",2011,6852
"3852","210031236","Coburg North","Melbourne - North West",2012,6969
"3853","210031236","Coburg North","Melbourne - North West",2013,7171
"3854","210031236","Coburg North","Melbourne - North West",2014,7474
"3855","210031236","Coburg North","Melbourne - North West",2015,7789
"3856","210031236","Coburg North","Melbourne - North West",2016,8112
"3857","210031236","Coburg North","Melbourne - North West",2017,8383
"3858","210031236","Coburg North","Melbourne - North West",2018,8589
"3859","210031236","Coburg North","Melbourne - North West",2019,8694
"3860","210031236","Coburg North","Melbourne - North West",2020,8775
"3861","210031236","Coburg North","Melbourne - North West",2021,8513
"3862","210031236","Coburg North","Melbourne - North West",2022,8613
"3863","210031236","Coburg North","Melbourne - North West",2023,8826
"3864","210031236","Coburg North","Melbourne - North West",2024,8935
"3865","210031237","Fawkner","Melbourne - North West",2001,12297
"3866","210031237","Fawkner","Melbourne - North West",2002,12219
"3867","210031237","Fawkner","Melbourne - North West",2003,12164
"3868","210031237","Fawkner","Melbourne - North West",2004,12181
"3869","210031237","Fawkner","Melbourne - North West",2005,12167
"3870","210031237","Fawkner","Melbourne - North West",2006,12250
"3871","210031237","Fawkner","Melbourne - North West",2007,12481
"3872","210031237","Fawkner","Melbourne - North West",2008,12674
"3873","210031237","Fawkner","Melbourne - North West",2009,12970
"3874","210031237","Fawkner","Melbourne - North West",2010,13106
"3875","210031237","Fawkner","Melbourne - North West",2011,13171
"3876","210031237","Fawkner","Melbourne - North West",2012,13316
"3877","210031237","Fawkner","Melbourne - North West",2013,13527
"3878","210031237","Fawkner","Melbourne - North West",2014,13876
"3879","210031237","Fawkner","Melbourne - North West",2015,14185
"3880","210031237","Fawkner","Melbourne - North West",2016,14460
"3881","210031237","Fawkner","Melbourne - North West",2017,14673
"3882","210031237","Fawkner","Melbourne - North West",2018,14795
"3883","210031237","Fawkner","Melbourne - North West",2019,14917
"3884","210031237","Fawkner","Melbourne - North West",2020,14781
"3885","210031237","Fawkner","Melbourne - North West",2021,14184
"3886","210031237","Fawkner","Melbourne - North West",2022,14192
"3887","210031237","Fawkner","Melbourne - North West",2023,14707
"3888","210031237","Fawkner","Melbourne - North West",2024,14960
"3889","210031439","Gowanbrae","Melbourne - North West",2001,526
"3890","210031439","Gowanbrae","Melbourne - North West",2002,1001
"3891","210031439","Gowanbrae","Melbourne - North West",2003,1355
"3892","210031439","Gowanbrae","Melbourne - North West",2004,1543
"3893","210031439","Gowanbrae","Melbourne - North West",2005,1779
"3894","210031439","Gowanbrae","Melbourne - North West",2006,2053
"3895","210031439","Gowanbrae","Melbourne - North West",2007,2319
"3896","210031439","Gowanbrae","Melbourne - North West",2008,2516
"3897","210031439","Gowanbrae","Melbourne - North West",2009,2711
"3898","210031439","Gowanbrae","Melbourne - North West",2010,2769
"3899","210031439","Gowanbrae","Melbourne - North West",2011,2886
"3900","210031439","Gowanbrae","Melbourne - North West",2012,2907
"3901","210031439","Gowanbrae","Melbourne - North West",2013,2928
"3902","210031439","Gowanbrae","Melbourne - North West",2014,2956
"3903","210031439","Gowanbrae","Melbourne - North West",2015,2999
"3904","210031439","Gowanbrae","Melbourne - North West",2016,3042
"3905","210031439","Gowanbrae","Melbourne - North West",2017,3092
"3906","210031439","Gowanbrae","Melbourne - North West",2018,3120
"3907","210031439","Gowanbrae","Melbourne - North West",2019,3139
"3908","210031439","Gowanbrae","Melbourne - North West",2020,3156
"3909","210031439","Gowanbrae","Melbourne - North West",2021,3141
"3910","210031439","Gowanbrae","Melbourne - North West",2022,3134
"3911","210031439","Gowanbrae","Melbourne - North West",2023,3190
"3912","210031439","Gowanbrae","Melbourne - North West",2024,3189
"3913","210031440","Hadfield","Melbourne - North West",2001,5711
"3914","210031440","Hadfield","Melbourne - North West",2002,5579
"3915","210031440","Hadfield","Melbourne - North West",2003,5481
"3916","210031440","Hadfield","Melbourne - North West",2004,5461
"3917","210031440","Hadfield","Melbourne - North West",2005,5424
"3918","210031440","Hadfield","Melbourne - North West",2006,5425
"3919","210031440","Hadfield","Melbourne - North West",2007,5423
"3920","210031440","Hadfield","Melbourne - North West",2008,5452
"3921","210031440","Hadfield","Melbourne - North West",2009,5506
"3922","210031440","Hadfield","Melbourne - North West",2010,5544
"3923","210031440","Hadfield","Melbourne - North West",2011,5571
"3924","210031440","Hadfield","Melbourne - North West",2012,5592
"3925","210031440","Hadfield","Melbourne - North West",2013,5648
"3926","210031440","Hadfield","Melbourne - North West",2014,5726
"3927","210031440","Hadfield","Melbourne - North West",2015,5803
"3928","210031440","Hadfield","Melbourne - North West",2016,5911
"3929","210031440","Hadfield","Melbourne - North West",2017,6021
"3930","210031440","Hadfield","Melbourne - North West",2018,6110
"3931","210031440","Hadfield","Melbourne - North West",2019,6273
"3932","210031440","Hadfield","Melbourne - North West",2020,6394
"3933","210031440","Hadfield","Melbourne - North West",2021,6298
"3934","210031440","Hadfield","Melbourne - North West",2022,6378
"3935","210031440","Hadfield","Melbourne - North West",2023,6524
"3936","210031440","Hadfield","Melbourne - North West",2024,6654
"3937","210031535","Glenroy - East","Melbourne - North West",2001,12067
"3938","210031535","Glenroy - East","Melbourne - North West",2002,11936
"3939","210031535","Glenroy - East","Melbourne - North West",2003,11900
"3940","210031535","Glenroy - East","Melbourne - North West",2004,11949
"3941","210031535","Glenroy - East","Melbourne - North West",2005,11997
"3942","210031535","Glenroy - East","Melbourne - North West",2006,12076
"3943","210031535","Glenroy - East","Melbourne - North West",2007,12202
"3944","210031535","Glenroy - East","Melbourne - North West",2008,12321
"3945","210031535","Glenroy - East","Melbourne - North West",2009,12633
"3946","210031535","Glenroy - East","Melbourne - North West",2010,12833
"3947","210031535","Glenroy - East","Melbourne - North West",2011,13101
"3948","210031535","Glenroy - East","Melbourne - North West",2012,13337
"3949","210031535","Glenroy - East","Melbourne - North West",2013,13645
"3950","210031535","Glenroy - East","Melbourne - North West",2014,14006
"3951","210031535","Glenroy - East","Melbourne - North West",2015,14294
"3952","210031535","Glenroy - East","Melbourne - North West",2016,14757
"3953","210031535","Glenroy - East","Melbourne - North West",2017,15080
"3954","210031535","Glenroy - East","Melbourne - North West",2018,15411
"3955","210031535","Glenroy - East","Melbourne - North West",2019,15554
"3956","210031535","Glenroy - East","Melbourne - North West",2020,15565
"3957","210031535","Glenroy - East","Melbourne - North West",2021,14980
"3958","210031535","Glenroy - East","Melbourne - North West",2022,14870
"3959","210031535","Glenroy - East","Melbourne - North West",2023,15431
"3960","210031535","Glenroy - East","Melbourne - North West",2024,15735
"3961","210031536","Glenroy - West","Melbourne - North West",2001,6486
"3962","210031536","Glenroy - West","Melbourne - North West",2002,6510
"3963","210031536","Glenroy - West","Melbourne - North West",2003,6498
"3964","210031536","Glenroy - West","Melbourne - North West",2004,6572
"3965","210031536","Glenroy - West","Melbourne - North West",2005,6628
"3966","210031536","Glenroy - West","Melbourne - North West",2006,6736
"3967","210031536","Glenroy - West","Melbourne - North West",2007,6831
"3968","210031536","Glenroy - West","Melbourne - North West",2008,7005
"3969","210031536","Glenroy - West","Melbourne - North West",2009,7190
"3970","210031536","Glenroy - West","Melbourne - North West",2010,7363
"3971","210031536","Glenroy - West","Melbourne - North West",2011,7467
"3972","210031536","Glenroy - West","Melbourne - North West",2012,7646
"3973","210031536","Glenroy - West","Melbourne - North West",2013,7759
"3974","210031536","Glenroy - West","Melbourne - North West",2014,7963
"3975","210031536","Glenroy - West","Melbourne - North West",2015,8185
"3976","210031536","Glenroy - West","Melbourne - North West",2016,8396
"3977","210031536","Glenroy - West","Melbourne - North West",2017,8640
"3978","210031536","Glenroy - West","Melbourne - North West",2018,8863
"3979","210031536","Glenroy - West","Melbourne - North West",2019,9077
"3980","210031536","Glenroy - West","Melbourne - North West",2020,9246
"3981","210031536","Glenroy - West","Melbourne - North West",2021,8976
"3982","210031536","Glenroy - West","Melbourne - North West",2022,9022
"3983","210031536","Glenroy - West","Melbourne - North West",2023,9351
"3984","210031536","Glenroy - West","Melbourne - North West",2024,9575
"3985","210031537","Oak Park","Melbourne - North West",2001,6163
"3986","210031537","Oak Park","Melbourne - North West",2002,6127
"3987","210031537","Oak Park","Melbourne - North West",2003,6096
"3988","210031537","Oak Park","Melbourne - North West",2004,6091
"3989","210031537","Oak Park","Melbourne - North West",2005,6084
"3990","210031537","Oak Park","Melbourne - North West",2006,6137
"3991","210031537","Oak Park","Melbourne - North West",2007,6237
"3992","210031537","Oak Park","Melbourne - North West",2008,6401
"3993","210031537","Oak Park","Melbourne - North West",2009,6554
"3994","210031537","Oak Park","Melbourne - North West",2010,6689
"3995","210031537","Oak Park","Melbourne - North West",2011,6798
"3996","210031537","Oak Park","Melbourne - North West",2012,6925
"3997","210031537","Oak Park","Melbourne - North West",2013,7057
"3998","210031537","Oak Park","Melbourne - North West",2014,7196
"3999","210031537","Oak Park","Melbourne - North West",2015,7366
"4000","210031537","Oak Park","Melbourne - North West",2016,7604
"4001","210031537","Oak Park","Melbourne - North West",2017,7781
"4002","210031537","Oak Park","Melbourne - North West",2018,7943
"4003","210031537","Oak Park","Melbourne - North West",2019,8073
"4004","210031537","Oak Park","Melbourne - North West",2020,8153
"4005","210031537","Oak Park","Melbourne - North West",2021,7978
"4006","210031537","Oak Park","Melbourne - North West",2022,8107
"4007","210031537","Oak Park","Melbourne - North West",2023,8290
"4008","210031537","Oak Park","Melbourne - North West",2024,8488
"4009","210031538","Pascoe Vale","Melbourne - North West",2001,13018
"4010","210031538","Pascoe Vale","Melbourne - North West",2002,12975
"4011","210031538","Pascoe Vale","Melbourne - North West",2003,12973
"4012","210031538","Pascoe Vale","Melbourne - North West",2004,12979
"4013","210031538","Pascoe Vale","Melbourne - North West",2005,13069
"4014","210031538","Pascoe Vale","Melbourne - North West",2006,13299
"4015","210031538","Pascoe Vale","Melbourne - North West",2007,13690
"4016","210031538","Pascoe Vale","Melbourne - North West",2008,13910
"4017","210031538","Pascoe Vale","Melbourne - North West",2009,14333
"4018","210031538","Pascoe Vale","Melbourne - North West",2010,14609
"4019","210031538","Pascoe Vale","Melbourne - North West",2011,14708
"4020","210031538","Pascoe Vale","Melbourne - North West",2012,15166
"4021","210031538","Pascoe Vale","Melbourne - North West",2013,15552
"4022","210031538","Pascoe Vale","Melbourne - North West",2014,16061
"4023","210031538","Pascoe Vale","Melbourne - North West",2015,16547
"4024","210031538","Pascoe Vale","Melbourne - North West",2016,17225
"4025","210031538","Pascoe Vale","Melbourne - North West",2017,17551
"4026","210031538","Pascoe Vale","Melbourne - North West",2018,17860
"4027","210031538","Pascoe Vale","Melbourne - North West",2019,17962
"4028","210031538","Pascoe Vale","Melbourne - North West",2020,17951
"4029","210031538","Pascoe Vale","Melbourne - North West",2021,17402
"4030","210031538","Pascoe Vale","Melbourne - North West",2022,17476
"4031","210031538","Pascoe Vale","Melbourne - North West",2023,17933
"4032","210031538","Pascoe Vale","Melbourne - North West",2024,18434
"4033","210041240","Sunbury","Melbourne - North West",2001,10282
"4034","210041240","Sunbury","Melbourne - North West",2002,10508
"4035","210041240","Sunbury","Melbourne - North West",2003,10941
"4036","210041240","Sunbury","Melbourne - North West",2004,11492
"4037","210041240","Sunbury","Melbourne - North West",2005,11964
"4038","210041240","Sunbury","Melbourne - North West",2006,12210
"4039","210041240","Sunbury","Melbourne - North West",2007,12542
"4040","210041240","Sunbury","Melbourne - North West",2008,12777
"4041","210041240","Sunbury","Melbourne - North West",2009,12961
"4042","210041240","Sunbury","Melbourne - North West",2010,13050
"4043","210041240","Sunbury","Melbourne - North West",2011,13072
"4044","210041240","Sunbury","Melbourne - North West",2012,13077
"4045","210041240","Sunbury","Melbourne - North West",2013,13088
"4046","210041240","Sunbury","Melbourne - North West",2014,13129
"4047","210041240","Sunbury","Melbourne - North West",2015,13170
"4048","210041240","Sunbury","Melbourne - North West",2016,13238
"4049","210041240","Sunbury","Melbourne - North West",2017,13338
"4050","210041240","Sunbury","Melbourne - North West",2018,13454
"4051","210041240","Sunbury","Melbourne - North West",2019,13637
"4052","210041240","Sunbury","Melbourne - North West",2020,13858
"4053","210041240","Sunbury","Melbourne - North West",2021,13788
"4054","210041240","Sunbury","Melbourne - North West",2022,13845
"4055","210041240","Sunbury","Melbourne - North West",2023,14229
"4056","210041240","Sunbury","Melbourne - North West",2024,14810
"4057","210041539","Diggers Rest","Melbourne - North West",2001,1934
"4058","210041539","Diggers Rest","Melbourne - North West",2002,1981
"4059","210041539","Diggers Rest","Melbourne - North West",2003,2009
"4060","210041539","Diggers Rest","Melbourne - North West",2004,1999
"4061","210041539","Diggers Rest","Melbourne - North West",2005,1980
"4062","210041539","Diggers Rest","Melbourne - North West",2006,1924
"4063","210041539","Diggers Rest","Melbourne - North West",2007,1841
"4064","210041539","Diggers Rest","Melbourne - North West",2008,1886
"4065","210041539","Diggers Rest","Melbourne - North West",2009,1867
"4066","210041539","Diggers Rest","Melbourne - North West",2010,1874
"4067","210041539","Diggers Rest","Melbourne - North West",2011,1907
"4068","210041539","Diggers Rest","Melbourne - North West",2012,2004
"4069","210041539","Diggers Rest","Melbourne - North West",2013,2078
"4070","210041539","Diggers Rest","Melbourne - North West",2014,2163
"4071","210041539","Diggers Rest","Melbourne - North West",2015,2252
"4072","210041539","Diggers Rest","Melbourne - North West",2016,2447
"4073","210041539","Diggers Rest","Melbourne - North West",2017,2637
"4074","210041539","Diggers Rest","Melbourne - North West",2018,2989
"4075","210041539","Diggers Rest","Melbourne - North West",2019,3760
"4076","210041539","Diggers Rest","Melbourne - North West",2020,4651
"4077","210041539","Diggers Rest","Melbourne - North West",2021,5302
"4078","210041539","Diggers Rest","Melbourne - North West",2022,5840
"4079","210041539","Diggers Rest","Melbourne - North West",2023,6439
"4080","210041539","Diggers Rest","Melbourne - North West",2024,6967
"4081","210041540","Sunbury - South","Melbourne - North West",2001,8310
"4082","210041540","Sunbury - South","Melbourne - North West",2002,8586
"4083","210041540","Sunbury - South","Melbourne - North West",2003,9003
"4084","210041540","Sunbury - South","Melbourne - North West",2004,9367
"4085","210041540","Sunbury - South","Melbourne - North West",2005,9697
"4086","210041540","Sunbury - South","Melbourne - North West",2006,10121
"4087","210041540","Sunbury - South","Melbourne - North West",2007,10634
"4088","210041540","Sunbury - South","Melbourne - North West",2008,11122
"4089","210041540","Sunbury - South","Melbourne - North West",2009,11655
"4090","210041540","Sunbury - South","Melbourne - North West",2010,12014
"4091","210041540","Sunbury - South","Melbourne - North West",2011,12284
"4092","210041540","Sunbury - South","Melbourne - North West",2012,12489
"4093","210041540","Sunbury - South","Melbourne - North West",2013,12691
"4094","210041540","Sunbury - South","Melbourne - North West",2014,12973
"4095","210041540","Sunbury - South","Melbourne - North West",2015,13289
"4096","210041540","Sunbury - South","Melbourne - North West",2016,13653
"4097","210041540","Sunbury - South","Melbourne - North West",2017,14035
"4098","210041540","Sunbury - South","Melbourne - North West",2018,14402
"4099","210041540","Sunbury - South","Melbourne - North West",2019,14719
"4100","210041540","Sunbury - South","Melbourne - North West",2020,15046
"4101","210041540","Sunbury - South","Melbourne - North West",2021,15103
"4102","210041540","Sunbury - South","Melbourne - North West",2022,15485
"4103","210041540","Sunbury - South","Melbourne - North West",2023,16041
"4104","210041540","Sunbury - South","Melbourne - North West",2024,16819
"4105","210041541","Sunbury - West","Melbourne - North West",2001,9982
"4106","210041541","Sunbury - West","Melbourne - North West",2002,9957
"4107","210041541","Sunbury - West","Melbourne - North West",2003,10094
"4108","210041541","Sunbury - West","Melbourne - North West",2004,10232
"4109","210041541","Sunbury - West","Melbourne - North West",2005,10289
"4110","210041541","Sunbury - West","Melbourne - North West",2006,10466
"4111","210041541","Sunbury - West","Melbourne - North West",2007,10409
"4112","210041541","Sunbury - West","Melbourne - North West",2008,10439
"4113","210041541","Sunbury - West","Melbourne - North West",2009,10606
"4114","210041541","Sunbury - West","Melbourne - North West",2010,10711
"4115","210041541","Sunbury - West","Melbourne - North West",2011,10749
"4116","210041541","Sunbury - West","Melbourne - North West",2012,10857
"4117","210041541","Sunbury - West","Melbourne - North West",2013,10916
"4118","210041541","Sunbury - West","Melbourne - North West",2014,11055
"4119","210041541","Sunbury - West","Melbourne - North West",2015,11238
"4120","210041541","Sunbury - West","Melbourne - North West",2016,11586
"4121","210041541","Sunbury - West","Melbourne - North West",2017,11689
"4122","210041541","Sunbury - West","Melbourne - North West",2018,11737
"4123","210041541","Sunbury - West","Melbourne - North West",2019,11789
"4124","210041541","Sunbury - West","Melbourne - North West",2020,11547
"4125","210041541","Sunbury - West","Melbourne - North West",2021,11271
"4126","210041541","Sunbury - West","Melbourne - North West",2022,11147
"4127","210041541","Sunbury - West","Melbourne - North West",2023,11378
"4128","210041541","Sunbury - West","Melbourne - North West",2024,11404
"4129","210051242","Broadmeadows","Melbourne - North West",2001,12127
"4130","210051242","Broadmeadows","Melbourne - North West",2002,11987
"4131","210051242","Broadmeadows","Melbourne - North West",2003,11823
"4132","210051242","Broadmeadows","Melbourne - North West",2004,11617
"4133","210051242","Broadmeadows","Melbourne - North West",2005,11518
"4134","210051242","Broadmeadows","Melbourne - North West",2006,11465
"4135","210051242","Broadmeadows","Melbourne - North West",2007,11461
"4136","210051242","Broadmeadows","Melbourne - North West",2008,11551
"4137","210051242","Broadmeadows","Melbourne - North West",2009,11791
"4138","210051242","Broadmeadows","Melbourne - North West",2010,12048
"4139","210051242","Broadmeadows","Melbourne - North West",2011,12243
"4140","210051242","Broadmeadows","Melbourne - North West",2012,12486
"4141","210051242","Broadmeadows","Melbourne - North West",2013,12759
"4142","210051242","Broadmeadows","Melbourne - North West",2014,13136
"4143","210051242","Broadmeadows","Melbourne - North West",2015,13529
"4144","210051242","Broadmeadows","Melbourne - North West",2016,13916
"4145","210051242","Broadmeadows","Melbourne - North West",2017,14288
"4146","210051242","Broadmeadows","Melbourne - North West",2018,14555
"4147","210051242","Broadmeadows","Melbourne - North West",2019,14765
"4148","210051242","Broadmeadows","Melbourne - North West",2020,14747
"4149","210051242","Broadmeadows","Melbourne - North West",2021,14063
"4150","210051242","Broadmeadows","Melbourne - North West",2022,13948
"4151","210051242","Broadmeadows","Melbourne - North West",2023,14345
"4152","210051242","Broadmeadows","Melbourne - North West",2024,14786
"4153","210051243","Campbellfield - Coolaroo","Melbourne - North West",2001,16125
"4154","210051243","Campbellfield - Coolaroo","Melbourne - North West",2002,16117
"4155","210051243","Campbellfield - Coolaroo","Melbourne - North West",2003,16040
"4156","210051243","Campbellfield - Coolaroo","Melbourne - North West",2004,15948
"4157","210051243","Campbellfield - Coolaroo","Melbourne - North West",2005,15917
"4158","210051243","Campbellfield - Coolaroo","Melbourne - North West",2006,15921
"4159","210051243","Campbellfield - Coolaroo","Melbourne - North West",2007,15997
"4160","210051243","Campbellfield - Coolaroo","Melbourne - North West",2008,16222
"4161","210051243","Campbellfield - Coolaroo","Melbourne - North West",2009,16455
"4162","210051243","Campbellfield - Coolaroo","Melbourne - North West",2010,16587
"4163","210051243","Campbellfield - Coolaroo","Melbourne - North West",2011,16735
"4164","210051243","Campbellfield - Coolaroo","Melbourne - North West",2012,16760
"4165","210051243","Campbellfield - Coolaroo","Melbourne - North West",2013,16836
"4166","210051243","Campbellfield - Coolaroo","Melbourne - North West",2014,16921
"4167","210051243","Campbellfield - Coolaroo","Melbourne - North West",2015,17013
"4168","210051243","Campbellfield - Coolaroo","Melbourne - North West",2016,17122
"4169","210051243","Campbellfield - Coolaroo","Melbourne - North West",2017,17170
"4170","210051243","Campbellfield - Coolaroo","Melbourne - North West",2018,17185
"4171","210051243","Campbellfield - Coolaroo","Melbourne - North West",2019,17146
"4172","210051243","Campbellfield - Coolaroo","Melbourne - North West",2020,16885
"4173","210051243","Campbellfield - Coolaroo","Melbourne - North West",2021,16245
"4174","210051243","Campbellfield - Coolaroo","Melbourne - North West",2022,15882
"4175","210051243","Campbellfield - Coolaroo","Melbourne - North West",2023,16220
"4176","210051243","Campbellfield - Coolaroo","Melbourne - North West",2024,16438
"4177","210051245","Gladstone Park - Westmeadows","Melbourne - North West",2001,18851
"4178","210051245","Gladstone Park - Westmeadows","Melbourne - North West",2002,18696
"4179","210051245","Gladstone Park - Westmeadows","Melbourne - North West",2003,18505
"4180","210051245","Gladstone Park - Westmeadows","Melbourne - North West",2004,18266
"4181","210051245","Gladstone Park - Westmeadows","Melbourne - North West",2005,18165
"4182","210051245","Gladstone Park - Westmeadows","Melbourne - North West",2006,18148
"4183","210051245","Gladstone Park - Westmeadows","Melbourne - North West",2007,18115
"4184","210051245","Gladstone Park - Westmeadows","Melbourne - North West",2008,18049
"4185","210051245","Gladstone Park - Westmeadows","Melbourne - North West",2009,17980
"4186","210051245","Gladstone Park - Westmeadows","Melbourne - North West",2010,17894
"4187","210051245","Gladstone Park - Westmeadows","Melbourne - North West",2011,17771
"4188","210051245","Gladstone Park - Westmeadows","Melbourne - North West",2012,17829
"4189","210051245","Gladstone Park - Westmeadows","Melbourne - North West",2013,17894
"4190","210051245","Gladstone Park - Westmeadows","Melbourne - North West",2014,17997
"4191","210051245","Gladstone Park - Westmeadows","Melbourne - North West",2015,18135
"4192","210051245","Gladstone Park - Westmeadows","Melbourne - North West",2016,18353
"4193","210051245","Gladstone Park - Westmeadows","Melbourne - North West",2017,18494
"4194","210051245","Gladstone Park - Westmeadows","Melbourne - North West",2018,18583
"4195","210051245","Gladstone Park - Westmeadows","Melbourne - North West",2019,18614
"4196","210051245","Gladstone Park - Westmeadows","Melbourne - North West",2020,18598
"4197","210051245","Gladstone Park - Westmeadows","Melbourne - North West",2021,18176
"4198","210051245","Gladstone Park - Westmeadows","Melbourne - North West",2022,17994
"4199","210051245","Gladstone Park - Westmeadows","Melbourne - North West",2023,18180
"4200","210051245","Gladstone Park - Westmeadows","Melbourne - North West",2024,18264
"4201","210051246","Greenvale - Bulla","Melbourne - North West",2001,9950
"4202","210051246","Greenvale - Bulla","Melbourne - North West",2002,10178
"4203","210051246","Greenvale - Bulla","Melbourne - North West",2003,10573
"4204","210051246","Greenvale - Bulla","Melbourne - North West",2004,11173
"4205","210051246","Greenvale - Bulla","Melbourne - North West",2005,11636
"4206","210051246","Greenvale - Bulla","Melbourne - North West",2006,12028
"4207","210051246","Greenvale - Bulla","Melbourne - North West",2007,12248
"4208","210051246","Greenvale - Bulla","Melbourne - North West",2008,12535
"4209","210051246","Greenvale - Bulla","Melbourne - North West",2009,12902
"4210","210051246","Greenvale - Bulla","Melbourne - North West",2010,13243
"4211","210051246","Greenvale - Bulla","Melbourne - North West",2011,13543
"4212","210051246","Greenvale - Bulla","Melbourne - North West",2012,13732
"4213","210051246","Greenvale - Bulla","Melbourne - North West",2013,13991
"4214","210051246","Greenvale - Bulla","Melbourne - North West",2014,14584
"4215","210051246","Greenvale - Bulla","Melbourne - North West",2015,15629
"4216","210051246","Greenvale - Bulla","Melbourne - North West",2016,17123
"4217","210051246","Greenvale - Bulla","Melbourne - North West",2017,18267
"4218","210051246","Greenvale - Bulla","Melbourne - North West",2018,19485
"4219","210051246","Greenvale - Bulla","Melbourne - North West",2019,20327
"4220","210051246","Greenvale - Bulla","Melbourne - North West",2020,21279
"4221","210051246","Greenvale - Bulla","Melbourne - North West",2021,22406
"4222","210051246","Greenvale - Bulla","Melbourne - North West",2022,23526
"4223","210051246","Greenvale - Bulla","Melbourne - North West",2023,24608
"4224","210051246","Greenvale - Bulla","Melbourne - North West",2024,25723
"4225","210051247","Meadow Heights","Melbourne - North West",2001,15929
"4226","210051247","Meadow Heights","Melbourne - North West",2002,15761
"4227","210051247","Meadow Heights","Melbourne - North West",2003,15588
"4228","210051247","Meadow Heights","Melbourne - North West",2004,15310
"4229","210051247","Meadow Heights","Melbourne - North West",2005,15213
"4230","210051247","Meadow Heights","Melbourne - North West",2006,15167
"4231","210051247","Meadow Heights","Melbourne - North West",2007,15405
"4232","210051247","Meadow Heights","Melbourne - North West",2008,15580
"4233","210051247","Meadow Heights","Melbourne - North West",2009,15692
"4234","210051247","Meadow Heights","Melbourne - North West",2010,15759
"4235","210051247","Meadow Heights","Melbourne - North West",2011,15767
"4236","210051247","Meadow Heights","Melbourne - North West",2012,15739
"4237","210051247","Meadow Heights","Melbourne - North West",2013,15752
"4238","210051247","Meadow Heights","Melbourne - North West",2014,15764
"4239","210051247","Meadow Heights","Melbourne - North West",2015,15755
"4240","210051247","Meadow Heights","Melbourne - North West",2016,15779
"4241","210051247","Meadow Heights","Melbourne - North West",2017,15847
"4242","210051247","Meadow Heights","Melbourne - North West",2018,15876
"4243","210051247","Meadow Heights","Melbourne - North West",2019,15868
"4244","210051247","Meadow Heights","Melbourne - North West",2020,15840
"4245","210051247","Meadow Heights","Melbourne - North West",2021,15070
"4246","210051247","Meadow Heights","Melbourne - North West",2022,14645
"4247","210051247","Meadow Heights","Melbourne - North West",2023,14878
"4248","210051247","Meadow Heights","Melbourne - North West",2024,14960
"4249","210051248","Melbourne Airport","Melbourne - North West",2001,149
"4250","210051248","Melbourne Airport","Melbourne - North West",2002,148
"4251","210051248","Melbourne Airport","Melbourne - North West",2003,144
"4252","210051248","Melbourne Airport","Melbourne - North West",2004,142
"4253","210051248","Melbourne Airport","Melbourne - North West",2005,137
"4254","210051248","Melbourne Airport","Melbourne - North West",2006,133
"4255","210051248","Melbourne Airport","Melbourne - North West",2007,138
"4256","210051248","Melbourne Airport","Melbourne - North West",2008,141
"4257","210051248","Melbourne Airport","Melbourne - North West",2009,144
"4258","210051248","Melbourne Airport","Melbourne - North West",2010,149
"4259","210051248","Melbourne Airport","Melbourne - North West",2011,158
"4260","210051248","Melbourne Airport","Melbourne - North West",2012,165
"4261","210051248","Melbourne Airport","Melbourne - North West",2013,173
"4262","210051248","Melbourne Airport","Melbourne - North West",2014,179
"4263","210051248","Melbourne Airport","Melbourne - North West",2015,187
"4264","210051248","Melbourne Airport","Melbourne - North West",2016,194
"4265","210051248","Melbourne Airport","Melbourne - North West",2017,181
"4266","210051248","Melbourne Airport","Melbourne - North West",2018,168
"4267","210051248","Melbourne Airport","Melbourne - North West",2019,156
"4268","210051248","Melbourne Airport","Melbourne - North West",2020,143
"4269","210051248","Melbourne Airport","Melbourne - North West",2021,130
"4270","210051248","Melbourne Airport","Melbourne - North West",2022,130
"4271","210051248","Melbourne Airport","Melbourne - North West",2023,130
"4272","210051248","Melbourne Airport","Melbourne - North West",2024,130
"4273","210051250","Tullamarine","Melbourne - North West",2001,6744
"4274","210051250","Tullamarine","Melbourne - North West",2002,6718
"4275","210051250","Tullamarine","Melbourne - North West",2003,6685
"4276","210051250","Tullamarine","Melbourne - North West",2004,6630
"4277","210051250","Tullamarine","Melbourne - North West",2005,6581
"4278","210051250","Tullamarine","Melbourne - North West",2006,6583
"4279","210051250","Tullamarine","Melbourne - North West",2007,6594
"4280","210051250","Tullamarine","Melbourne - North West",2008,6605
"4281","210051250","Tullamarine","Melbourne - North West",2009,6605
"4282","210051250","Tullamarine","Melbourne - North West",2010,6580
"4283","210051250","Tullamarine","Melbourne - North West",2011,6545
"4284","210051250","Tullamarine","Melbourne - North West",2012,6550
"4285","210051250","Tullamarine","Melbourne - North West",2013,6576
"4286","210051250","Tullamarine","Melbourne - North West",2014,6636
"4287","210051250","Tullamarine","Melbourne - North West",2015,6674
"4288","210051250","Tullamarine","Melbourne - North West",2016,6698
"4289","210051250","Tullamarine","Melbourne - North West",2017,6759
"4290","210051250","Tullamarine","Melbourne - North West",2018,6820
"4291","210051250","Tullamarine","Melbourne - North West",2019,6835
"4292","210051250","Tullamarine","Melbourne - North West",2020,6824
"4293","210051250","Tullamarine","Melbourne - North West",2021,6628
"4294","210051250","Tullamarine","Melbourne - North West",2022,6515
"4295","210051250","Tullamarine","Melbourne - North West",2023,6583
"4296","210051250","Tullamarine","Melbourne - North West",2024,6710
"4297","210051441","Craigieburn - Central","Melbourne - North West",2001,6842
"4298","210051441","Craigieburn - Central","Melbourne - North West",2002,7204
"4299","210051441","Craigieburn - Central","Melbourne - North West",2003,7547
"4300","210051441","Craigieburn - Central","Melbourne - North West",2004,7801
"4301","210051441","Craigieburn - Central","Melbourne - North West",2005,7909
"4302","210051441","Craigieburn - Central","Melbourne - North West",2006,7987
"4303","210051441","Craigieburn - Central","Melbourne - North West",2007,8033
"4304","210051441","Craigieburn - Central","Melbourne - North West",2008,8096
"4305","210051441","Craigieburn - Central","Melbourne - North West",2009,8118
"4306","210051441","Craigieburn - Central","Melbourne - North West",2010,8238
"4307","210051441","Craigieburn - Central","Melbourne - North West",2011,8335
"4308","210051441","Craigieburn - Central","Melbourne - North West",2012,8417
"4309","210051441","Craigieburn - Central","Melbourne - North West",2013,8524
"4310","210051441","Craigieburn - Central","Melbourne - North West",2014,8610
"4311","210051441","Craigieburn - Central","Melbourne - North West",2015,8654
"4312","210051441","Craigieburn - Central","Melbourne - North West",2016,8749
"4313","210051441","Craigieburn - Central","Melbourne - North West",2017,8837
"4314","210051441","Craigieburn - Central","Melbourne - North West",2018,8869
"4315","210051441","Craigieburn - Central","Melbourne - North West",2019,8844
"4316","210051441","Craigieburn - Central","Melbourne - North West",2020,8715
"4317","210051441","Craigieburn - Central","Melbourne - North West",2021,8190
"4318","210051441","Craigieburn - Central","Melbourne - North West",2022,7987
"4319","210051441","Craigieburn - Central","Melbourne - North West",2023,8135
"4320","210051441","Craigieburn - Central","Melbourne - North West",2024,8207
"4321","210051442","Craigieburn - North","Melbourne - North West",2001,120
"4322","210051442","Craigieburn - North","Melbourne - North West",2002,496
"4323","210051442","Craigieburn - North","Melbourne - North West",2003,1079
"4324","210051442","Craigieburn - North","Melbourne - North West",2004,1591
"4325","210051442","Craigieburn - North","Melbourne - North West",2005,2292
"4326","210051442","Craigieburn - North","Melbourne - North West",2006,3404
"4327","210051442","Craigieburn - North","Melbourne - North West",2007,4749
"4328","210051442","Craigieburn - North","Melbourne - North West",2008,5833
"4329","210051442","Craigieburn - North","Melbourne - North West",2009,7019
"4330","210051442","Craigieburn - North","Melbourne - North West",2010,7726
"4331","210051442","Craigieburn - North","Melbourne - North West",2011,8479
"4332","210051442","Craigieburn - North","Melbourne - North West",2012,9223
"4333","210051442","Craigieburn - North","Melbourne - North West",2013,10095
"4334","210051442","Craigieburn - North","Melbourne - North West",2014,10899
"4335","210051442","Craigieburn - North","Melbourne - North West",2015,11518
"4336","210051442","Craigieburn - North","Melbourne - North West",2016,12124
"4337","210051442","Craigieburn - North","Melbourne - North West",2017,12611
"4338","210051442","Craigieburn - North","Melbourne - North West",2018,12936
"4339","210051442","Craigieburn - North","Melbourne - North West",2019,13007
"4340","210051442","Craigieburn - North","Melbourne - North West",2020,12893
"4341","210051442","Craigieburn - North","Melbourne - North West",2021,12446
"4342","210051442","Craigieburn - North","Melbourne - North West",2022,12431
"4343","210051442","Craigieburn - North","Melbourne - North West",2023,12685
"4344","210051442","Craigieburn - North","Melbourne - North West",2024,12882
"4345","210051443","Craigieburn - South","Melbourne - North West",2001,8654
"4346","210051443","Craigieburn - South","Melbourne - North West",2002,8892
"4347","210051443","Craigieburn - South","Melbourne - North West",2003,9176
"4348","210051443","Craigieburn - South","Melbourne - North West",2004,9656
"4349","210051443","Craigieburn - South","Melbourne - North West",2005,10028
"4350","210051443","Craigieburn - South","Melbourne - North West",2006,10271
"4351","210051443","Craigieburn - South","Melbourne - North West",2007,10727
"4352","210051443","Craigieburn - South","Melbourne - North West",2008,11147
"4353","210051443","Craigieburn - South","Melbourne - North West",2009,11606
"4354","210051443","Craigieburn - South","Melbourne - North West",2010,12006
"4355","210051443","Craigieburn - South","Melbourne - North West",2011,12691
"4356","210051443","Craigieburn - South","Melbourne - North West",2012,13477
"4357","210051443","Craigieburn - South","Melbourne - North West",2013,14422
"4358","210051443","Craigieburn - South","Melbourne - North West",2014,15261
"4359","210051443","Craigieburn - South","Melbourne - North West",2015,16009
"4360","210051443","Craigieburn - South","Melbourne - North West",2016,16999
"4361","210051443","Craigieburn - South","Melbourne - North West",2017,18289
"4362","210051443","Craigieburn - South","Melbourne - North West",2018,19547
"4363","210051443","Craigieburn - South","Melbourne - North West",2019,20665
"4364","210051443","Craigieburn - South","Melbourne - North West",2020,21632
"4365","210051443","Craigieburn - South","Melbourne - North West",2021,22007
"4366","210051443","Craigieburn - South","Melbourne - North West",2022,22586
"4367","210051443","Craigieburn - South","Melbourne - North West",2023,23481
"4368","210051443","Craigieburn - South","Melbourne - North West",2024,24086
"4369","210051445","Mickleham - Yuroke","Melbourne - North West",2001,873
"4370","210051445","Mickleham - Yuroke","Melbourne - North West",2002,916
"4371","210051445","Mickleham - Yuroke","Melbourne - North West",2003,988
"4372","210051445","Mickleham - Yuroke","Melbourne - North West",2004,1065
"4373","210051445","Mickleham - Yuroke","Melbourne - North West",2005,1130
"4374","210051445","Mickleham - Yuroke","Melbourne - North West",2006,1192
"4375","210051445","Mickleham - Yuroke","Melbourne - North West",2007,1245
"4376","210051445","Mickleham - Yuroke","Melbourne - North West",2008,1231
"4377","210051445","Mickleham - Yuroke","Melbourne - North West",2009,1330
"4378","210051445","Mickleham - Yuroke","Melbourne - North West",2010,1468
"4379","210051445","Mickleham - Yuroke","Melbourne - North West",2011,1579
"4380","210051445","Mickleham - Yuroke","Melbourne - North West",2012,1723
"4381","210051445","Mickleham - Yuroke","Melbourne - North West",2013,1869
"4382","210051445","Mickleham - Yuroke","Melbourne - North West",2014,2215
"4383","210051445","Mickleham - Yuroke","Melbourne - North West",2015,2768
"4384","210051445","Mickleham - Yuroke","Melbourne - North West",2016,3592
"4385","210051445","Mickleham - Yuroke","Melbourne - North West",2017,6050
"4386","210051445","Mickleham - Yuroke","Melbourne - North West",2018,9202
"4387","210051445","Mickleham - Yuroke","Melbourne - North West",2019,14052
"4388","210051445","Mickleham - Yuroke","Melbourne - North West",2020,18657
"4389","210051445","Mickleham - Yuroke","Melbourne - North West",2021,23795
"4390","210051445","Mickleham - Yuroke","Melbourne - North West",2022,28568
"4391","210051445","Mickleham - Yuroke","Melbourne - North West",2023,31960
"4392","210051445","Mickleham - Yuroke","Melbourne - North West",2024,35371
"4393","210051542","Craigieburn - North West","Melbourne - North West",2001,0
"4394","210051542","Craigieburn - North West","Melbourne - North West",2002,0
"4395","210051542","Craigieburn - North West","Melbourne - North West",2003,0
"4396","210051542","Craigieburn - North West","Melbourne - North West",2004,0
"4397","210051542","Craigieburn - North West","Melbourne - North West",2005,0
"4398","210051542","Craigieburn - North West","Melbourne - North West",2006,0
"4399","210051542","Craigieburn - North West","Melbourne - North West",2007,11
"4400","210051542","Craigieburn - North West","Melbourne - North West",2008,36
"4401","210051542","Craigieburn - North West","Melbourne - North West",2009,89
"4402","210051542","Craigieburn - North West","Melbourne - North West",2010,184
"4403","210051542","Craigieburn - North West","Melbourne - North West",2011,292
"4404","210051542","Craigieburn - North West","Melbourne - North West",2012,1066
"4405","210051542","Craigieburn - North West","Melbourne - North West",2013,2001
"4406","210051542","Craigieburn - North West","Melbourne - North West",2014,3067
"4407","210051542","Craigieburn - North West","Melbourne - North West",2015,4237
"4408","210051542","Craigieburn - North West","Melbourne - North West",2016,5754
"4409","210051542","Craigieburn - North West","Melbourne - North West",2017,6691
"4410","210051542","Craigieburn - North West","Melbourne - North West",2018,7482
"4411","210051542","Craigieburn - North West","Melbourne - North West",2019,8326
"4412","210051542","Craigieburn - North West","Melbourne - North West",2020,9253
"4413","210051542","Craigieburn - North West","Melbourne - North West",2021,9975
"4414","210051542","Craigieburn - North West","Melbourne - North West",2022,10377
"4415","210051542","Craigieburn - North West","Melbourne - North West",2023,10764
"4416","210051542","Craigieburn - North West","Melbourne - North West",2024,11198
"4417","210051543","Craigieburn - West","Melbourne - North West",2001,55
"4418","210051543","Craigieburn - West","Melbourne - North West",2002,53
"4419","210051543","Craigieburn - West","Melbourne - North West",2003,54
"4420","210051543","Craigieburn - West","Melbourne - North West",2004,60
"4421","210051543","Craigieburn - West","Melbourne - North West",2005,141
"4422","210051543","Craigieburn - West","Melbourne - North West",2006,228
"4423","210051543","Craigieburn - West","Melbourne - North West",2007,613
"4424","210051543","Craigieburn - West","Melbourne - North West",2008,1230
"4425","210051543","Craigieburn - West","Melbourne - North West",2009,2035
"4426","210051543","Craigieburn - West","Melbourne - North West",2010,3067
"4427","210051543","Craigieburn - West","Melbourne - North West",2011,3955
"4428","210051543","Craigieburn - West","Melbourne - North West",2012,5007
"4429","210051543","Craigieburn - West","Melbourne - North West",2013,6128
"4430","210051543","Craigieburn - West","Melbourne - North West",2014,7171
"4431","210051543","Craigieburn - West","Melbourne - North West",2015,8085
"4432","210051543","Craigieburn - West","Melbourne - North West",2016,9116
"4433","210051543","Craigieburn - West","Melbourne - North West",2017,10010
"4434","210051543","Craigieburn - West","Melbourne - North West",2018,10988
"4435","210051543","Craigieburn - West","Melbourne - North West",2019,11844
"4436","210051543","Craigieburn - West","Melbourne - North West",2020,12687
"4437","210051543","Craigieburn - West","Melbourne - North West",2021,13194
"4438","210051543","Craigieburn - West","Melbourne - North West",2022,13643
"4439","210051543","Craigieburn - West","Melbourne - North West",2023,14251
"4440","210051543","Craigieburn - West","Melbourne - North West",2024,14760
"4441","210051544","Roxburgh Park (South) - Somerton","Melbourne - North West",2001,6995
"4442","210051544","Roxburgh Park (South) - Somerton","Melbourne - North West",2002,7428
"4443","210051544","Roxburgh Park (South) - Somerton","Melbourne - North West",2003,7844
"4444","210051544","Roxburgh Park (South) - Somerton","Melbourne - North West",2004,8255
"4445","210051544","Roxburgh Park (South) - Somerton","Melbourne - North West",2005,8621
"4446","210051544","Roxburgh Park (South) - Somerton","Melbourne - North West",2006,8917
"4447","210051544","Roxburgh Park (South) - Somerton","Melbourne - North West",2007,9081
"4448","210051544","Roxburgh Park (South) - Somerton","Melbourne - North West",2008,9275
"4449","210051544","Roxburgh Park (South) - Somerton","Melbourne - North West",2009,9463
"4450","210051544","Roxburgh Park (South) - Somerton","Melbourne - North West",2010,9569
"4451","210051544","Roxburgh Park (South) - Somerton","Melbourne - North West",2011,9682
"4452","210051544","Roxburgh Park (South) - Somerton","Melbourne - North West",2012,9645
"4453","210051544","Roxburgh Park (South) - Somerton","Melbourne - North West",2013,9734
"4454","210051544","Roxburgh Park (South) - Somerton","Melbourne - North West",2014,9880
"4455","210051544","Roxburgh Park (South) - Somerton","Melbourne - North West",2015,10035
"4456","210051544","Roxburgh Park (South) - Somerton","Melbourne - North West",2016,10205
"4457","210051544","Roxburgh Park (South) - Somerton","Melbourne - North West",2017,10233
"4458","210051544","Roxburgh Park (South) - Somerton","Melbourne - North West",2018,10198
"4459","210051544","Roxburgh Park (South) - Somerton","Melbourne - North West",2019,10123
"4460","210051544","Roxburgh Park (South) - Somerton","Melbourne - North West",2020,10043
"4461","210051544","Roxburgh Park (South) - Somerton","Melbourne - North West",2021,9582
"4462","210051544","Roxburgh Park (South) - Somerton","Melbourne - North West",2022,9509
"4463","210051544","Roxburgh Park (South) - Somerton","Melbourne - North West",2023,9684
"4464","210051544","Roxburgh Park (South) - Somerton","Melbourne - North West",2024,9731
"4465","210051545","Roxburgh Park - North","Melbourne - North West",2001,3157
"4466","210051545","Roxburgh Park - North","Melbourne - North West",2002,4612
"4467","210051545","Roxburgh Park - North","Melbourne - North West",2003,5845
"4468","210051545","Roxburgh Park - North","Melbourne - North West",2004,6907
"4469","210051545","Roxburgh Park - North","Melbourne - North West",2005,7816
"4470","210051545","Roxburgh Park - North","Melbourne - North West",2006,8559
"4471","210051545","Roxburgh Park - North","Melbourne - North West",2007,9042
"4472","210051545","Roxburgh Park - North","Melbourne - North West",2008,9581
"4473","210051545","Roxburgh Park - North","Melbourne - North West",2009,10126
"4474","210051545","Roxburgh Park - North","Melbourne - North West",2010,10338
"4475","210051545","Roxburgh Park - North","Melbourne - North West",2011,10408
"4476","210051545","Roxburgh Park - North","Melbourne - North West",2012,10931
"4477","210051545","Roxburgh Park - North","Melbourne - North West",2013,11420
"4478","210051545","Roxburgh Park - North","Melbourne - North West",2014,11847
"4479","210051545","Roxburgh Park - North","Melbourne - North West",2015,12297
"4480","210051545","Roxburgh Park - North","Melbourne - North West",2016,12836
"4481","210051545","Roxburgh Park - North","Melbourne - North West",2017,13456
"4482","210051545","Roxburgh Park - North","Melbourne - North West",2018,14035
"4483","210051545","Roxburgh Park - North","Melbourne - North West",2019,14650
"4484","210051545","Roxburgh Park - North","Melbourne - North West",2020,14993
"4485","210051545","Roxburgh Park - North","Melbourne - North West",2021,14848
"4486","210051545","Roxburgh Park - North","Melbourne - North West",2022,14961
"4487","210051545","Roxburgh Park - North","Melbourne - North West",2023,15186
"4488","210051545","Roxburgh Park - North","Melbourne - North West",2024,15427
"4489","211011251","Bayswater","Melbourne - Outer East",2001,10728
"4490","211011251","Bayswater","Melbourne - Outer East",2002,10746
"4491","211011251","Bayswater","Melbourne - Outer East",2003,10792
"4492","211011251","Bayswater","Melbourne - Outer East",2004,10831
"4493","211011251","Bayswater","Melbourne - Outer East",2005,10867
"4494","211011251","Bayswater","Melbourne - Outer East",2006,10973
"4495","211011251","Bayswater","Melbourne - Outer East",2007,11124
"4496","211011251","Bayswater","Melbourne - Outer East",2008,11213
"4497","211011251","Bayswater","Melbourne - Outer East",2009,11361
"4498","211011251","Bayswater","Melbourne - Outer East",2010,11458
"4499","211011251","Bayswater","Melbourne - Outer East",2011,11635
"4500","211011251","Bayswater","Melbourne - Outer East",2012,11807
"4501","211011251","Bayswater","Melbourne - Outer East",2013,11995
"4502","211011251","Bayswater","Melbourne - Outer East",2014,12219
"4503","211011251","Bayswater","Melbourne - Outer East",2015,12415
"4504","211011251","Bayswater","Melbourne - Outer East",2016,12584
"4505","211011251","Bayswater","Melbourne - Outer East",2017,12696
"4506","211011251","Bayswater","Melbourne - Outer East",2018,12818
"4507","211011251","Bayswater","Melbourne - Outer East",2019,12948
"4508","211011251","Bayswater","Melbourne - Outer East",2020,12992
"4509","211011251","Bayswater","Melbourne - Outer East",2021,12708
"4510","211011251","Bayswater","Melbourne - Outer East",2022,12708
"4511","211011251","Bayswater","Melbourne - Outer East",2023,13029
"4512","211011251","Bayswater","Melbourne - Outer East",2024,13305
"4513","211011254","Knoxfield - Scoresby","Melbourne - Outer East",2001,13242
"4514","211011254","Knoxfield - Scoresby","Melbourne - Outer East",2002,13181
"4515","211011254","Knoxfield - Scoresby","Melbourne - Outer East",2003,13113
"4516","211011254","Knoxfield - Scoresby","Melbourne - Outer East",2004,13076
"4517","211011254","Knoxfield - Scoresby","Melbourne - Outer East",2005,13066
"4518","211011254","Knoxfield - Scoresby","Melbourne - Outer East",2006,13103
"4519","211011254","Knoxfield - Scoresby","Melbourne - Outer East",2007,13164
"4520","211011254","Knoxfield - Scoresby","Melbourne - Outer East",2008,13260
"4521","211011254","Knoxfield - Scoresby","Melbourne - Outer East",2009,13389
"4522","211011254","Knoxfield - Scoresby","Melbourne - Outer East",2010,13436
"4523","211011254","Knoxfield - Scoresby","Melbourne - Outer East",2011,13471
"4524","211011254","Knoxfield - Scoresby","Melbourne - Outer East",2012,13858
"4525","211011254","Knoxfield - Scoresby","Melbourne - Outer East",2013,14236
"4526","211011254","Knoxfield - Scoresby","Melbourne - Outer East",2014,14645
"4527","211011254","Knoxfield - Scoresby","Melbourne - Outer East",2015,15140
"4528","211011254","Knoxfield - Scoresby","Melbourne - Outer East",2016,15752
"4529","211011254","Knoxfield - Scoresby","Melbourne - Outer East",2017,16213
"4530","211011254","Knoxfield - Scoresby","Melbourne - Outer East",2018,16588
"4531","211011254","Knoxfield - Scoresby","Melbourne - Outer East",2019,16923
"4532","211011254","Knoxfield - Scoresby","Melbourne - Outer East",2020,17016
"4533","211011254","Knoxfield - Scoresby","Melbourne - Outer East",2021,16734
"4534","211011254","Knoxfield - Scoresby","Melbourne - Outer East",2022,16708
"4535","211011254","Knoxfield - Scoresby","Melbourne - Outer East",2023,17027
"4536","211011254","Knoxfield - Scoresby","Melbourne - Outer East",2024,17142
"4537","211011255","Lysterfield","Melbourne - Outer East",2001,5516
"4538","211011255","Lysterfield","Melbourne - Outer East",2002,5692
"4539","211011255","Lysterfield","Melbourne - Outer East",2003,5923
"4540","211011255","Lysterfield","Melbourne - Outer East",2004,6020
"4541","211011255","Lysterfield","Melbourne - Outer East",2005,6090
"4542","211011255","Lysterfield","Melbourne - Outer East",2006,6198
"4543","211011255","Lysterfield","Melbourne - Outer East",2007,6380
"4544","211011255","Lysterfield","Melbourne - Outer East",2008,6492
"4545","211011255","Lysterfield","Melbourne - Outer East",2009,6695
"4546","211011255","Lysterfield","Melbourne - Outer East",2010,6796
"4547","211011255","Lysterfield","Melbourne - Outer East",2011,6807
"4548","211011255","Lysterfield","Melbourne - Outer East",2012,6837
"4549","211011255","Lysterfield","Melbourne - Outer East",2013,6869
"4550","211011255","Lysterfield","Melbourne - Outer East",2014,6884
"4551","211011255","Lysterfield","Melbourne - Outer East",2015,6898
"4552","211011255","Lysterfield","Melbourne - Outer East",2016,6917
"4553","211011255","Lysterfield","Melbourne - Outer East",2017,6919
"4554","211011255","Lysterfield","Melbourne - Outer East",2018,6919
"4555","211011255","Lysterfield","Melbourne - Outer East",2019,6890
"4556","211011255","Lysterfield","Melbourne - Outer East",2020,6802
"4557","211011255","Lysterfield","Melbourne - Outer East",2021,6654
"4558","211011255","Lysterfield","Melbourne - Outer East",2022,6569
"4559","211011255","Lysterfield","Melbourne - Outer East",2023,6573
"4560","211011255","Lysterfield","Melbourne - Outer East",2024,6614
"4561","211011256","Rowville - Central","Melbourne - Outer East",2001,16110
"4562","211011256","Rowville - Central","Melbourne - Outer East",2002,16095
"4563","211011256","Rowville - Central","Melbourne - Outer East",2003,16120
"4564","211011256","Rowville - Central","Melbourne - Outer East",2004,16096
"4565","211011256","Rowville - Central","Melbourne - Outer East",2005,16017
"4566","211011256","Rowville - Central","Melbourne - Outer East",2006,15980
"4567","211011256","Rowville - Central","Melbourne - Outer East",2007,15873
"4568","211011256","Rowville - Central","Melbourne - Outer East",2008,15955
"4569","211011256","Rowville - Central","Melbourne - Outer East",2009,15991
"4570","211011256","Rowville - Central","Melbourne - Outer East",2010,15998
"4571","211011256","Rowville - Central","Melbourne - Outer East",2011,15839
"4572","211011256","Rowville - Central","Melbourne - Outer East",2012,15832
"4573","211011256","Rowville - Central","Melbourne - Outer East",2013,15837
"4574","211011256","Rowville - Central","Melbourne - Outer East",2014,15839
"4575","211011256","Rowville - Central","Melbourne - Outer East",2015,15835
"4576","211011256","Rowville - Central","Melbourne - Outer East",2016,15864
"4577","211011256","Rowville - Central","Melbourne - Outer East",2017,15894
"4578","211011256","Rowville - Central","Melbourne - Outer East",2018,15895
"4579","211011256","Rowville - Central","Melbourne - Outer East",2019,15885
"4580","211011256","Rowville - Central","Melbourne - Outer East",2020,15826
"4581","211011256","Rowville - Central","Melbourne - Outer East",2021,15540
"4582","211011256","Rowville - Central","Melbourne - Outer East",2022,15463
"4583","211011256","Rowville - Central","Melbourne - Outer East",2023,15702
"4584","211011256","Rowville - Central","Melbourne - Outer East",2024,15731
"4585","211011257","Rowville - North","Melbourne - Outer East",2001,5094
"4586","211011257","Rowville - North","Melbourne - Outer East",2002,6235
"4587","211011257","Rowville - North","Melbourne - Outer East",2003,6982
"4588","211011257","Rowville - North","Melbourne - Outer East",2004,7127
"4589","211011257","Rowville - North","Melbourne - Outer East",2005,7575
"4590","211011257","Rowville - North","Melbourne - Outer East",2006,7965
"4591","211011257","Rowville - North","Melbourne - Outer East",2007,8292
"4592","211011257","Rowville - North","Melbourne - Outer East",2008,8409
"4593","211011257","Rowville - North","Melbourne - Outer East",2009,8507
"4594","211011257","Rowville - North","Melbourne - Outer East",2010,8491
"4595","211011257","Rowville - North","Melbourne - Outer East",2011,8350
"4596","211011257","Rowville - North","Melbourne - Outer East",2012,8352
"4597","211011257","Rowville - North","Melbourne - Outer East",2013,8351
"4598","211011257","Rowville - North","Melbourne - Outer East",2014,8347
"4599","211011257","Rowville - North","Melbourne - Outer East",2015,8342
"4600","211011257","Rowville - North","Melbourne - Outer East",2016,8352
"4601","211011257","Rowville - North","Melbourne - Outer East",2017,8326
"4602","211011257","Rowville - North","Melbourne - Outer East",2018,8267
"4603","211011257","Rowville - North","Melbourne - Outer East",2019,8203
"4604","211011257","Rowville - North","Melbourne - Outer East",2020,8122
"4605","211011257","Rowville - North","Melbourne - Outer East",2021,7962
"4606","211011257","Rowville - North","Melbourne - Outer East",2022,7809
"4607","211011257","Rowville - North","Melbourne - Outer East",2023,7847
"4608","211011257","Rowville - North","Melbourne - Outer East",2024,7894
"4609","211011258","Rowville - South","Melbourne - Outer East",2001,9472
"4610","211011258","Rowville - South","Melbourne - Outer East",2002,9802
"4611","211011258","Rowville - South","Melbourne - Outer East",2003,10179
"4612","211011258","Rowville - South","Melbourne - Outer East",2004,10337
"4613","211011258","Rowville - South","Melbourne - Outer East",2005,10493
"4614","211011258","Rowville - South","Melbourne - Outer East",2006,10720
"4615","211011258","Rowville - South","Melbourne - Outer East",2007,10838
"4616","211011258","Rowville - South","Melbourne - Outer East",2008,11026
"4617","211011258","Rowville - South","Melbourne - Outer East",2009,11214
"4618","211011258","Rowville - South","Melbourne - Outer East",2010,11265
"4619","211011258","Rowville - South","Melbourne - Outer East",2011,11241
"4620","211011258","Rowville - South","Melbourne - Outer East",2012,11191
"4621","211011258","Rowville - South","Melbourne - Outer East",2013,11153
"4622","211011258","Rowville - South","Melbourne - Outer East",2014,11099
"4623","211011258","Rowville - South","Melbourne - Outer East",2015,11044
"4624","211011258","Rowville - South","Melbourne - Outer East",2016,11000
"4625","211011258","Rowville - South","Melbourne - Outer East",2017,10973
"4626","211011258","Rowville - South","Melbourne - Outer East",2018,10925
"4627","211011258","Rowville - South","Melbourne - Outer East",2019,10866
"4628","211011258","Rowville - South","Melbourne - Outer East",2020,10754
"4629","211011258","Rowville - South","Melbourne - Outer East",2021,10462
"4630","211011258","Rowville - South","Melbourne - Outer East",2022,10393
"4631","211011258","Rowville - South","Melbourne - Outer East",2023,10478
"4632","211011258","Rowville - South","Melbourne - Outer East",2024,10594
"4633","211011259","Wantirna","Melbourne - Outer East",2001,14733
"4634","211011259","Wantirna","Melbourne - Outer East",2002,14707
"4635","211011259","Wantirna","Melbourne - Outer East",2003,14561
"4636","211011259","Wantirna","Melbourne - Outer East",2004,14524
"4637","211011259","Wantirna","Melbourne - Outer East",2005,14383
"4638","211011259","Wantirna","Melbourne - Outer East",2006,14361
"4639","211011259","Wantirna","Melbourne - Outer East",2007,14383
"4640","211011259","Wantirna","Melbourne - Outer East",2008,14329
"4641","211011259","Wantirna","Melbourne - Outer East",2009,14334
"4642","211011259","Wantirna","Melbourne - Outer East",2010,14339
"4643","211011259","Wantirna","Melbourne - Outer East",2011,14320
"4644","211011259","Wantirna","Melbourne - Outer East",2012,14326
"4645","211011259","Wantirna","Melbourne - Outer East",2013,14338
"4646","211011259","Wantirna","Melbourne - Outer East",2014,14355
"4647","211011259","Wantirna","Melbourne - Outer East",2015,14376
"4648","211011259","Wantirna","Melbourne - Outer East",2016,14425
"4649","211011259","Wantirna","Melbourne - Outer East",2017,14540
"4650","211011259","Wantirna","Melbourne - Outer East",2018,14687
"4651","211011259","Wantirna","Melbourne - Outer East",2019,14778
"4652","211011259","Wantirna","Melbourne - Outer East",2020,14866
"4653","211011259","Wantirna","Melbourne - Outer East",2021,14446
"4654","211011259","Wantirna","Melbourne - Outer East",2022,14219
"4655","211011259","Wantirna","Melbourne - Outer East",2023,14522
"4656","211011259","Wantirna","Melbourne - Outer East",2024,14631
"4657","211011260","Wantirna South","Melbourne - Outer East",2001,18014
"4658","211011260","Wantirna South","Melbourne - Outer East",2002,18180
"4659","211011260","Wantirna South","Melbourne - Outer East",2003,18164
"4660","211011260","Wantirna South","Melbourne - Outer East",2004,18199
"4661","211011260","Wantirna South","Melbourne - Outer East",2005,18191
"4662","211011260","Wantirna South","Melbourne - Outer East",2006,18278
"4663","211011260","Wantirna South","Melbourne - Outer East",2007,18238
"4664","211011260","Wantirna South","Melbourne - Outer East",2008,18309
"4665","211011260","Wantirna South","Melbourne - Outer East",2009,18304
"4666","211011260","Wantirna South","Melbourne - Outer East",2010,18270
"4667","211011260","Wantirna South","Melbourne - Outer East",2011,18176
"4668","211011260","Wantirna South","Melbourne - Outer East",2012,18175
"4669","211011260","Wantirna South","Melbourne - Outer East",2013,18243
"4670","211011260","Wantirna South","Melbourne - Outer East",2014,18326
"4671","211011260","Wantirna South","Melbourne - Outer East",2015,18437
"4672","211011260","Wantirna South","Melbourne - Outer East",2016,18580
"4673","211011260","Wantirna South","Melbourne - Outer East",2017,18598
"4674","211011260","Wantirna South","Melbourne - Outer East",2018,18615
"4675","211011260","Wantirna South","Melbourne - Outer East",2019,18629
"4676","211011260","Wantirna South","Melbourne - Outer East",2020,18602
"4677","211011260","Wantirna South","Melbourne - Outer East",2021,18099
"4678","211011260","Wantirna South","Melbourne - Outer East",2022,17974
"4679","211011260","Wantirna South","Melbourne - Outer East",2023,18167
"4680","211011260","Wantirna South","Melbourne - Outer East",2024,18388
"4681","211011446","Boronia","Melbourne - Outer East",2001,20673
"4682","211011446","Boronia","Melbourne - Outer East",2002,20649
"4683","211011446","Boronia","Melbourne - Outer East",2003,20653
"4684","211011446","Boronia","Melbourne - Outer East",2004,20564
"4685","211011446","Boronia","Melbourne - Outer East",2005,20568
"4686","211011446","Boronia","Melbourne - Outer East",2006,20629
"4687","211011446","Boronia","Melbourne - Outer East",2007,20802
"4688","211011446","Boronia","Melbourne - Outer East",2008,21028
"4689","211011446","Boronia","Melbourne - Outer East",2009,21227
"4690","211011446","Boronia","Melbourne - Outer East",2010,21312
"4691","211011446","Boronia","Melbourne - Outer East",2011,21461
"4692","211011446","Boronia","Melbourne - Outer East",2012,21567
"4693","211011446","Boronia","Melbourne - Outer East",2013,21740
"4694","211011446","Boronia","Melbourne - Outer East",2014,22047
"4695","211011446","Boronia","Melbourne - Outer East",2015,22430
"4696","211011446","Boronia","Melbourne - Outer East",2016,22918
"4697","211011446","Boronia","Melbourne - Outer East",2017,23237
"4698","211011446","Boronia","Melbourne - Outer East",2018,23425
"4699","211011446","Boronia","Melbourne - Outer East",2019,23697
"4700","211011446","Boronia","Melbourne - Outer East",2020,23924
"4701","211011446","Boronia","Melbourne - Outer East",2021,23837
"4702","211011446","Boronia","Melbourne - Outer East",2022,23850
"4703","211011446","Boronia","Melbourne - Outer East",2023,24194
"4704","211011446","Boronia","Melbourne - Outer East",2024,24565
"4705","211011447","Ferntree Gully - North","Melbourne - Outer East",2001,13461
"4706","211011447","Ferntree Gully - North","Melbourne - Outer East",2002,13352
"4707","211011447","Ferntree Gully - North","Melbourne - Outer East",2003,13288
"4708","211011447","Ferntree Gully - North","Melbourne - Outer East",2004,13180
"4709","211011447","Ferntree Gully - North","Melbourne - Outer East",2005,13121
"4710","211011447","Ferntree Gully - North","Melbourne - Outer East",2006,13079
"4711","211011447","Ferntree Gully - North","Melbourne - Outer East",2007,13099
"4712","211011447","Ferntree Gully - North","Melbourne - Outer East",2008,13193
"4713","211011447","Ferntree Gully - North","Melbourne - Outer East",2009,13579
"4714","211011447","Ferntree Gully - North","Melbourne - Outer East",2010,13769
"4715","211011447","Ferntree Gully - North","Melbourne - Outer East",2011,13815
"4716","211011447","Ferntree Gully - North","Melbourne - Outer East",2012,13939
"4717","211011447","Ferntree Gully - North","Melbourne - Outer East",2013,14041
"4718","211011447","Ferntree Gully - North","Melbourne - Outer East",2014,14120
"4719","211011447","Ferntree Gully - North","Melbourne - Outer East",2015,14214
"4720","211011447","Ferntree Gully - North","Melbourne - Outer East",2016,14337
"4721","211011447","Ferntree Gully - North","Melbourne - Outer East",2017,14412
"4722","211011447","Ferntree Gully - North","Melbourne - Outer East",2018,14477
"4723","211011447","Ferntree Gully - North","Melbourne - Outer East",2019,14534
"4724","211011447","Ferntree Gully - North","Melbourne - Outer East",2020,14446
"4725","211011447","Ferntree Gully - North","Melbourne - Outer East",2021,14247
"4726","211011447","Ferntree Gully - North","Melbourne - Outer East",2022,14234
"4727","211011447","Ferntree Gully - North","Melbourne - Outer East",2023,14384
"4728","211011447","Ferntree Gully - North","Melbourne - Outer East",2024,14530
"4729","211011448","Ferntree Gully (South) - Upper Ferntree Gully","Melbourne - Outer East",2001,14986
"4730","211011448","Ferntree Gully (South) - Upper Ferntree Gully","Melbourne - Outer East",2002,14873
"4731","211011448","Ferntree Gully (South) - Upper Ferntree Gully","Melbourne - Outer East",2003,14785
"4732","211011448","Ferntree Gully (South) - Upper Ferntree Gully","Melbourne - Outer East",2004,14638
"4733","211011448","Ferntree Gully (South) - Upper Ferntree Gully","Melbourne - Outer East",2005,14560
"4734","211011448","Ferntree Gully (South) - Upper Ferntree Gully","Melbourne - Outer East",2006,14651
"4735","211011448","Ferntree Gully (South) - Upper Ferntree Gully","Melbourne - Outer East",2007,14840
"4736","211011448","Ferntree Gully (South) - Upper Ferntree Gully","Melbourne - Outer East",2008,15012
"4737","211011448","Ferntree Gully (South) - Upper Ferntree Gully","Melbourne - Outer East",2009,15201
"4738","211011448","Ferntree Gully (South) - Upper Ferntree Gully","Melbourne - Outer East",2010,15177
"4739","211011448","Ferntree Gully (South) - Upper Ferntree Gully","Melbourne - Outer East",2011,15133
"4740","211011448","Ferntree Gully (South) - Upper Ferntree Gully","Melbourne - Outer East",2012,15148
"4741","211011448","Ferntree Gully (South) - Upper Ferntree Gully","Melbourne - Outer East",2013,15170
"4742","211011448","Ferntree Gully (South) - Upper Ferntree Gully","Melbourne - Outer East",2014,15179
"4743","211011448","Ferntree Gully (South) - Upper Ferntree Gully","Melbourne - Outer East",2015,15192
"4744","211011448","Ferntree Gully (South) - Upper Ferntree Gully","Melbourne - Outer East",2016,15230
"4745","211011448","Ferntree Gully (South) - Upper Ferntree Gully","Melbourne - Outer East",2017,15298
"4746","211011448","Ferntree Gully (South) - Upper Ferntree Gully","Melbourne - Outer East",2018,15415
"4747","211011448","Ferntree Gully (South) - Upper Ferntree Gully","Melbourne - Outer East",2019,15541
"4748","211011448","Ferntree Gully (South) - Upper Ferntree Gully","Melbourne - Outer East",2020,15517
"4749","211011448","Ferntree Gully (South) - Upper Ferntree Gully","Melbourne - Outer East",2021,15451
"4750","211011448","Ferntree Gully (South) - Upper Ferntree Gully","Melbourne - Outer East",2022,15349
"4751","211011448","Ferntree Gully (South) - Upper Ferntree Gully","Melbourne - Outer East",2023,15570
"4752","211011448","Ferntree Gully (South) - Upper Ferntree Gully","Melbourne - Outer East",2024,15600
"4753","211011449","The Basin","Melbourne - Outer East",2001,4533
"4754","211011449","The Basin","Melbourne - Outer East",2002,4485
"4755","211011449","The Basin","Melbourne - Outer East",2003,4441
"4756","211011449","The Basin","Melbourne - Outer East",2004,4401
"4757","211011449","The Basin","Melbourne - Outer East",2005,4372
"4758","211011449","The Basin","Melbourne - Outer East",2006,4376
"4759","211011449","The Basin","Melbourne - Outer East",2007,4388
"4760","211011449","The Basin","Melbourne - Outer East",2008,4397
"4761","211011449","The Basin","Melbourne - Outer East",2009,4413
"4762","211011449","The Basin","Melbourne - Outer East",2010,4418
"4763","211011449","The Basin","Melbourne - Outer East",2011,4418
"4764","211011449","The Basin","Melbourne - Outer East",2012,4417
"4765","211011449","The Basin","Melbourne - Outer East",2013,4418
"4766","211011449","The Basin","Melbourne - Outer East",2014,4419
"4767","211011449","The Basin","Melbourne - Outer East",2015,4423
"4768","211011449","The Basin","Melbourne - Outer East",2016,4441
"4769","211011449","The Basin","Melbourne - Outer East",2017,4460
"4770","211011449","The Basin","Melbourne - Outer East",2018,4469
"4771","211011449","The Basin","Melbourne - Outer East",2019,4455
"4772","211011449","The Basin","Melbourne - Outer East",2020,4415
"4773","211011449","The Basin","Melbourne - Outer East",2021,4380
"4774","211011449","The Basin","Melbourne - Outer East",2022,4314
"4775","211011449","The Basin","Melbourne - Outer East",2023,4315
"4776","211011449","The Basin","Melbourne - Outer East",2024,4345
"4777","211021261","Donvale - Park Orchards","Melbourne - Outer East",2001,15852
"4778","211021261","Donvale - Park Orchards","Melbourne - Outer East",2002,15842
"4779","211021261","Donvale - Park Orchards","Melbourne - Outer East",2003,15816
"4780","211021261","Donvale - Park Orchards","Melbourne - Outer East",2004,15798
"4781","211021261","Donvale - Park Orchards","Melbourne - Outer East",2005,15878
"4782","211021261","Donvale - Park Orchards","Melbourne - Outer East",2006,15992
"4783","211021261","Donvale - Park Orchards","Melbourne - Outer East",2007,16064
"4784","211021261","Donvale - Park Orchards","Melbourne - Outer East",2008,16172
"4785","211021261","Donvale - Park Orchards","Melbourne - Outer East",2009,16222
"4786","211021261","Donvale - Park Orchards","Melbourne - Outer East",2010,16223
"4787","211021261","Donvale - Park Orchards","Melbourne - Outer East",2011,16152
"4788","211021261","Donvale - Park Orchards","Melbourne - Outer East",2012,16190
"4789","211021261","Donvale - Park Orchards","Melbourne - Outer East",2013,16282
"4790","211021261","Donvale - Park Orchards","Melbourne - Outer East",2014,16399
"4791","211021261","Donvale - Park Orchards","Melbourne - Outer East",2015,16520
"4792","211021261","Donvale - Park Orchards","Melbourne - Outer East",2016,16715
"4793","211021261","Donvale - Park Orchards","Melbourne - Outer East",2017,16769
"4794","211021261","Donvale - Park Orchards","Melbourne - Outer East",2018,16804
"4795","211021261","Donvale - Park Orchards","Melbourne - Outer East",2019,16777
"4796","211021261","Donvale - Park Orchards","Melbourne - Outer East",2020,16668
"4797","211021261","Donvale - Park Orchards","Melbourne - Outer East",2021,16410
"4798","211021261","Donvale - Park Orchards","Melbourne - Outer East",2022,16405
"4799","211021261","Donvale - Park Orchards","Melbourne - Outer East",2023,16515
"4800","211021261","Donvale - Park Orchards","Melbourne - Outer East",2024,16778
"4801","211021262","Warrandyte - Wonga Park","Melbourne - Outer East",2001,9872
"4802","211021262","Warrandyte - Wonga Park","Melbourne - Outer East",2002,10006
"4803","211021262","Warrandyte - Wonga Park","Melbourne - Outer East",2003,10152
"4804","211021262","Warrandyte - Wonga Park","Melbourne - Outer East",2004,10193
"4805","211021262","Warrandyte - Wonga Park","Melbourne - Outer East",2005,10334
"4806","211021262","Warrandyte - Wonga Park","Melbourne - Outer East",2006,10411
"4807","211021262","Warrandyte - Wonga Park","Melbourne - Outer East",2007,10425
"4808","211021262","Warrandyte - Wonga Park","Melbourne - Outer East",2008,10443
"4809","211021262","Warrandyte - Wonga Park","Melbourne - Outer East",2009,10467
"4810","211021262","Warrandyte - Wonga Park","Melbourne - Outer East",2010,10480
"4811","211021262","Warrandyte - Wonga Park","Melbourne - Outer East",2011,10502
"4812","211021262","Warrandyte - Wonga Park","Melbourne - Outer East",2012,10508
"4813","211021262","Warrandyte - Wonga Park","Melbourne - Outer East",2013,10524
"4814","211021262","Warrandyte - Wonga Park","Melbourne - Outer East",2014,10538
"4815","211021262","Warrandyte - Wonga Park","Melbourne - Outer East",2015,10560
"4816","211021262","Warrandyte - Wonga Park","Melbourne - Outer East",2016,10613
"4817","211021262","Warrandyte - Wonga Park","Melbourne - Outer East",2017,10612
"4818","211021262","Warrandyte - Wonga Park","Melbourne - Outer East",2018,10590
"4819","211021262","Warrandyte - Wonga Park","Melbourne - Outer East",2019,10551
"4820","211021262","Warrandyte - Wonga Park","Melbourne - Outer East",2020,10404
"4821","211021262","Warrandyte - Wonga Park","Melbourne - Outer East",2021,10181
"4822","211021262","Warrandyte - Wonga Park","Melbourne - Outer East",2022,10090
"4823","211021262","Warrandyte - Wonga Park","Melbourne - Outer East",2023,10140
"4824","211021262","Warrandyte - Wonga Park","Melbourne - Outer East",2024,10238
"4825","211031263","Bayswater North","Melbourne - Outer East",2001,11032
"4826","211031263","Bayswater North","Melbourne - Outer East",2002,11054
"4827","211031263","Bayswater North","Melbourne - Outer East",2003,11116
"4828","211031263","Bayswater North","Melbourne - Outer East",2004,11188
"4829","211031263","Bayswater North","Melbourne - Outer East",2005,11203
"4830","211031263","Bayswater North","Melbourne - Outer East",2006,11219
"4831","211031263","Bayswater North","Melbourne - Outer East",2007,11353
"4832","211031263","Bayswater North","Melbourne - Outer East",2008,11577
"4833","211031263","Bayswater North","Melbourne - Outer East",2009,11770
"4834","211031263","Bayswater North","Melbourne - Outer East",2010,11819
"4835","211031263","Bayswater North","Melbourne - Outer East",2011,11819
"4836","211031263","Bayswater North","Melbourne - Outer East",2012,11866
"4837","211031263","Bayswater North","Melbourne - Outer East",2013,11952
"4838","211031263","Bayswater North","Melbourne - Outer East",2014,12033
"4839","211031263","Bayswater North","Melbourne - Outer East",2015,12126
"4840","211031263","Bayswater North","Melbourne - Outer East",2016,12257
"4841","211031263","Bayswater North","Melbourne - Outer East",2017,12316
"4842","211031263","Bayswater North","Melbourne - Outer East",2018,12392
"4843","211031263","Bayswater North","Melbourne - Outer East",2019,12423
"4844","211031263","Bayswater North","Melbourne - Outer East",2020,12332
"4845","211031263","Bayswater North","Melbourne - Outer East",2021,11967
"4846","211031263","Bayswater North","Melbourne - Outer East",2022,11839
"4847","211031263","Bayswater North","Melbourne - Outer East",2023,11920
"4848","211031263","Bayswater North","Melbourne - Outer East",2024,12043
"4849","211031265","Croydon Hills - Warranwood","Melbourne - Outer East",2001,17649
"4850","211031265","Croydon Hills - Warranwood","Melbourne - Outer East",2002,17710
"4851","211031265","Croydon Hills - Warranwood","Melbourne - Outer East",2003,17702
"4852","211031265","Croydon Hills - Warranwood","Melbourne - Outer East",2004,17845
"4853","211031265","Croydon Hills - Warranwood","Melbourne - Outer East",2005,18084
"4854","211031265","Croydon Hills - Warranwood","Melbourne - Outer East",2006,18233
"4855","211031265","Croydon Hills - Warranwood","Melbourne - Outer East",2007,18263
"4856","211031265","Croydon Hills - Warranwood","Melbourne - Outer East",2008,18455
"4857","211031265","Croydon Hills - Warranwood","Melbourne - Outer East",2009,18728
"4858","211031265","Croydon Hills - Warranwood","Melbourne - Outer East",2010,18728
"4859","211031265","Croydon Hills - Warranwood","Melbourne - Outer East",2011,18613
"4860","211031265","Croydon Hills - Warranwood","Melbourne - Outer East",2012,18619
"4861","211031265","Croydon Hills - Warranwood","Melbourne - Outer East",2013,18664
"4862","211031265","Croydon Hills - Warranwood","Melbourne - Outer East",2014,18692
"4863","211031265","Croydon Hills - Warranwood","Melbourne - Outer East",2015,18697
"4864","211031265","Croydon Hills - Warranwood","Melbourne - Outer East",2016,18752
"4865","211031265","Croydon Hills - Warranwood","Melbourne - Outer East",2017,18775
"4866","211031265","Croydon Hills - Warranwood","Melbourne - Outer East",2018,18766
"4867","211031265","Croydon Hills - Warranwood","Melbourne - Outer East",2019,18727
"4868","211031265","Croydon Hills - Warranwood","Melbourne - Outer East",2020,18640
"4869","211031265","Croydon Hills - Warranwood","Melbourne - Outer East",2021,18232
"4870","211031265","Croydon Hills - Warranwood","Melbourne - Outer East",2022,18152
"4871","211031265","Croydon Hills - Warranwood","Melbourne - Outer East",2023,18325
"4872","211031265","Croydon Hills - Warranwood","Melbourne - Outer East",2024,18391
"4873","211031266","Ringwood","Melbourne - Outer East",2001,15380
"4874","211031266","Ringwood","Melbourne - Outer East",2002,15350
"4875","211031266","Ringwood","Melbourne - Outer East",2003,15330
"4876","211031266","Ringwood","Melbourne - Outer East",2004,15247
"4877","211031266","Ringwood","Melbourne - Outer East",2005,15211
"4878","211031266","Ringwood","Melbourne - Outer East",2006,15222
"4879","211031266","Ringwood","Melbourne - Outer East",2007,15411
"4880","211031266","Ringwood","Melbourne - Outer East",2008,15701
"4881","211031266","Ringwood","Melbourne - Outer East",2009,16175
"4882","211031266","Ringwood","Melbourne - Outer East",2010,16410
"4883","211031266","Ringwood","Melbourne - Outer East",2011,16594
"4884","211031266","Ringwood","Melbourne - Outer East",2012,16882
"4885","211031266","Ringwood","Melbourne - Outer East",2013,17152
"4886","211031266","Ringwood","Melbourne - Outer East",2014,17410
"4887","211031266","Ringwood","Melbourne - Outer East",2015,17654
"4888","211031266","Ringwood","Melbourne - Outer East",2016,17931
"4889","211031266","Ringwood","Melbourne - Outer East",2017,18301
"4890","211031266","Ringwood","Melbourne - Outer East",2018,18504
"4891","211031266","Ringwood","Melbourne - Outer East",2019,18876
"4892","211031266","Ringwood","Melbourne - Outer East",2020,19158
"4893","211031266","Ringwood","Melbourne - Outer East",2021,18919
"4894","211031266","Ringwood","Melbourne - Outer East",2022,18977
"4895","211031266","Ringwood","Melbourne - Outer East",2023,19319
"4896","211031266","Ringwood","Melbourne - Outer East",2024,19633
"4897","211031267","Ringwood East","Melbourne - Outer East",2001,18448
"4898","211031267","Ringwood East","Melbourne - Outer East",2002,18389
"4899","211031267","Ringwood East","Melbourne - Outer East",2003,18370
"4900","211031267","Ringwood East","Melbourne - Outer East",2004,18353
"4901","211031267","Ringwood East","Melbourne - Outer East",2005,18470
"4902","211031267","Ringwood East","Melbourne - Outer East",2006,18532
"4903","211031267","Ringwood East","Melbourne - Outer East",2007,18846
"4904","211031267","Ringwood East","Melbourne - Outer East",2008,19067
"4905","211031267","Ringwood East","Melbourne - Outer East",2009,19378
"4906","211031267","Ringwood East","Melbourne - Outer East",2010,19454
"4907","211031267","Ringwood East","Melbourne - Outer East",2011,19670
"4908","211031267","Ringwood East","Melbourne - Outer East",2012,19818
"4909","211031267","Ringwood East","Melbourne - Outer East",2013,19976
"4910","211031267","Ringwood East","Melbourne - Outer East",2014,20300
"4911","211031267","Ringwood East","Melbourne - Outer East",2015,20657
"4912","211031267","Ringwood East","Melbourne - Outer East",2016,21031
"4913","211031267","Ringwood East","Melbourne - Outer East",2017,21322
"4914","211031267","Ringwood East","Melbourne - Outer East",2018,21495
"4915","211031267","Ringwood East","Melbourne - Outer East",2019,21660
"4916","211031267","Ringwood East","Melbourne - Outer East",2020,21785
"4917","211031267","Ringwood East","Melbourne - Outer East",2021,21351
"4918","211031267","Ringwood East","Melbourne - Outer East",2022,21262
"4919","211031267","Ringwood East","Melbourne - Outer East",2023,21461
"4920","211031267","Ringwood East","Melbourne - Outer East",2024,21866
"4921","211031268","Ringwood North","Melbourne - Outer East",2001,9519
"4922","211031268","Ringwood North","Melbourne - Outer East",2002,9515
"4923","211031268","Ringwood North","Melbourne - Outer East",2003,9497
"4924","211031268","Ringwood North","Melbourne - Outer East",2004,9504
"4925","211031268","Ringwood North","Melbourne - Outer East",2005,9530
"4926","211031268","Ringwood North","Melbourne - Outer East",2006,9541
"4927","211031268","Ringwood North","Melbourne - Outer East",2007,9569
"4928","211031268","Ringwood North","Melbourne - Outer East",2008,9599
"4929","211031268","Ringwood North","Melbourne - Outer East",2009,9637
"4930","211031268","Ringwood North","Melbourne - Outer East",2010,9660
"4931","211031268","Ringwood North","Melbourne - Outer East",2011,9658
"4932","211031268","Ringwood North","Melbourne - Outer East",2012,9711
"4933","211031268","Ringwood North","Melbourne - Outer East",2013,9775
"4934","211031268","Ringwood North","Melbourne - Outer East",2014,9857
"4935","211031268","Ringwood North","Melbourne - Outer East",2015,9910
"4936","211031268","Ringwood North","Melbourne - Outer East",2016,9991
"4937","211031268","Ringwood North","Melbourne - Outer East",2017,10056
"4938","211031268","Ringwood North","Melbourne - Outer East",2018,10073
"4939","211031268","Ringwood North","Melbourne - Outer East",2019,10044
"4940","211031268","Ringwood North","Melbourne - Outer East",2020,9931
"4941","211031268","Ringwood North","Melbourne - Outer East",2021,9723
"4942","211031268","Ringwood North","Melbourne - Outer East",2022,9665
"4943","211031268","Ringwood North","Melbourne - Outer East",2023,9700
"4944","211031268","Ringwood North","Melbourne - Outer East",2024,9803
"4945","211031450","Croydon - East","Melbourne - Outer East",2001,12347
"4946","211031450","Croydon - East","Melbourne - Outer East",2002,12484
"4947","211031450","Croydon - East","Melbourne - Outer East",2003,12601
"4948","211031450","Croydon - East","Melbourne - Outer East",2004,12683
"4949","211031450","Croydon - East","Melbourne - Outer East",2005,12829
"4950","211031450","Croydon - East","Melbourne - Outer East",2006,12945
"4951","211031450","Croydon - East","Melbourne - Outer East",2007,13120
"4952","211031450","Croydon - East","Melbourne - Outer East",2008,13366
"4953","211031450","Croydon - East","Melbourne - Outer East",2009,13721
"4954","211031450","Croydon - East","Melbourne - Outer East",2010,13879
"4955","211031450","Croydon - East","Melbourne - Outer East",2011,14110
"4956","211031450","Croydon - East","Melbourne - Outer East",2012,14349
"4957","211031450","Croydon - East","Melbourne - Outer East",2013,14632
"4958","211031450","Croydon - East","Melbourne - Outer East",2014,15012
"4959","211031450","Croydon - East","Melbourne - Outer East",2015,15363
"4960","211031450","Croydon - East","Melbourne - Outer East",2016,15724
"4961","211031450","Croydon - East","Melbourne - Outer East",2017,15970
"4962","211031450","Croydon - East","Melbourne - Outer East",2018,16181
"4963","211031450","Croydon - East","Melbourne - Outer East",2019,16305
"4964","211031450","Croydon - East","Melbourne - Outer East",2020,16403
"4965","211031450","Croydon - East","Melbourne - Outer East",2021,16236
"4966","211031450","Croydon - East","Melbourne - Outer East",2022,16215
"4967","211031450","Croydon - East","Melbourne - Outer East",2023,16593
"4968","211031450","Croydon - East","Melbourne - Outer East",2024,17181
"4969","211031451","Croydon - West","Melbourne - Outer East",2001,10458
"4970","211031451","Croydon - West","Melbourne - Outer East",2002,10626
"4971","211031451","Croydon - West","Melbourne - Outer East",2003,10790
"4972","211031451","Croydon - West","Melbourne - Outer East",2004,10849
"4973","211031451","Croydon - West","Melbourne - Outer East",2005,10875
"4974","211031451","Croydon - West","Melbourne - Outer East",2006,10991
"4975","211031451","Croydon - West","Melbourne - Outer East",2007,11191
"4976","211031451","Croydon - West","Melbourne - Outer East",2008,11397
"4977","211031451","Croydon - West","Melbourne - Outer East",2009,11622
"4978","211031451","Croydon - West","Melbourne - Outer East",2010,11666
"4979","211031451","Croydon - West","Melbourne - Outer East",2011,11738
"4980","211031451","Croydon - West","Melbourne - Outer East",2012,12062
"4981","211031451","Croydon - West","Melbourne - Outer East",2013,12475
"4982","211031451","Croydon - West","Melbourne - Outer East",2014,12891
"4983","211031451","Croydon - West","Melbourne - Outer East",2015,13343
"4984","211031451","Croydon - West","Melbourne - Outer East",2016,13805
"4985","211031451","Croydon - West","Melbourne - Outer East",2017,14117
"4986","211031451","Croydon - West","Melbourne - Outer East",2018,14324
"4987","211031451","Croydon - West","Melbourne - Outer East",2019,14519
"4988","211031451","Croydon - West","Melbourne - Outer East",2020,14561
"4989","211031451","Croydon - West","Melbourne - Outer East",2021,14246
"4990","211031451","Croydon - West","Melbourne - Outer East",2022,14207
"4991","211031451","Croydon - West","Melbourne - Outer East",2023,14604
"4992","211031451","Croydon - West","Melbourne - Outer East",2024,14828
"4993","211031452","Croydon South","Melbourne - Outer East",2001,4463
"4994","211031452","Croydon South","Melbourne - Outer East",2002,4418
"4995","211031452","Croydon South","Melbourne - Outer East",2003,4376
"4996","211031452","Croydon South","Melbourne - Outer East",2004,4356
"4997","211031452","Croydon South","Melbourne - Outer East",2005,4335
"4998","211031452","Croydon South","Melbourne - Outer East",2006,4330
"4999","211031452","Croydon South","Melbourne - Outer East",2007,4387
"5000","211031452","Croydon South","Melbourne - Outer East",2008,4469
"5001","211031452","Croydon South","Melbourne - Outer East",2009,4574
"5002","211031452","Croydon South","Melbourne - Outer East",2010,4647
"5003","211031452","Croydon South","Melbourne - Outer East",2011,4678
"5004","211031452","Croydon South","Melbourne - Outer East",2012,4692
"5005","211031452","Croydon South","Melbourne - Outer East",2013,4728
"5006","211031452","Croydon South","Melbourne - Outer East",2014,4785
"5007","211031452","Croydon South","Melbourne - Outer East",2015,4824
"5008","211031452","Croydon South","Melbourne - Outer East",2016,4856
"5009","211031452","Croydon South","Melbourne - Outer East",2017,4901
"5010","211031452","Croydon South","Melbourne - Outer East",2018,4918
"5011","211031452","Croydon South","Melbourne - Outer East",2019,4949
"5012","211031452","Croydon South","Melbourne - Outer East",2020,5015
"5013","211031452","Croydon South","Melbourne - Outer East",2021,4936
"5014","211031452","Croydon South","Melbourne - Outer East",2022,4977
"5015","211031452","Croydon South","Melbourne - Outer East",2023,5045
"5016","211031452","Croydon South","Melbourne - Outer East",2024,5140
"5017","211041269","Forest Hill","Melbourne - Outer East",2001,9976
"5018","211041269","Forest Hill","Melbourne - Outer East",2002,9965
"5019","211041269","Forest Hill","Melbourne - Outer East",2003,9963
"5020","211041269","Forest Hill","Melbourne - Outer East",2004,9973
"5021","211041269","Forest Hill","Melbourne - Outer East",2005,9976
"5022","211041269","Forest Hill","Melbourne - Outer East",2006,10010
"5023","211041269","Forest Hill","Melbourne - Outer East",2007,10124
"5024","211041269","Forest Hill","Melbourne - Outer East",2008,10180
"5025","211041269","Forest Hill","Melbourne - Outer East",2009,10321
"5026","211041269","Forest Hill","Melbourne - Outer East",2010,10370
"5027","211041269","Forest Hill","Melbourne - Outer East",2011,10430
"5028","211041269","Forest Hill","Melbourne - Outer East",2012,10483
"5029","211041269","Forest Hill","Melbourne - Outer East",2013,10636
"5030","211041269","Forest Hill","Melbourne - Outer East",2014,10772
"5031","211041269","Forest Hill","Melbourne - Outer East",2015,10874
"5032","211041269","Forest Hill","Melbourne - Outer East",2016,11074
"5033","211041269","Forest Hill","Melbourne - Outer East",2017,11197
"5034","211041269","Forest Hill","Melbourne - Outer East",2018,11260
"5035","211041269","Forest Hill","Melbourne - Outer East",2019,11204
"5036","211041269","Forest Hill","Melbourne - Outer East",2020,11166
"5037","211041269","Forest Hill","Melbourne - Outer East",2021,10866
"5038","211041269","Forest Hill","Melbourne - Outer East",2022,10867
"5039","211041269","Forest Hill","Melbourne - Outer East",2023,11026
"5040","211041269","Forest Hill","Melbourne - Outer East",2024,11213
"5041","211041270","Mitcham (Vic.)","Melbourne - Outer East",2001,14232
"5042","211041270","Mitcham (Vic.)","Melbourne - Outer East",2002,14378
"5043","211041270","Mitcham (Vic.)","Melbourne - Outer East",2003,14524
"5044","211041270","Mitcham (Vic.)","Melbourne - Outer East",2004,14635
"5045","211041270","Mitcham (Vic.)","Melbourne - Outer East",2005,14734
"5046","211041270","Mitcham (Vic.)","Melbourne - Outer East",2006,14852
"5047","211041270","Mitcham (Vic.)","Melbourne - Outer East",2007,14976
"5048","211041270","Mitcham (Vic.)","Melbourne - Outer East",2008,15102
"5049","211041270","Mitcham (Vic.)","Melbourne - Outer East",2009,15208
"5050","211041270","Mitcham (Vic.)","Melbourne - Outer East",2010,15265
"5051","211041270","Mitcham (Vic.)","Melbourne - Outer East",2011,15346
"5052","211041270","Mitcham (Vic.)","Melbourne - Outer East",2012,15804
"5053","211041270","Mitcham (Vic.)","Melbourne - Outer East",2013,16205
"5054","211041270","Mitcham (Vic.)","Melbourne - Outer East",2014,16482
"5055","211041270","Mitcham (Vic.)","Melbourne - Outer East",2015,16686
"5056","211041270","Mitcham (Vic.)","Melbourne - Outer East",2016,16859
"5057","211041270","Mitcham (Vic.)","Melbourne - Outer East",2017,17084
"5058","211041270","Mitcham (Vic.)","Melbourne - Outer East",2018,17231
"5059","211041270","Mitcham (Vic.)","Melbourne - Outer East",2019,17282
"5060","211041270","Mitcham (Vic.)","Melbourne - Outer East",2020,17338
"5061","211041270","Mitcham (Vic.)","Melbourne - Outer East",2021,16930
"5062","211041270","Mitcham (Vic.)","Melbourne - Outer East",2022,17017
"5063","211041270","Mitcham (Vic.)","Melbourne - Outer East",2023,17321
"5064","211041270","Mitcham (Vic.)","Melbourne - Outer East",2024,17472
"5065","211041271","Nunawading","Melbourne - Outer East",2001,10693
"5066","211041271","Nunawading","Melbourne - Outer East",2002,10639
"5067","211041271","Nunawading","Melbourne - Outer East",2003,10526
"5068","211041271","Nunawading","Melbourne - Outer East",2004,10478
"5069","211041271","Nunawading","Melbourne - Outer East",2005,10466
"5070","211041271","Nunawading","Melbourne - Outer East",2006,10553
"5071","211041271","Nunawading","Melbourne - Outer East",2007,10846
"5072","211041271","Nunawading","Melbourne - Outer East",2008,10985
"5073","211041271","Nunawading","Melbourne - Outer East",2009,11200
"5074","211041271","Nunawading","Melbourne - Outer East",2010,11276
"5075","211041271","Nunawading","Melbourne - Outer East",2011,11382
"5076","211041271","Nunawading","Melbourne - Outer East",2012,11576
"5077","211041271","Nunawading","Melbourne - Outer East",2013,11742
"5078","211041271","Nunawading","Melbourne - Outer East",2014,11867
"5079","211041271","Nunawading","Melbourne - Outer East",2015,12089
"5080","211041271","Nunawading","Melbourne - Outer East",2016,12363
"5081","211041271","Nunawading","Melbourne - Outer East",2017,12628
"5082","211041271","Nunawading","Melbourne - Outer East",2018,12786
"5083","211041271","Nunawading","Melbourne - Outer East",2019,12840
"5084","211041271","Nunawading","Melbourne - Outer East",2020,12861
"5085","211041271","Nunawading","Melbourne - Outer East",2021,12518
"5086","211041271","Nunawading","Melbourne - Outer East",2022,12602
"5087","211041271","Nunawading","Melbourne - Outer East",2023,12928
"5088","211041271","Nunawading","Melbourne - Outer East",2024,13230
"5089","211041272","Vermont","Melbourne - Outer East",2001,9544
"5090","211041272","Vermont","Melbourne - Outer East",2002,9538
"5091","211041272","Vermont","Melbourne - Outer East",2003,9522
"5092","211041272","Vermont","Melbourne - Outer East",2004,9533
"5093","211041272","Vermont","Melbourne - Outer East",2005,9561
"5094","211041272","Vermont","Melbourne - Outer East",2006,9705
"5095","211041272","Vermont","Melbourne - Outer East",2007,9860
"5096","211041272","Vermont","Melbourne - Outer East",2008,9988
"5097","211041272","Vermont","Melbourne - Outer East",2009,10147
"5098","211041272","Vermont","Melbourne - Outer East",2010,10214
"5099","211041272","Vermont","Melbourne - Outer East",2011,10261
"5100","211041272","Vermont","Melbourne - Outer East",2012,10392
"5101","211041272","Vermont","Melbourne - Outer East",2013,10517
"5102","211041272","Vermont","Melbourne - Outer East",2014,10619
"5103","211041272","Vermont","Melbourne - Outer East",2015,10750
"5104","211041272","Vermont","Melbourne - Outer East",2016,10896
"5105","211041272","Vermont","Melbourne - Outer East",2017,11025
"5106","211041272","Vermont","Melbourne - Outer East",2018,11144
"5107","211041272","Vermont","Melbourne - Outer East",2019,11260
"5108","211041272","Vermont","Melbourne - Outer East",2020,11337
"5109","211041272","Vermont","Melbourne - Outer East",2021,11079
"5110","211041272","Vermont","Melbourne - Outer East",2022,10993
"5111","211041272","Vermont","Melbourne - Outer East",2023,11152
"5112","211041272","Vermont","Melbourne - Outer East",2024,11353
"5113","211041273","Vermont South","Melbourne - Outer East",2001,12228
"5114","211041273","Vermont South","Melbourne - Outer East",2002,12120
"5115","211041273","Vermont South","Melbourne - Outer East",2003,11988
"5116","211041273","Vermont South","Melbourne - Outer East",2004,11928
"5117","211041273","Vermont South","Melbourne - Outer East",2005,11865
"5118","211041273","Vermont South","Melbourne - Outer East",2006,11905
"5119","211041273","Vermont South","Melbourne - Outer East",2007,11915
"5120","211041273","Vermont South","Melbourne - Outer East",2008,11906
"5121","211041273","Vermont South","Melbourne - Outer East",2009,11968
"5122","211041273","Vermont South","Melbourne - Outer East",2010,11964
"5123","211041273","Vermont South","Melbourne - Outer East",2011,11891
"5124","211041273","Vermont South","Melbourne - Outer East",2012,11946
"5125","211041273","Vermont South","Melbourne - Outer East",2013,12004
"5126","211041273","Vermont South","Melbourne - Outer East",2014,12070
"5127","211041273","Vermont South","Melbourne - Outer East",2015,12143
"5128","211041273","Vermont South","Melbourne - Outer East",2016,12251
"5129","211041273","Vermont South","Melbourne - Outer East",2017,12350
"5130","211041273","Vermont South","Melbourne - Outer East",2018,12391
"5131","211041273","Vermont South","Melbourne - Outer East",2019,12386
"5132","211041273","Vermont South","Melbourne - Outer East",2020,12303
"5133","211041273","Vermont South","Melbourne - Outer East",2021,12042
"5134","211041273","Vermont South","Melbourne - Outer East",2022,12046
"5135","211041273","Vermont South","Melbourne - Outer East",2023,12185
"5136","211041273","Vermont South","Melbourne - Outer East",2024,12275
"5137","211051274","Belgrave - Selby","Melbourne - Outer East",2001,10742
"5138","211051274","Belgrave - Selby","Melbourne - Outer East",2002,10769
"5139","211051274","Belgrave - Selby","Melbourne - Outer East",2003,10743
"5140","211051274","Belgrave - Selby","Melbourne - Outer East",2004,10685
"5141","211051274","Belgrave - Selby","Melbourne - Outer East",2005,10565
"5142","211051274","Belgrave - Selby","Melbourne - Outer East",2006,10510
"5143","211051274","Belgrave - Selby","Melbourne - Outer East",2007,10531
"5144","211051274","Belgrave - Selby","Melbourne - Outer East",2008,10495
"5145","211051274","Belgrave - Selby","Melbourne - Outer East",2009,10504
"5146","211051274","Belgrave - Selby","Melbourne - Outer East",2010,10475
"5147","211051274","Belgrave - Selby","Melbourne - Outer East",2011,10414
"5148","211051274","Belgrave - Selby","Melbourne - Outer East",2012,10416
"5149","211051274","Belgrave - Selby","Melbourne - Outer East",2013,10423
"5150","211051274","Belgrave - Selby","Melbourne - Outer East",2014,10424
"5151","211051274","Belgrave - Selby","Melbourne - Outer East",2015,10429
"5152","211051274","Belgrave - Selby","Melbourne - Outer East",2016,10453
"5153","211051274","Belgrave - Selby","Melbourne - Outer East",2017,10452
"5154","211051274","Belgrave - Selby","Melbourne - Outer East",2018,10429
"5155","211051274","Belgrave - Selby","Melbourne - Outer East",2019,10378
"5156","211051274","Belgrave - Selby","Melbourne - Outer East",2020,10339
"5157","211051274","Belgrave - Selby","Melbourne - Outer East",2021,10091
"5158","211051274","Belgrave - Selby","Melbourne - Outer East",2022,9990
"5159","211051274","Belgrave - Selby","Melbourne - Outer East",2023,9960
"5160","211051274","Belgrave - Selby","Melbourne - Outer East",2024,9991
"5161","211051275","Chirnside Park","Melbourne - Outer East",2001,8807
"5162","211051275","Chirnside Park","Melbourne - Outer East",2002,9003
"5163","211051275","Chirnside Park","Melbourne - Outer East",2003,9078
"5164","211051275","Chirnside Park","Melbourne - Outer East",2004,9074
"5165","211051275","Chirnside Park","Melbourne - Outer East",2005,9135
"5166","211051275","Chirnside Park","Melbourne - Outer East",2006,9212
"5167","211051275","Chirnside Park","Melbourne - Outer East",2007,9251
"5168","211051275","Chirnside Park","Melbourne - Outer East",2008,9307
"5169","211051275","Chirnside Park","Melbourne - Outer East",2009,9387
"5170","211051275","Chirnside Park","Melbourne - Outer East",2010,9420
"5171","211051275","Chirnside Park","Melbourne - Outer East",2011,9422
"5172","211051275","Chirnside Park","Melbourne - Outer East",2012,9497
"5173","211051275","Chirnside Park","Melbourne - Outer East",2013,9590
"5174","211051275","Chirnside Park","Melbourne - Outer East",2014,9711
"5175","211051275","Chirnside Park","Melbourne - Outer East",2015,9941
"5176","211051275","Chirnside Park","Melbourne - Outer East",2016,10266
"5177","211051275","Chirnside Park","Melbourne - Outer East",2017,10678
"5178","211051275","Chirnside Park","Melbourne - Outer East",2018,11046
"5179","211051275","Chirnside Park","Melbourne - Outer East",2019,11468
"5180","211051275","Chirnside Park","Melbourne - Outer East",2020,11767
"5181","211051275","Chirnside Park","Melbourne - Outer East",2021,11876
"5182","211051275","Chirnside Park","Melbourne - Outer East",2022,12087
"5183","211051275","Chirnside Park","Melbourne - Outer East",2023,12389
"5184","211051275","Chirnside Park","Melbourne - Outer East",2024,12506
"5185","211051276","Healesville - Yarra Glen","Melbourne - Outer East",2001,11841
"5186","211051276","Healesville - Yarra Glen","Melbourne - Outer East",2002,12049
"5187","211051276","Healesville - Yarra Glen","Melbourne - Outer East",2003,12291
"5188","211051276","Healesville - Yarra Glen","Melbourne - Outer East",2004,12403
"5189","211051276","Healesville - Yarra Glen","Melbourne - Outer East",2005,12532
"5190","211051276","Healesville - Yarra Glen","Melbourne - Outer East",2006,12539
"5191","211051276","Healesville - Yarra Glen","Melbourne - Outer East",2007,12571
"5192","211051276","Healesville - Yarra Glen","Melbourne - Outer East",2008,12721
"5193","211051276","Healesville - Yarra Glen","Melbourne - Outer East",2009,12991
"5194","211051276","Healesville - Yarra Glen","Melbourne - Outer East",2010,13135
"5195","211051276","Healesville - Yarra Glen","Melbourne - Outer East",2011,13175
"5196","211051276","Healesville - Yarra Glen","Melbourne - Outer East",2012,13370
"5197","211051276","Healesville - Yarra Glen","Melbourne - Outer East",2013,13597
"5198","211051276","Healesville - Yarra Glen","Melbourne - Outer East",2014,13754
"5199","211051276","Healesville - Yarra Glen","Melbourne - Outer East",2015,13900
"5200","211051276","Healesville - Yarra Glen","Melbourne - Outer East",2016,14106
"5201","211051276","Healesville - Yarra Glen","Melbourne - Outer East",2017,14232
"5202","211051276","Healesville - Yarra Glen","Melbourne - Outer East",2018,14367
"5203","211051276","Healesville - Yarra Glen","Melbourne - Outer East",2019,14420
"5204","211051276","Healesville - Yarra Glen","Melbourne - Outer East",2020,14335
"5205","211051276","Healesville - Yarra Glen","Melbourne - Outer East",2021,14181
"5206","211051276","Healesville - Yarra Glen","Melbourne - Outer East",2022,14100
"5207","211051276","Healesville - Yarra Glen","Melbourne - Outer East",2023,14119
"5208","211051276","Healesville - Yarra Glen","Melbourne - Outer East",2024,14040
"5209","211051277","Kilsyth","Melbourne - Outer East",2001,8661
"5210","211051277","Kilsyth","Melbourne - Outer East",2002,8626
"5211","211051277","Kilsyth","Melbourne - Outer East",2003,8622
"5212","211051277","Kilsyth","Melbourne - Outer East",2004,8599
"5213","211051277","Kilsyth","Melbourne - Outer East",2005,8576
"5214","211051277","Kilsyth","Melbourne - Outer East",2006,8602
"5215","211051277","Kilsyth","Melbourne - Outer East",2007,8625
"5216","211051277","Kilsyth","Melbourne - Outer East",2008,8668
"5217","211051277","Kilsyth","Melbourne - Outer East",2009,8737
"5218","211051277","Kilsyth","Melbourne - Outer East",2010,8768
"5219","211051277","Kilsyth","Melbourne - Outer East",2011,8773
"5220","211051277","Kilsyth","Melbourne - Outer East",2012,8918
"5221","211051277","Kilsyth","Melbourne - Outer East",2013,9047
"5222","211051277","Kilsyth","Melbourne - Outer East",2014,9139
"5223","211051277","Kilsyth","Melbourne - Outer East",2015,9280
"5224","211051277","Kilsyth","Melbourne - Outer East",2016,9470
"5225","211051277","Kilsyth","Melbourne - Outer East",2017,9595
"5226","211051277","Kilsyth","Melbourne - Outer East",2018,9685
"5227","211051277","Kilsyth","Melbourne - Outer East",2019,9879
"5228","211051277","Kilsyth","Melbourne - Outer East",2020,9962
"5229","211051277","Kilsyth","Melbourne - Outer East",2021,9980
"5230","211051277","Kilsyth","Melbourne - Outer East",2022,10105
"5231","211051277","Kilsyth","Melbourne - Outer East",2023,10349
"5232","211051277","Kilsyth","Melbourne - Outer East",2024,10676
"5233","211051278","Lilydale - Coldstream","Melbourne - Outer East",2001,16176
"5234","211051278","Lilydale - Coldstream","Melbourne - Outer East",2002,16472
"5235","211051278","Lilydale - Coldstream","Melbourne - Outer East",2003,16656
"5236","211051278","Lilydale - Coldstream","Melbourne - Outer East",2004,16719
"5237","211051278","Lilydale - Coldstream","Melbourne - Outer East",2005,16904
"5238","211051278","Lilydale - Coldstream","Melbourne - Outer East",2006,17169
"5239","211051278","Lilydale - Coldstream","Melbourne - Outer East",2007,17445
"5240","211051278","Lilydale - Coldstream","Melbourne - Outer East",2008,17889
"5241","211051278","Lilydale - Coldstream","Melbourne - Outer East",2009,18306
"5242","211051278","Lilydale - Coldstream","Melbourne - Outer East",2010,18454
"5243","211051278","Lilydale - Coldstream","Melbourne - Outer East",2011,18517
"5244","211051278","Lilydale - Coldstream","Melbourne - Outer East",2012,18668
"5245","211051278","Lilydale - Coldstream","Melbourne - Outer East",2013,18778
"5246","211051278","Lilydale - Coldstream","Melbourne - Outer East",2014,18925
"5247","211051278","Lilydale - Coldstream","Melbourne - Outer East",2015,19212
"5248","211051278","Lilydale - Coldstream","Melbourne - Outer East",2016,19448
"5249","211051278","Lilydale - Coldstream","Melbourne - Outer East",2017,19656
"5250","211051278","Lilydale - Coldstream","Melbourne - Outer East",2018,19822
"5251","211051278","Lilydale - Coldstream","Melbourne - Outer East",2019,19913
"5252","211051278","Lilydale - Coldstream","Melbourne - Outer East",2020,19952
"5253","211051278","Lilydale - Coldstream","Melbourne - Outer East",2021,19786
"5254","211051278","Lilydale - Coldstream","Melbourne - Outer East",2022,19909
"5255","211051278","Lilydale - Coldstream","Melbourne - Outer East",2023,20039
"5256","211051278","Lilydale - Coldstream","Melbourne - Outer East",2024,20533
"5257","211051279","Monbulk - Silvan","Melbourne - Outer East",2001,5753
"5258","211051279","Monbulk - Silvan","Melbourne - Outer East",2002,5743
"5259","211051279","Monbulk - Silvan","Melbourne - Outer East",2003,5712
"5260","211051279","Monbulk - Silvan","Melbourne - Outer East",2004,5680
"5261","211051279","Monbulk - Silvan","Melbourne - Outer East",2005,5623
"5262","211051279","Monbulk - Silvan","Melbourne - Outer East",2006,5609
"5263","211051279","Monbulk - Silvan","Melbourne - Outer East",2007,5649
"5264","211051279","Monbulk - Silvan","Melbourne - Outer East",2008,5707
"5265","211051279","Monbulk - Silvan","Melbourne - Outer East",2009,5736
"5266","211051279","Monbulk - Silvan","Melbourne - Outer East",2010,5747
"5267","211051279","Monbulk - Silvan","Melbourne - Outer East",2011,5732
"5268","211051279","Monbulk - Silvan","Melbourne - Outer East",2012,5774
"5269","211051279","Monbulk - Silvan","Melbourne - Outer East",2013,5788
"5270","211051279","Monbulk - Silvan","Melbourne - Outer East",2014,5791
"5271","211051279","Monbulk - Silvan","Melbourne - Outer East",2015,5791
"5272","211051279","Monbulk - Silvan","Melbourne - Outer East",2016,5827
"5273","211051279","Monbulk - Silvan","Melbourne - Outer East",2017,5859
"5274","211051279","Monbulk - Silvan","Melbourne - Outer East",2018,5865
"5275","211051279","Monbulk - Silvan","Melbourne - Outer East",2019,5852
"5276","211051279","Monbulk - Silvan","Melbourne - Outer East",2020,5878
"5277","211051279","Monbulk - Silvan","Melbourne - Outer East",2021,5859
"5278","211051279","Monbulk - Silvan","Melbourne - Outer East",2022,5795
"5279","211051279","Monbulk - Silvan","Melbourne - Outer East",2023,5807
"5280","211051279","Monbulk - Silvan","Melbourne - Outer East",2024,5834
"5281","211051280","Montrose","Melbourne - Outer East",2001,6852
"5282","211051280","Montrose","Melbourne - Outer East",2002,6811
"5283","211051280","Montrose","Melbourne - Outer East",2003,6791
"5284","211051280","Montrose","Melbourne - Outer East",2004,6761
"5285","211051280","Montrose","Melbourne - Outer East",2005,6738
"5286","211051280","Montrose","Melbourne - Outer East",2006,6739
"5287","211051280","Montrose","Melbourne - Outer East",2007,6772
"5288","211051280","Montrose","Melbourne - Outer East",2008,6830
"5289","211051280","Montrose","Melbourne - Outer East",2009,6921
"5290","211051280","Montrose","Melbourne - Outer East",2010,6955
"5291","211051280","Montrose","Melbourne - Outer East",2011,6966
"5292","211051280","Montrose","Melbourne - Outer East",2012,6987
"5293","211051280","Montrose","Melbourne - Outer East",2013,7004
"5294","211051280","Montrose","Melbourne - Outer East",2014,7011
"5295","211051280","Montrose","Melbourne - Outer East",2015,7031
"5296","211051280","Montrose","Melbourne - Outer East",2016,7078
"5297","211051280","Montrose","Melbourne - Outer East",2017,7126
"5298","211051280","Montrose","Melbourne - Outer East",2018,7139
"5299","211051280","Montrose","Melbourne - Outer East",2019,7110
"5300","211051280","Montrose","Melbourne - Outer East",2020,7051
"5301","211051280","Montrose","Melbourne - Outer East",2021,6993
"5302","211051280","Montrose","Melbourne - Outer East",2022,6962
"5303","211051280","Montrose","Melbourne - Outer East",2023,6928
"5304","211051280","Montrose","Melbourne - Outer East",2024,6921
"5305","211051281","Mooroolbark","Melbourne - Outer East",2001,19556
"5306","211051281","Mooroolbark","Melbourne - Outer East",2002,19549
"5307","211051281","Mooroolbark","Melbourne - Outer East",2003,19524
"5308","211051281","Mooroolbark","Melbourne - Outer East",2004,19550
"5309","211051281","Mooroolbark","Melbourne - Outer East",2005,19690
"5310","211051281","Mooroolbark","Melbourne - Outer East",2006,19863
"5311","211051281","Mooroolbark","Melbourne - Outer East",2007,20181
"5312","211051281","Mooroolbark","Melbourne - Outer East",2008,20506
"5313","211051281","Mooroolbark","Melbourne - Outer East",2009,20870
"5314","211051281","Mooroolbark","Melbourne - Outer East",2010,21073
"5315","211051281","Mooroolbark","Melbourne - Outer East",2011,21321
"5316","211051281","Mooroolbark","Melbourne - Outer East",2012,21525
"5317","211051281","Mooroolbark","Melbourne - Outer East",2013,21824
"5318","211051281","Mooroolbark","Melbourne - Outer East",2014,22208
"5319","211051281","Mooroolbark","Melbourne - Outer East",2015,22604
"5320","211051281","Mooroolbark","Melbourne - Outer East",2016,23027
"5321","211051281","Mooroolbark","Melbourne - Outer East",2017,23405
"5322","211051281","Mooroolbark","Melbourne - Outer East",2018,23587
"5323","211051281","Mooroolbark","Melbourne - Outer East",2019,23843
"5324","211051281","Mooroolbark","Melbourne - Outer East",2020,23917
"5325","211051281","Mooroolbark","Melbourne - Outer East",2021,23442
"5326","211051281","Mooroolbark","Melbourne - Outer East",2022,23607
"5327","211051281","Mooroolbark","Melbourne - Outer East",2023,23982
"5328","211051281","Mooroolbark","Melbourne - Outer East",2024,24258
"5329","211051282","Mount Dandenong - Olinda","Melbourne - Outer East",2001,9787
"5330","211051282","Mount Dandenong - Olinda","Melbourne - Outer East",2002,9769
"5331","211051282","Mount Dandenong - Olinda","Melbourne - Outer East",2003,9764
"5332","211051282","Mount Dandenong - Olinda","Melbourne - Outer East",2004,9762
"5333","211051282","Mount Dandenong - Olinda","Melbourne - Outer East",2005,9769
"5334","211051282","Mount Dandenong - Olinda","Melbourne - Outer East",2006,9778
"5335","211051282","Mount Dandenong - Olinda","Melbourne - Outer East",2007,9843
"5336","211051282","Mount Dandenong - Olinda","Melbourne - Outer East",2008,9903
"5337","211051282","Mount Dandenong - Olinda","Melbourne - Outer East",2009,9974
"5338","211051282","Mount Dandenong - Olinda","Melbourne - Outer East",2010,10035
"5339","211051282","Mount Dandenong - Olinda","Melbourne - Outer East",2011,10060
"5340","211051282","Mount Dandenong - Olinda","Melbourne - Outer East",2012,10062
"5341","211051282","Mount Dandenong - Olinda","Melbourne - Outer East",2013,10064
"5342","211051282","Mount Dandenong - Olinda","Melbourne - Outer East",2014,10065
"5343","211051282","Mount Dandenong - Olinda","Melbourne - Outer East",2015,10066
"5344","211051282","Mount Dandenong - Olinda","Melbourne - Outer East",2016,10109
"5345","211051282","Mount Dandenong - Olinda","Melbourne - Outer East",2017,10084
"5346","211051282","Mount Dandenong - Olinda","Melbourne - Outer East",2018,10074
"5347","211051282","Mount Dandenong - Olinda","Melbourne - Outer East",2019,10051
"5348","211051282","Mount Dandenong - Olinda","Melbourne - Outer East",2020,9953
"5349","211051282","Mount Dandenong - Olinda","Melbourne - Outer East",2021,9770
"5350","211051282","Mount Dandenong - Olinda","Melbourne - Outer East",2022,9642
"5351","211051282","Mount Dandenong - Olinda","Melbourne - Outer East",2023,9633
"5352","211051282","Mount Dandenong - Olinda","Melbourne - Outer East",2024,9609
"5353","211051283","Mount Evelyn","Melbourne - Outer East",2001,9396
"5354","211051283","Mount Evelyn","Melbourne - Outer East",2002,9378
"5355","211051283","Mount Evelyn","Melbourne - Outer East",2003,9356
"5356","211051283","Mount Evelyn","Melbourne - Outer East",2004,9350
"5357","211051283","Mount Evelyn","Melbourne - Outer East",2005,9357
"5358","211051283","Mount Evelyn","Melbourne - Outer East",2006,9395
"5359","211051283","Mount Evelyn","Melbourne - Outer East",2007,9427
"5360","211051283","Mount Evelyn","Melbourne - Outer East",2008,9466
"5361","211051283","Mount Evelyn","Melbourne - Outer East",2009,9561
"5362","211051283","Mount Evelyn","Melbourne - Outer East",2010,9597
"5363","211051283","Mount Evelyn","Melbourne - Outer East",2011,9615
"5364","211051283","Mount Evelyn","Melbourne - Outer East",2012,9695
"5365","211051283","Mount Evelyn","Melbourne - Outer East",2013,9768
"5366","211051283","Mount Evelyn","Melbourne - Outer East",2014,9839
"5367","211051283","Mount Evelyn","Melbourne - Outer East",2015,9941
"5368","211051283","Mount Evelyn","Melbourne - Outer East",2016,10081
"5369","211051283","Mount Evelyn","Melbourne - Outer East",2017,10102
"5370","211051283","Mount Evelyn","Melbourne - Outer East",2018,10086
"5371","211051283","Mount Evelyn","Melbourne - Outer East",2019,10059
"5372","211051283","Mount Evelyn","Melbourne - Outer East",2020,9949
"5373","211051283","Mount Evelyn","Melbourne - Outer East",2021,9866
"5374","211051283","Mount Evelyn","Melbourne - Outer East",2022,9807
"5375","211051283","Mount Evelyn","Melbourne - Outer East",2023,9918
"5376","211051283","Mount Evelyn","Melbourne - Outer East",2024,10032
"5377","211051284","Upwey - Tecoma","Melbourne - Outer East",2001,10357
"5378","211051284","Upwey - Tecoma","Melbourne - Outer East",2002,10360
"5379","211051284","Upwey - Tecoma","Melbourne - Outer East",2003,10310
"5380","211051284","Upwey - Tecoma","Melbourne - Outer East",2004,10256
"5381","211051284","Upwey - Tecoma","Melbourne - Outer East",2005,10148
"5382","211051284","Upwey - Tecoma","Melbourne - Outer East",2006,10096
"5383","211051284","Upwey - Tecoma","Melbourne - Outer East",2007,10070
"5384","211051284","Upwey - Tecoma","Melbourne - Outer East",2008,10072
"5385","211051284","Upwey - Tecoma","Melbourne - Outer East",2009,10095
"5386","211051284","Upwey - Tecoma","Melbourne - Outer East",2010,10085
"5387","211051284","Upwey - Tecoma","Melbourne - Outer East",2011,10067
"5388","211051284","Upwey - Tecoma","Melbourne - Outer East",2012,10045
"5389","211051284","Upwey - Tecoma","Melbourne - Outer East",2013,10026
"5390","211051284","Upwey - Tecoma","Melbourne - Outer East",2014,10017
"5391","211051284","Upwey - Tecoma","Melbourne - Outer East",2015,10019
"5392","211051284","Upwey - Tecoma","Melbourne - Outer East",2016,10040
"5393","211051284","Upwey - Tecoma","Melbourne - Outer East",2017,10037
"5394","211051284","Upwey - Tecoma","Melbourne - Outer East",2018,10024
"5395","211051284","Upwey - Tecoma","Melbourne - Outer East",2019,9996
"5396","211051284","Upwey - Tecoma","Melbourne - Outer East",2020,9952
"5397","211051284","Upwey - Tecoma","Melbourne - Outer East",2021,9848
"5398","211051284","Upwey - Tecoma","Melbourne - Outer East",2022,9732
"5399","211051284","Upwey - Tecoma","Melbourne - Outer East",2023,9775
"5400","211051284","Upwey - Tecoma","Melbourne - Outer East",2024,9862
"5401","211051285","Wandin - Seville","Melbourne - Outer East",2001,7112
"5402","211051285","Wandin - Seville","Melbourne - Outer East",2002,7190
"5403","211051285","Wandin - Seville","Melbourne - Outer East",2003,7227
"5404","211051285","Wandin - Seville","Melbourne - Outer East",2004,7241
"5405","211051285","Wandin - Seville","Melbourne - Outer East",2005,7241
"5406","211051285","Wandin - Seville","Melbourne - Outer East",2006,7316
"5407","211051285","Wandin - Seville","Melbourne - Outer East",2007,7372
"5408","211051285","Wandin - Seville","Melbourne - Outer East",2008,7446
"5409","211051285","Wandin - Seville","Melbourne - Outer East",2009,7560
"5410","211051285","Wandin - Seville","Melbourne - Outer East",2010,7608
"5411","211051285","Wandin - Seville","Melbourne - Outer East",2011,7646
"5412","211051285","Wandin - Seville","Melbourne - Outer East",2012,7658
"5413","211051285","Wandin - Seville","Melbourne - Outer East",2013,7700
"5414","211051285","Wandin - Seville","Melbourne - Outer East",2014,7748
"5415","211051285","Wandin - Seville","Melbourne - Outer East",2015,7798
"5416","211051285","Wandin - Seville","Melbourne - Outer East",2016,7884
"5417","211051285","Wandin - Seville","Melbourne - Outer East",2017,7940
"5418","211051285","Wandin - Seville","Melbourne - Outer East",2018,8011
"5419","211051285","Wandin - Seville","Melbourne - Outer East",2019,7997
"5420","211051285","Wandin - Seville","Melbourne - Outer East",2020,7996
"5421","211051285","Wandin - Seville","Melbourne - Outer East",2021,7963
"5422","211051285","Wandin - Seville","Melbourne - Outer East",2022,7950
"5423","211051285","Wandin - Seville","Melbourne - Outer East",2023,7987
"5424","211051285","Wandin - Seville","Melbourne - Outer East",2024,7999
"5425","211051286","Yarra Valley","Melbourne - Outer East",2001,15932
"5426","211051286","Yarra Valley","Melbourne - Outer East",2002,15928
"5427","211051286","Yarra Valley","Melbourne - Outer East",2003,15865
"5428","211051286","Yarra Valley","Melbourne - Outer East",2004,15831
"5429","211051286","Yarra Valley","Melbourne - Outer East",2005,15788
"5430","211051286","Yarra Valley","Melbourne - Outer East",2006,15820
"5431","211051286","Yarra Valley","Melbourne - Outer East",2007,15949
"5432","211051286","Yarra Valley","Melbourne - Outer East",2008,16078
"5433","211051286","Yarra Valley","Melbourne - Outer East",2009,16227
"5434","211051286","Yarra Valley","Melbourne - Outer East",2010,16318
"5435","211051286","Yarra Valley","Melbourne - Outer East",2011,16347
"5436","211051286","Yarra Valley","Melbourne - Outer East",2012,16409
"5437","211051286","Yarra Valley","Melbourne - Outer East",2013,16460
"5438","211051286","Yarra Valley","Melbourne - Outer East",2014,16496
"5439","211051286","Yarra Valley","Melbourne - Outer East",2015,16537
"5440","211051286","Yarra Valley","Melbourne - Outer East",2016,16622
"5441","211051286","Yarra Valley","Melbourne - Outer East",2017,16725
"5442","211051286","Yarra Valley","Melbourne - Outer East",2018,16862
"5443","211051286","Yarra Valley","Melbourne - Outer East",2019,16960
"5444","211051286","Yarra Valley","Melbourne - Outer East",2020,17006
"5445","211051286","Yarra Valley","Melbourne - Outer East",2021,16947
"5446","211051286","Yarra Valley","Melbourne - Outer East",2022,16957
"5447","211051286","Yarra Valley","Melbourne - Outer East",2023,16960
"5448","211051286","Yarra Valley","Melbourne - Outer East",2024,17059
"5449","212011289","Emerald - Cockatoo","Melbourne - South East",2001,16964
"5450","212011289","Emerald - Cockatoo","Melbourne - South East",2002,17062
"5451","212011289","Emerald - Cockatoo","Melbourne - South East",2003,17173
"5452","212011289","Emerald - Cockatoo","Melbourne - South East",2004,17332
"5453","212011289","Emerald - Cockatoo","Melbourne - South East",2005,17454
"5454","212011289","Emerald - Cockatoo","Melbourne - South East",2006,17628
"5455","212011289","Emerald - Cockatoo","Melbourne - South East",2007,17699
"5456","212011289","Emerald - Cockatoo","Melbourne - South East",2008,17793
"5457","212011289","Emerald - Cockatoo","Melbourne - South East",2009,17902
"5458","212011289","Emerald - Cockatoo","Melbourne - South East",2010,17969
"5459","212011289","Emerald - Cockatoo","Melbourne - South East",2011,18012
"5460","212011289","Emerald - Cockatoo","Melbourne - South East",2012,18072
"5461","212011289","Emerald - Cockatoo","Melbourne - South East",2013,18144
"5462","212011289","Emerald - Cockatoo","Melbourne - South East",2014,18241
"5463","212011289","Emerald - Cockatoo","Melbourne - South East",2015,18375
"5464","212011289","Emerald - Cockatoo","Melbourne - South East",2016,18580
"5465","212011289","Emerald - Cockatoo","Melbourne - South East",2017,18686
"5466","212011289","Emerald - Cockatoo","Melbourne - South East",2018,18776
"5467","212011289","Emerald - Cockatoo","Melbourne - South East",2019,18843
"5468","212011289","Emerald - Cockatoo","Melbourne - South East",2020,18838
"5469","212011289","Emerald - Cockatoo","Melbourne - South East",2021,18802
"5470","212011289","Emerald - Cockatoo","Melbourne - South East",2022,18741
"5471","212011289","Emerald - Cockatoo","Melbourne - South East",2023,18908
"5472","212011289","Emerald - Cockatoo","Melbourne - South East",2024,18958
"5473","212011546","Beaconsfield - Officer","Melbourne - South East",2001,3666
"5474","212011546","Beaconsfield - Officer","Melbourne - South East",2002,4112
"5475","212011546","Beaconsfield - Officer","Melbourne - South East",2003,4810
"5476","212011546","Beaconsfield - Officer","Melbourne - South East",2004,5595
"5477","212011546","Beaconsfield - Officer","Melbourne - South East",2005,6194
"5478","212011546","Beaconsfield - Officer","Melbourne - South East",2006,6720
"5479","212011546","Beaconsfield - Officer","Melbourne - South East",2007,6824
"5480","212011546","Beaconsfield - Officer","Melbourne - South East",2008,7109
"5481","212011546","Beaconsfield - Officer","Melbourne - South East",2009,7496
"5482","212011546","Beaconsfield - Officer","Melbourne - South East",2010,7705
"5483","212011546","Beaconsfield - Officer","Melbourne - South East",2011,8156
"5484","212011546","Beaconsfield - Officer","Melbourne - South East",2012,8857
"5485","212011546","Beaconsfield - Officer","Melbourne - South East",2013,9533
"5486","212011546","Beaconsfield - Officer","Melbourne - South East",2014,10247
"5487","212011546","Beaconsfield - Officer","Melbourne - South East",2015,11684
"5488","212011546","Beaconsfield - Officer","Melbourne - South East",2016,13496
"5489","212011546","Beaconsfield - Officer","Melbourne - South East",2017,15476
"5490","212011546","Beaconsfield - Officer","Melbourne - South East",2018,17743
"5491","212011546","Beaconsfield - Officer","Melbourne - South East",2019,20259
"5492","212011546","Beaconsfield - Officer","Melbourne - South East",2020,22381
"5493","212011546","Beaconsfield - Officer","Melbourne - South East",2021,23966
"5494","212011546","Beaconsfield - Officer","Melbourne - South East",2022,25775
"5495","212011546","Beaconsfield - Officer","Melbourne - South East",2023,26960
"5496","212011546","Beaconsfield - Officer","Melbourne - South East",2024,28367
"5497","212011547","Bunyip - Garfield","Melbourne - South East",2001,7445
"5498","212011547","Bunyip - Garfield","Melbourne - South East",2002,7518
"5499","212011547","Bunyip - Garfield","Melbourne - South East",2003,7523
"5500","212011547","Bunyip - Garfield","Melbourne - South East",2004,7561
"5501","212011547","Bunyip - Garfield","Melbourne - South East",2005,7582
"5502","212011547","Bunyip - Garfield","Melbourne - South East",2006,7662
"5503","212011547","Bunyip - Garfield","Melbourne - South East",2007,7685
"5504","212011547","Bunyip - Garfield","Melbourne - South East",2008,7849
"5505","212011547","Bunyip - Garfield","Melbourne - South East",2009,8065
"5506","212011547","Bunyip - Garfield","Melbourne - South East",2010,8162
"5507","212011547","Bunyip - Garfield","Melbourne - South East",2011,8217
"5508","212011547","Bunyip - Garfield","Melbourne - South East",2012,8349
"5509","212011547","Bunyip - Garfield","Melbourne - South East",2013,8443
"5510","212011547","Bunyip - Garfield","Melbourne - South East",2014,8531
"5511","212011547","Bunyip - Garfield","Melbourne - South East",2015,8625
"5512","212011547","Bunyip - Garfield","Melbourne - South East",2016,8755
"5513","212011547","Bunyip - Garfield","Melbourne - South East",2017,8898
"5514","212011547","Bunyip - Garfield","Melbourne - South East",2018,9121
"5515","212011547","Bunyip - Garfield","Melbourne - South East",2019,9402
"5516","212011547","Bunyip - Garfield","Melbourne - South East",2020,9701
"5517","212011547","Bunyip - Garfield","Melbourne - South East",2021,9940
"5518","212011547","Bunyip - Garfield","Melbourne - South East",2022,10063
"5519","212011547","Bunyip - Garfield","Melbourne - South East",2023,10191
"5520","212011547","Bunyip - Garfield","Melbourne - South East",2024,10242
"5521","212011548","Koo Wee Rup","Melbourne - South East",2001,5236
"5522","212011548","Koo Wee Rup","Melbourne - South East",2002,5271
"5523","212011548","Koo Wee Rup","Melbourne - South East",2003,5361
"5524","212011548","Koo Wee Rup","Melbourne - South East",2004,5405
"5525","212011548","Koo Wee Rup","Melbourne - South East",2005,5541
"5526","212011548","Koo Wee Rup","Melbourne - South East",2006,5763
"5527","212011548","Koo Wee Rup","Melbourne - South East",2007,5785
"5528","212011548","Koo Wee Rup","Melbourne - South East",2008,5895
"5529","212011548","Koo Wee Rup","Melbourne - South East",2009,6236
"5530","212011548","Koo Wee Rup","Melbourne - South East",2010,6432
"5531","212011548","Koo Wee Rup","Melbourne - South East",2011,6711
"5532","212011548","Koo Wee Rup","Melbourne - South East",2012,6910
"5533","212011548","Koo Wee Rup","Melbourne - South East",2013,7071
"5534","212011548","Koo Wee Rup","Melbourne - South East",2014,7239
"5535","212011548","Koo Wee Rup","Melbourne - South East",2015,7440
"5536","212011548","Koo Wee Rup","Melbourne - South East",2016,7719
"5537","212011548","Koo Wee Rup","Melbourne - South East",2017,8044
"5538","212011548","Koo Wee Rup","Melbourne - South East",2018,8303
"5539","212011548","Koo Wee Rup","Melbourne - South East",2019,8757
"5540","212011548","Koo Wee Rup","Melbourne - South East",2020,9387
"5541","212011548","Koo Wee Rup","Melbourne - South East",2021,10160
"5542","212011548","Koo Wee Rup","Melbourne - South East",2022,10814
"5543","212011548","Koo Wee Rup","Melbourne - South East",2023,11520
"5544","212011548","Koo Wee Rup","Melbourne - South East",2024,12009
"5545","212011549","Pakenham - North East","Melbourne - South East",2001,5802
"5546","212011549","Pakenham - North East","Melbourne - South East",2002,5850
"5547","212011549","Pakenham - North East","Melbourne - South East",2003,6025
"5548","212011549","Pakenham - North East","Melbourne - South East",2004,6478
"5549","212011549","Pakenham - North East","Melbourne - South East",2005,6568
"5550","212011549","Pakenham - North East","Melbourne - South East",2006,7122
"5551","212011549","Pakenham - North East","Melbourne - South East",2007,7688
"5552","212011549","Pakenham - North East","Melbourne - South East",2008,8499
"5553","212011549","Pakenham - North East","Melbourne - South East",2009,9351
"5554","212011549","Pakenham - North East","Melbourne - South East",2010,10252
"5555","212011549","Pakenham - North East","Melbourne - South East",2011,11092
"5556","212011549","Pakenham - North East","Melbourne - South East",2012,11889
"5557","212011549","Pakenham - North East","Melbourne - South East",2013,12681
"5558","212011549","Pakenham - North East","Melbourne - South East",2014,13287
"5559","212011549","Pakenham - North East","Melbourne - South East",2015,13817
"5560","212011549","Pakenham - North East","Melbourne - South East",2016,14491
"5561","212011549","Pakenham - North East","Melbourne - South East",2017,14965
"5562","212011549","Pakenham - North East","Melbourne - South East",2018,15322
"5563","212011549","Pakenham - North East","Melbourne - South East",2019,15545
"5564","212011549","Pakenham - North East","Melbourne - South East",2020,15625
"5565","212011549","Pakenham - North East","Melbourne - South East",2021,15622
"5566","212011549","Pakenham - North East","Melbourne - South East",2022,15793
"5567","212011549","Pakenham - North East","Melbourne - South East",2023,16023
"5568","212011549","Pakenham - North East","Melbourne - South East",2024,16379
"5569","212011550","Pakenham - North West","Melbourne - South East",2001,630
"5570","212011550","Pakenham - North West","Melbourne - South East",2002,618
"5571","212011550","Pakenham - North West","Melbourne - South East",2003,620
"5572","212011550","Pakenham - North West","Melbourne - South East",2004,671
"5573","212011550","Pakenham - North West","Melbourne - South East",2005,680
"5574","212011550","Pakenham - North West","Melbourne - South East",2006,687
"5575","212011550","Pakenham - North West","Melbourne - South East",2007,736
"5576","212011550","Pakenham - North West","Melbourne - South East",2008,866
"5577","212011550","Pakenham - North West","Melbourne - South East",2009,1243
"5578","212011550","Pakenham - North West","Melbourne - South East",2010,1664
"5579","212011550","Pakenham - North West","Melbourne - South East",2011,2081
"5580","212011550","Pakenham - North West","Melbourne - South East",2012,2681
"5581","212011550","Pakenham - North West","Melbourne - South East",2013,3274
"5582","212011550","Pakenham - North West","Melbourne - South East",2014,3864
"5583","212011550","Pakenham - North West","Melbourne - South East",2015,4443
"5584","212011550","Pakenham - North West","Melbourne - South East",2016,5075
"5585","212011550","Pakenham - North West","Melbourne - South East",2017,5561
"5586","212011550","Pakenham - North West","Melbourne - South East",2018,6040
"5587","212011550","Pakenham - North West","Melbourne - South East",2019,6587
"5588","212011550","Pakenham - North West","Melbourne - South East",2020,7128
"5589","212011550","Pakenham - North West","Melbourne - South East",2021,7567
"5590","212011550","Pakenham - North West","Melbourne - South East",2022,8103
"5591","212011550","Pakenham - North West","Melbourne - South East",2023,8805
"5592","212011550","Pakenham - North West","Melbourne - South East",2024,9658
"5593","212011551","Pakenham - South East","Melbourne - South East",2001,3448
"5594","212011551","Pakenham - South East","Melbourne - South East",2002,3497
"5595","212011551","Pakenham - South East","Melbourne - South East",2003,3634
"5596","212011551","Pakenham - South East","Melbourne - South East",2004,3807
"5597","212011551","Pakenham - South East","Melbourne - South East",2005,3927
"5598","212011551","Pakenham - South East","Melbourne - South East",2006,4003
"5599","212011551","Pakenham - South East","Melbourne - South East",2007,4035
"5600","212011551","Pakenham - South East","Melbourne - South East",2008,4151
"5601","212011551","Pakenham - South East","Melbourne - South East",2009,4268
"5602","212011551","Pakenham - South East","Melbourne - South East",2010,4390
"5603","212011551","Pakenham - South East","Melbourne - South East",2011,4506
"5604","212011551","Pakenham - South East","Melbourne - South East",2012,4690
"5605","212011551","Pakenham - South East","Melbourne - South East",2013,4788
"5606","212011551","Pakenham - South East","Melbourne - South East",2014,4809
"5607","212011551","Pakenham - South East","Melbourne - South East",2015,4887
"5608","212011551","Pakenham - South East","Melbourne - South East",2016,4978
"5609","212011551","Pakenham - South East","Melbourne - South East",2017,5148
"5610","212011551","Pakenham - South East","Melbourne - South East",2018,5452
"5611","212011551","Pakenham - South East","Melbourne - South East",2019,5799
"5612","212011551","Pakenham - South East","Melbourne - South East",2020,6215
"5613","212011551","Pakenham - South East","Melbourne - South East",2021,6493
"5614","212011551","Pakenham - South East","Melbourne - South East",2022,6601
"5615","212011551","Pakenham - South East","Melbourne - South East",2023,6688
"5616","212011551","Pakenham - South East","Melbourne - South East",2024,6706
"5617","212011552","Pakenham - South West","Melbourne - South East",2001,3776
"5618","212011552","Pakenham - South West","Melbourne - South East",2002,4055
"5619","212011552","Pakenham - South West","Melbourne - South East",2003,5002
"5620","212011552","Pakenham - South West","Melbourne - South East",2004,6100
"5621","212011552","Pakenham - South West","Melbourne - South East",2005,7308
"5622","212011552","Pakenham - South West","Melbourne - South East",2006,8473
"5623","212011552","Pakenham - South West","Melbourne - South East",2007,10082
"5624","212011552","Pakenham - South West","Melbourne - South East",2008,11676
"5625","212011552","Pakenham - South West","Melbourne - South East",2009,13534
"5626","212011552","Pakenham - South West","Melbourne - South East",2010,15459
"5627","212011552","Pakenham - South West","Melbourne - South East",2011,17224
"5628","212011552","Pakenham - South West","Melbourne - South East",2012,19134
"5629","212011552","Pakenham - South West","Melbourne - South East",2013,20825
"5630","212011552","Pakenham - South West","Melbourne - South East",2014,22032
"5631","212011552","Pakenham - South West","Melbourne - South East",2015,23205
"5632","212011552","Pakenham - South West","Melbourne - South East",2016,24642
"5633","212011552","Pakenham - South West","Melbourne - South East",2017,25636
"5634","212011552","Pakenham - South West","Melbourne - South East",2018,26346
"5635","212011552","Pakenham - South West","Melbourne - South East",2019,26963
"5636","212011552","Pakenham - South West","Melbourne - South East",2020,27387
"5637","212011552","Pakenham - South West","Melbourne - South East",2021,27171
"5638","212011552","Pakenham - South West","Melbourne - South East",2022,27453
"5639","212011552","Pakenham - South West","Melbourne - South East",2023,27995
"5640","212011552","Pakenham - South West","Melbourne - South East",2024,28217
"5641","212021293","Berwick - North","Melbourne - South East",2001,19094
"5642","212021293","Berwick - North","Melbourne - South East",2002,19611
"5643","212021293","Berwick - North","Melbourne - South East",2003,20228
"5644","212021293","Berwick - North","Melbourne - South East",2004,20807
"5645","212021293","Berwick - North","Melbourne - South East",2005,21209
"5646","212021293","Berwick - North","Melbourne - South East",2006,21547
"5647","212021293","Berwick - North","Melbourne - South East",2007,21826
"5648","212021293","Berwick - North","Melbourne - South East",2008,22326
"5649","212021293","Berwick - North","Melbourne - South East",2009,22695
"5650","212021293","Berwick - North","Melbourne - South East",2010,22909
"5651","212021293","Berwick - North","Melbourne - South East",2011,23042
"5652","212021293","Berwick - North","Melbourne - South East",2012,23183
"5653","212021293","Berwick - North","Melbourne - South East",2013,23336
"5654","212021293","Berwick - North","Melbourne - South East",2014,23455
"5655","212021293","Berwick - North","Melbourne - South East",2015,23614
"5656","212021293","Berwick - North","Melbourne - South East",2016,23824
"5657","212021293","Berwick - North","Melbourne - South East",2017,23911
"5658","212021293","Berwick - North","Melbourne - South East",2018,23851
"5659","212021293","Berwick - North","Melbourne - South East",2019,23878
"5660","212021293","Berwick - North","Melbourne - South East",2020,23710
"5661","212021293","Berwick - North","Melbourne - South East",2021,23181
"5662","212021293","Berwick - North","Melbourne - South East",2022,23076
"5663","212021293","Berwick - North","Melbourne - South East",2023,23563
"5664","212021293","Berwick - North","Melbourne - South East",2024,23797
"5665","212021295","Doveton","Melbourne - South East",2001,10072
"5666","212021295","Doveton","Melbourne - South East",2002,9987
"5667","212021295","Doveton","Melbourne - South East",2003,9918
"5668","212021295","Doveton","Melbourne - South East",2004,9834
"5669","212021295","Doveton","Melbourne - South East",2005,9769
"5670","212021295","Doveton","Melbourne - South East",2006,9672
"5671","212021295","Doveton","Melbourne - South East",2007,9823
"5672","212021295","Doveton","Melbourne - South East",2008,9979
"5673","212021295","Doveton","Melbourne - South East",2009,10192
"5674","212021295","Doveton","Melbourne - South East",2010,10436
"5675","212021295","Doveton","Melbourne - South East",2011,10695
"5676","212021295","Doveton","Melbourne - South East",2012,10919
"5677","212021295","Doveton","Melbourne - South East",2013,11207
"5678","212021295","Doveton","Melbourne - South East",2014,11484
"5679","212021295","Doveton","Melbourne - South East",2015,11665
"5680","212021295","Doveton","Melbourne - South East",2016,11867
"5681","212021295","Doveton","Melbourne - South East",2017,12095
"5682","212021295","Doveton","Melbourne - South East",2018,12260
"5683","212021295","Doveton","Melbourne - South East",2019,12345
"5684","212021295","Doveton","Melbourne - South East",2020,12513
"5685","212021295","Doveton","Melbourne - South East",2021,12058
"5686","212021295","Doveton","Melbourne - South East",2022,12169
"5687","212021295","Doveton","Melbourne - South East",2023,12515
"5688","212021295","Doveton","Melbourne - South East",2024,12792
"5689","212021297","Hallam","Melbourne - South East",2001,8977
"5690","212021297","Hallam","Melbourne - South East",2002,9267
"5691","212021297","Hallam","Melbourne - South East",2003,9519
"5692","212021297","Hallam","Melbourne - South East",2004,9697
"5693","212021297","Hallam","Melbourne - South East",2005,9855
"5694","212021297","Hallam","Melbourne - South East",2006,9923
"5695","212021297","Hallam","Melbourne - South East",2007,10038
"5696","212021297","Hallam","Melbourne - South East",2008,10228
"5697","212021297","Hallam","Melbourne - South East",2009,10430
"5698","212021297","Hallam","Melbourne - South East",2010,10582
"5699","212021297","Hallam","Melbourne - South East",2011,10628
"5700","212021297","Hallam","Melbourne - South East",2012,10757
"5701","212021297","Hallam","Melbourne - South East",2013,10885
"5702","212021297","Hallam","Melbourne - South East",2014,11017
"5703","212021297","Hallam","Melbourne - South East",2015,11125
"5704","212021297","Hallam","Melbourne - South East",2016,11335
"5705","212021297","Hallam","Melbourne - South East",2017,11516
"5706","212021297","Hallam","Melbourne - South East",2018,11697
"5707","212021297","Hallam","Melbourne - South East",2019,11911
"5708","212021297","Hallam","Melbourne - South East",2020,11968
"5709","212021297","Hallam","Melbourne - South East",2021,11598
"5710","212021297","Hallam","Melbourne - South East",2022,11580
"5711","212021297","Hallam","Melbourne - South East",2023,11766
"5712","212021297","Hallam","Melbourne - South East",2024,11944
"5713","212021299","Narre Warren North","Melbourne - South East",2001,5422
"5714","212021299","Narre Warren North","Melbourne - South East",2002,5577
"5715","212021299","Narre Warren North","Melbourne - South East",2003,5789
"5716","212021299","Narre Warren North","Melbourne - South East",2004,6014
"5717","212021299","Narre Warren North","Melbourne - South East",2005,6279
"5718","212021299","Narre Warren North","Melbourne - South East",2006,6388
"5719","212021299","Narre Warren North","Melbourne - South East",2007,6493
"5720","212021299","Narre Warren North","Melbourne - South East",2008,6695
"5721","212021299","Narre Warren North","Melbourne - South East",2009,6963
"5722","212021299","Narre Warren North","Melbourne - South East",2010,7096
"5723","212021299","Narre Warren North","Melbourne - South East",2011,7216
"5724","212021299","Narre Warren North","Melbourne - South East",2012,7377
"5725","212021299","Narre Warren North","Melbourne - South East",2013,7524
"5726","212021299","Narre Warren North","Melbourne - South East",2014,7712
"5727","212021299","Narre Warren North","Melbourne - South East",2015,7909
"5728","212021299","Narre Warren North","Melbourne - South East",2016,8183
"5729","212021299","Narre Warren North","Melbourne - South East",2017,8279
"5730","212021299","Narre Warren North","Melbourne - South East",2018,8372
"5731","212021299","Narre Warren North","Melbourne - South East",2019,8383
"5732","212021299","Narre Warren North","Melbourne - South East",2020,8365
"5733","212021299","Narre Warren North","Melbourne - South East",2021,8308
"5734","212021299","Narre Warren North","Melbourne - South East",2022,8236
"5735","212021299","Narre Warren North","Melbourne - South East",2023,8207
"5736","212021299","Narre Warren North","Melbourne - South East",2024,8184
"5737","212021453","Endeavour Hills - North","Melbourne - South East",2001,12477
"5738","212021453","Endeavour Hills - North","Melbourne - South East",2002,12429
"5739","212021453","Endeavour Hills - North","Melbourne - South East",2003,12396
"5740","212021453","Endeavour Hills - North","Melbourne - South East",2004,12374
"5741","212021453","Endeavour Hills - North","Melbourne - South East",2005,12325
"5742","212021453","Endeavour Hills - North","Melbourne - South East",2006,12283
"5743","212021453","Endeavour Hills - North","Melbourne - South East",2007,12260
"5744","212021453","Endeavour Hills - North","Melbourne - South East",2008,12279
"5745","212021453","Endeavour Hills - North","Melbourne - South East",2009,12371
"5746","212021453","Endeavour Hills - North","Melbourne - South East",2010,12425
"5747","212021453","Endeavour Hills - North","Melbourne - South East",2011,12459
"5748","212021453","Endeavour Hills - North","Melbourne - South East",2012,12468
"5749","212021453","Endeavour Hills - North","Melbourne - South East",2013,12477
"5750","212021453","Endeavour Hills - North","Melbourne - South East",2014,12475
"5751","212021453","Endeavour Hills - North","Melbourne - South East",2015,12477
"5752","212021453","Endeavour Hills - North","Melbourne - South East",2016,12499
"5753","212021453","Endeavour Hills - North","Melbourne - South East",2017,12529
"5754","212021453","Endeavour Hills - North","Melbourne - South East",2018,12570
"5755","212021453","Endeavour Hills - North","Melbourne - South East",2019,12550
"5756","212021453","Endeavour Hills - North","Melbourne - South East",2020,12458
"5757","212021453","Endeavour Hills - North","Melbourne - South East",2021,12190
"5758","212021453","Endeavour Hills - North","Melbourne - South East",2022,12077
"5759","212021453","Endeavour Hills - North","Melbourne - South East",2023,12048
"5760","212021453","Endeavour Hills - North","Melbourne - South East",2024,12150
"5761","212021454","Endeavour Hills - South","Melbourne - South East",2001,14934
"5762","212021454","Endeavour Hills - South","Melbourne - South East",2002,14828
"5763","212021454","Endeavour Hills - South","Melbourne - South East",2003,14788
"5764","212021454","Endeavour Hills - South","Melbourne - South East",2004,14758
"5765","212021454","Endeavour Hills - South","Melbourne - South East",2005,14686
"5766","212021454","Endeavour Hills - South","Melbourne - South East",2006,14578
"5767","212021454","Endeavour Hills - South","Melbourne - South East",2007,14490
"5768","212021454","Endeavour Hills - South","Melbourne - South East",2008,14483
"5769","212021454","Endeavour Hills - South","Melbourne - South East",2009,14398
"5770","212021454","Endeavour Hills - South","Melbourne - South East",2010,14308
"5771","212021454","Endeavour Hills - South","Melbourne - South East",2011,14191
"5772","212021454","Endeavour Hills - South","Melbourne - South East",2012,14184
"5773","212021454","Endeavour Hills - South","Melbourne - South East",2013,14177
"5774","212021454","Endeavour Hills - South","Melbourne - South East",2014,14156
"5775","212021454","Endeavour Hills - South","Melbourne - South East",2015,14139
"5776","212021454","Endeavour Hills - South","Melbourne - South East",2016,14160
"5777","212021454","Endeavour Hills - South","Melbourne - South East",2017,14126
"5778","212021454","Endeavour Hills - South","Melbourne - South East",2018,14060
"5779","212021454","Endeavour Hills - South","Melbourne - South East",2019,13989
"5780","212021454","Endeavour Hills - South","Melbourne - South East",2020,13845
"5781","212021454","Endeavour Hills - South","Melbourne - South East",2021,13461
"5782","212021454","Endeavour Hills - South","Melbourne - South East",2022,13309
"5783","212021454","Endeavour Hills - South","Melbourne - South East",2023,13506
"5784","212021454","Endeavour Hills - South","Melbourne - South East",2024,13594
"5785","212021455","Narre Warren - North East","Melbourne - South East",2001,12517
"5786","212021455","Narre Warren - North East","Melbourne - South East",2002,12909
"5787","212021455","Narre Warren - North East","Melbourne - South East",2003,13170
"5788","212021455","Narre Warren - North East","Melbourne - South East",2004,13446
"5789","212021455","Narre Warren - North East","Melbourne - South East",2005,13517
"5790","212021455","Narre Warren - North East","Melbourne - South East",2006,13556
"5791","212021455","Narre Warren - North East","Melbourne - South East",2007,13644
"5792","212021455","Narre Warren - North East","Melbourne - South East",2008,13755
"5793","212021455","Narre Warren - North East","Melbourne - South East",2009,13731
"5794","212021455","Narre Warren - North East","Melbourne - South East",2010,13698
"5795","212021455","Narre Warren - North East","Melbourne - South East",2011,13657
"5796","212021455","Narre Warren - North East","Melbourne - South East",2012,13705
"5797","212021455","Narre Warren - North East","Melbourne - South East",2013,13771
"5798","212021455","Narre Warren - North East","Melbourne - South East",2014,13838
"5799","212021455","Narre Warren - North East","Melbourne - South East",2015,13890
"5800","212021455","Narre Warren - North East","Melbourne - South East",2016,13967
"5801","212021455","Narre Warren - North East","Melbourne - South East",2017,14011
"5802","212021455","Narre Warren - North East","Melbourne - South East",2018,14030
"5803","212021455","Narre Warren - North East","Melbourne - South East",2019,14010
"5804","212021455","Narre Warren - North East","Melbourne - South East",2020,13888
"5805","212021455","Narre Warren - North East","Melbourne - South East",2021,13617
"5806","212021455","Narre Warren - North East","Melbourne - South East",2022,13500
"5807","212021455","Narre Warren - North East","Melbourne - South East",2023,13654
"5808","212021455","Narre Warren - North East","Melbourne - South East",2024,13643
"5809","212021456","Narre Warren - South West","Melbourne - South East",2001,12168
"5810","212021456","Narre Warren - South West","Melbourne - South East",2002,12338
"5811","212021456","Narre Warren - South West","Melbourne - South East",2003,12514
"5812","212021456","Narre Warren - South West","Melbourne - South East",2004,12729
"5813","212021456","Narre Warren - South West","Melbourne - South East",2005,12755
"5814","212021456","Narre Warren - South West","Melbourne - South East",2006,12814
"5815","212021456","Narre Warren - South West","Melbourne - South East",2007,12912
"5816","212021456","Narre Warren - South West","Melbourne - South East",2008,12987
"5817","212021456","Narre Warren - South West","Melbourne - South East",2009,13138
"5818","212021456","Narre Warren - South West","Melbourne - South East",2010,13252
"5819","212021456","Narre Warren - South West","Melbourne - South East",2011,13297
"5820","212021456","Narre Warren - South West","Melbourne - South East",2012,13495
"5821","212021456","Narre Warren - South West","Melbourne - South East",2013,13744
"5822","212021456","Narre Warren - South West","Melbourne - South East",2014,14016
"5823","212021456","Narre Warren - South West","Melbourne - South East",2015,14230
"5824","212021456","Narre Warren - South West","Melbourne - South East",2016,14544
"5825","212021456","Narre Warren - South West","Melbourne - South East",2017,14771
"5826","212021456","Narre Warren - South West","Melbourne - South East",2018,14951
"5827","212021456","Narre Warren - South West","Melbourne - South East",2019,15097
"5828","212021456","Narre Warren - South West","Melbourne - South East",2020,15170
"5829","212021456","Narre Warren - South West","Melbourne - South East",2021,14900
"5830","212021456","Narre Warren - South West","Melbourne - South East",2022,14955
"5831","212021456","Narre Warren - South West","Melbourne - South East",2023,15266
"5832","212021456","Narre Warren - South West","Melbourne - South East",2024,15452
"5833","212021553","Berwick - South East","Melbourne - South East",2001,5214
"5834","212021553","Berwick - South East","Melbourne - South East",2002,5947
"5835","212021553","Berwick - South East","Melbourne - South East",2003,6655
"5836","212021553","Berwick - South East","Melbourne - South East",2004,7518
"5837","212021553","Berwick - South East","Melbourne - South East",2005,8543
"5838","212021553","Berwick - South East","Melbourne - South East",2006,9409
"5839","212021553","Berwick - South East","Melbourne - South East",2007,10799
"5840","212021553","Berwick - South East","Melbourne - South East",2008,12095
"5841","212021553","Berwick - South East","Melbourne - South East",2009,13570
"5842","212021553","Berwick - South East","Melbourne - South East",2010,14509
"5843","212021553","Berwick - South East","Melbourne - South East",2011,14959
"5844","212021553","Berwick - South East","Melbourne - South East",2012,15457
"5845","212021553","Berwick - South East","Melbourne - South East",2013,15812
"5846","212021553","Berwick - South East","Melbourne - South East",2014,16285
"5847","212021553","Berwick - South East","Melbourne - South East",2015,16758
"5848","212021553","Berwick - South East","Melbourne - South East",2016,17207
"5849","212021553","Berwick - South East","Melbourne - South East",2017,17466
"5850","212021553","Berwick - South East","Melbourne - South East",2018,17693
"5851","212021553","Berwick - South East","Melbourne - South East",2019,17857
"5852","212021553","Berwick - South East","Melbourne - South East",2020,17923
"5853","212021553","Berwick - South East","Melbourne - South East",2021,17986
"5854","212021553","Berwick - South East","Melbourne - South East",2022,18378
"5855","212021553","Berwick - South East","Melbourne - South East",2023,19158
"5856","212021553","Berwick - South East","Melbourne - South East",2024,20002
"5857","212021554","Berwick - South West","Melbourne - South East",2001,3219
"5858","212021554","Berwick - South West","Melbourne - South East",2002,4401
"5859","212021554","Berwick - South West","Melbourne - South East",2003,5431
"5860","212021554","Berwick - South West","Melbourne - South East",2004,5894
"5861","212021554","Berwick - South West","Melbourne - South East",2005,6458
"5862","212021554","Berwick - South West","Melbourne - South East",2006,6922
"5863","212021554","Berwick - South West","Melbourne - South East",2007,7534
"5864","212021554","Berwick - South West","Melbourne - South East",2008,7998
"5865","212021554","Berwick - South West","Melbourne - South East",2009,8310
"5866","212021554","Berwick - South West","Melbourne - South East",2010,8609
"5867","212021554","Berwick - South West","Melbourne - South East",2011,8722
"5868","212021554","Berwick - South West","Melbourne - South East",2012,8859
"5869","212021554","Berwick - South West","Melbourne - South East",2013,8994
"5870","212021554","Berwick - South West","Melbourne - South East",2014,9051
"5871","212021554","Berwick - South West","Melbourne - South East",2015,9232
"5872","212021554","Berwick - South West","Melbourne - South East",2016,9667
"5873","212021554","Berwick - South West","Melbourne - South East",2017,10133
"5874","212021554","Berwick - South West","Melbourne - South East",2018,10552
"5875","212021554","Berwick - South West","Melbourne - South East",2019,10918
"5876","212021554","Berwick - South West","Melbourne - South East",2020,11196
"5877","212021554","Berwick - South West","Melbourne - South East",2021,11362
"5878","212021554","Berwick - South West","Melbourne - South East",2022,11653
"5879","212021554","Berwick - South West","Melbourne - South East",2023,12123
"5880","212021554","Berwick - South West","Melbourne - South East",2024,12791
"5881","212031300","Cranbourne","Melbourne - South East",2001,13392
"5882","212031300","Cranbourne","Melbourne - South East",2002,13480
"5883","212031300","Cranbourne","Melbourne - South East",2003,13766
"5884","212031300","Cranbourne","Melbourne - South East",2004,14282
"5885","212031300","Cranbourne","Melbourne - South East",2005,14665
"5886","212031300","Cranbourne","Melbourne - South East",2006,15071
"5887","212031300","Cranbourne","Melbourne - South East",2007,15913
"5888","212031300","Cranbourne","Melbourne - South East",2008,17059
"5889","212031300","Cranbourne","Melbourne - South East",2009,18016
"5890","212031300","Cranbourne","Melbourne - South East",2010,18859
"5891","212031300","Cranbourne","Melbourne - South East",2011,19169
"5892","212031300","Cranbourne","Melbourne - South East",2012,19510
"5893","212031300","Cranbourne","Melbourne - South East",2013,19926
"5894","212031300","Cranbourne","Melbourne - South East",2014,20250
"5895","212031300","Cranbourne","Melbourne - South East",2015,20568
"5896","212031300","Cranbourne","Melbourne - South East",2016,20888
"5897","212031300","Cranbourne","Melbourne - South East",2017,21207
"5898","212031300","Cranbourne","Melbourne - South East",2018,21414
"5899","212031300","Cranbourne","Melbourne - South East",2019,21516
"5900","212031300","Cranbourne","Melbourne - South East",2020,21673
"5901","212031300","Cranbourne","Melbourne - South East",2021,21581
"5902","212031300","Cranbourne","Melbourne - South East",2022,21616
"5903","212031300","Cranbourne","Melbourne - South East",2023,22032
"5904","212031300","Cranbourne","Melbourne - South East",2024,22544
"5905","212031303","Cranbourne South","Melbourne - South East",2001,4798
"5906","212031303","Cranbourne South","Melbourne - South East",2002,4776
"5907","212031303","Cranbourne South","Melbourne - South East",2003,4764
"5908","212031303","Cranbourne South","Melbourne - South East",2004,4851
"5909","212031303","Cranbourne South","Melbourne - South East",2005,4925
"5910","212031303","Cranbourne South","Melbourne - South East",2006,5070
"5911","212031303","Cranbourne South","Melbourne - South East",2007,5141
"5912","212031303","Cranbourne South","Melbourne - South East",2008,5419
"5913","212031303","Cranbourne South","Melbourne - South East",2009,5833
"5914","212031303","Cranbourne South","Melbourne - South East",2010,6311
"5915","212031303","Cranbourne South","Melbourne - South East",2011,6880
"5916","212031303","Cranbourne South","Melbourne - South East",2012,7357
"5917","212031303","Cranbourne South","Melbourne - South East",2013,7950
"5918","212031303","Cranbourne South","Melbourne - South East",2014,8355
"5919","212031303","Cranbourne South","Melbourne - South East",2015,8703
"5920","212031303","Cranbourne South","Melbourne - South East",2016,9116
"5921","212031303","Cranbourne South","Melbourne - South East",2017,9578
"5922","212031303","Cranbourne South","Melbourne - South East",2018,10722
"5923","212031303","Cranbourne South","Melbourne - South East",2019,12870
"5924","212031303","Cranbourne South","Melbourne - South East",2020,15388
"5925","212031303","Cranbourne South","Melbourne - South East",2021,17641
"5926","212031303","Cranbourne South","Melbourne - South East",2022,19727
"5927","212031303","Cranbourne South","Melbourne - South East",2023,21853
"5928","212031303","Cranbourne South","Melbourne - South East",2024,24578
"5929","212031304","Cranbourne West","Melbourne - South East",2001,4022
"5930","212031304","Cranbourne West","Melbourne - South East",2002,4872
"5931","212031304","Cranbourne West","Melbourne - South East",2003,5831
"5932","212031304","Cranbourne West","Melbourne - South East",2004,6607
"5933","212031304","Cranbourne West","Melbourne - South East",2005,7238
"5934","212031304","Cranbourne West","Melbourne - South East",2006,7584
"5935","212031304","Cranbourne West","Melbourne - South East",2007,7880
"5936","212031304","Cranbourne West","Melbourne - South East",2008,8208
"5937","212031304","Cranbourne West","Melbourne - South East",2009,8571
"5938","212031304","Cranbourne West","Melbourne - South East",2010,8837
"5939","212031304","Cranbourne West","Melbourne - South East",2011,9000
"5940","212031304","Cranbourne West","Melbourne - South East",2012,9933
"5941","212031304","Cranbourne West","Melbourne - South East",2013,11210
"5942","212031304","Cranbourne West","Melbourne - South East",2014,12651
"5943","212031304","Cranbourne West","Melbourne - South East",2015,13995
"5944","212031304","Cranbourne West","Melbourne - South East",2016,15685
"5945","212031304","Cranbourne West","Melbourne - South East",2017,17160
"5946","212031304","Cranbourne West","Melbourne - South East",2018,18628
"5947","212031304","Cranbourne West","Melbourne - South East",2019,19788
"5948","212031304","Cranbourne West","Melbourne - South East",2020,20867
"5949","212031304","Cranbourne West","Melbourne - South East",2021,21853
"5950","212031304","Cranbourne West","Melbourne - South East",2022,22959
"5951","212031304","Cranbourne West","Melbourne - South East",2023,23807
"5952","212031304","Cranbourne West","Melbourne - South East",2024,24902
"5953","212031306","Lynbrook - Lyndhurst","Melbourne - South East",2001,1507
"5954","212031306","Lynbrook - Lyndhurst","Melbourne - South East",2002,2057
"5955","212031306","Lynbrook - Lyndhurst","Melbourne - South East",2003,2658
"5956","212031306","Lynbrook - Lyndhurst","Melbourne - South East",2004,3320
"5957","212031306","Lynbrook - Lyndhurst","Melbourne - South East",2005,4091
"5958","212031306","Lynbrook - Lyndhurst","Melbourne - South East",2006,5130
"5959","212031306","Lynbrook - Lyndhurst","Melbourne - South East",2007,6319
"5960","212031306","Lynbrook - Lyndhurst","Melbourne - South East",2008,7660
"5961","212031306","Lynbrook - Lyndhurst","Melbourne - South East",2009,9002
"5962","212031306","Lynbrook - Lyndhurst","Melbourne - South East",2010,10529
"5963","212031306","Lynbrook - Lyndhurst","Melbourne - South East",2011,12107
"5964","212031306","Lynbrook - Lyndhurst","Melbourne - South East",2012,12994
"5965","212031306","Lynbrook - Lyndhurst","Melbourne - South East",2013,14042
"5966","212031306","Lynbrook - Lyndhurst","Melbourne - South East",2014,14794
"5967","212031306","Lynbrook - Lyndhurst","Melbourne - South East",2015,15459
"5968","212031306","Lynbrook - Lyndhurst","Melbourne - South East",2016,16067
"5969","212031306","Lynbrook - Lyndhurst","Melbourne - South East",2017,16668
"5970","212031306","Lynbrook - Lyndhurst","Melbourne - South East",2018,17230
"5971","212031306","Lynbrook - Lyndhurst","Melbourne - South East",2019,17631
"5972","212031306","Lynbrook - Lyndhurst","Melbourne - South East",2020,18118
"5973","212031306","Lynbrook - Lyndhurst","Melbourne - South East",2021,18271
"5974","212031306","Lynbrook - Lyndhurst","Melbourne - South East",2022,18648
"5975","212031306","Lynbrook - Lyndhurst","Melbourne - South East",2023,19028
"5976","212031306","Lynbrook - Lyndhurst","Melbourne - South East",2024,19435
"5977","212031308","Pearcedale - Tooradin","Melbourne - South East",2001,6938
"5978","212031308","Pearcedale - Tooradin","Melbourne - South East",2002,7043
"5979","212031308","Pearcedale - Tooradin","Melbourne - South East",2003,7181
"5980","212031308","Pearcedale - Tooradin","Melbourne - South East",2004,7311
"5981","212031308","Pearcedale - Tooradin","Melbourne - South East",2005,7537
"5982","212031308","Pearcedale - Tooradin","Melbourne - South East",2006,7571
"5983","212031308","Pearcedale - Tooradin","Melbourne - South East",2007,7559
"5984","212031308","Pearcedale - Tooradin","Melbourne - South East",2008,7552
"5985","212031308","Pearcedale - Tooradin","Melbourne - South East",2009,7574
"5986","212031308","Pearcedale - Tooradin","Melbourne - South East",2010,7623
"5987","212031308","Pearcedale - Tooradin","Melbourne - South East",2011,7706
"5988","212031308","Pearcedale - Tooradin","Melbourne - South East",2012,7718
"5989","212031308","Pearcedale - Tooradin","Melbourne - South East",2013,7752
"5990","212031308","Pearcedale - Tooradin","Melbourne - South East",2014,7811
"5991","212031308","Pearcedale - Tooradin","Melbourne - South East",2015,7896
"5992","212031308","Pearcedale - Tooradin","Melbourne - South East",2016,8035
"5993","212031308","Pearcedale - Tooradin","Melbourne - South East",2017,8090
"5994","212031308","Pearcedale - Tooradin","Melbourne - South East",2018,8146
"5995","212031308","Pearcedale - Tooradin","Melbourne - South East",2019,8160
"5996","212031308","Pearcedale - Tooradin","Melbourne - South East",2020,8140
"5997","212031308","Pearcedale - Tooradin","Melbourne - South East",2021,8083
"5998","212031308","Pearcedale - Tooradin","Melbourne - South East",2022,8104
"5999","212031308","Pearcedale - Tooradin","Melbourne - South East",2023,8140
"6000","212031308","Pearcedale - Tooradin","Melbourne - South East",2024,8253
"6001","212031457","Narre Warren South - East","Melbourne - South East",2001,5948
"6002","212031457","Narre Warren South - East","Melbourne - South East",2002,7538
"6003","212031457","Narre Warren South - East","Melbourne - South East",2003,9071
"6004","212031457","Narre Warren South - East","Melbourne - South East",2004,9973
"6005","212031457","Narre Warren South - East","Melbourne - South East",2005,10714
"6006","212031457","Narre Warren South - East","Melbourne - South East",2006,11480
"6007","212031457","Narre Warren South - East","Melbourne - South East",2007,11978
"6008","212031457","Narre Warren South - East","Melbourne - South East",2008,12413
"6009","212031457","Narre Warren South - East","Melbourne - South East",2009,12828
"6010","212031457","Narre Warren South - East","Melbourne - South East",2010,13045
"6011","212031457","Narre Warren South - East","Melbourne - South East",2011,13157
"6012","212031457","Narre Warren South - East","Melbourne - South East",2012,13296
"6013","212031457","Narre Warren South - East","Melbourne - South East",2013,13476
"6014","212031457","Narre Warren South - East","Melbourne - South East",2014,13561
"6015","212031457","Narre Warren South - East","Melbourne - South East",2015,13604
"6016","212031457","Narre Warren South - East","Melbourne - South East",2016,13713
"6017","212031457","Narre Warren South - East","Melbourne - South East",2017,13735
"6018","212031457","Narre Warren South - East","Melbourne - South East",2018,13707
"6019","212031457","Narre Warren South - East","Melbourne - South East",2019,13611
"6020","212031457","Narre Warren South - East","Melbourne - South East",2020,13417
"6021","212031457","Narre Warren South - East","Melbourne - South East",2021,13270
"6022","212031457","Narre Warren South - East","Melbourne - South East",2022,13168
"6023","212031457","Narre Warren South - East","Melbourne - South East",2023,13161
"6024","212031457","Narre Warren South - East","Melbourne - South East",2024,13030
"6025","212031458","Narre Warren South - West","Melbourne - South East",2001,8362
"6026","212031458","Narre Warren South - West","Melbourne - South East",2002,9828
"6027","212031458","Narre Warren South - West","Melbourne - South East",2003,11753
"6028","212031458","Narre Warren South - West","Melbourne - South East",2004,12711
"6029","212031458","Narre Warren South - West","Melbourne - South East",2005,13780
"6030","212031458","Narre Warren South - West","Melbourne - South East",2006,14680
"6031","212031458","Narre Warren South - West","Melbourne - South East",2007,15546
"6032","212031458","Narre Warren South - West","Melbourne - South East",2008,16150
"6033","212031458","Narre Warren South - West","Melbourne - South East",2009,16405
"6034","212031458","Narre Warren South - West","Melbourne - South East",2010,16512
"6035","212031458","Narre Warren South - West","Melbourne - South East",2011,16483
"6036","212031458","Narre Warren South - West","Melbourne - South East",2012,16755
"6037","212031458","Narre Warren South - West","Melbourne - South East",2013,16968
"6038","212031458","Narre Warren South - West","Melbourne - South East",2014,17126
"6039","212031458","Narre Warren South - West","Melbourne - South East",2015,17321
"6040","212031458","Narre Warren South - West","Melbourne - South East",2016,17513
"6041","212031458","Narre Warren South - West","Melbourne - South East",2017,17651
"6042","212031458","Narre Warren South - West","Melbourne - South East",2018,17630
"6043","212031458","Narre Warren South - West","Melbourne - South East",2019,17539
"6044","212031458","Narre Warren South - West","Melbourne - South East",2020,17356
"6045","212031458","Narre Warren South - West","Melbourne - South East",2021,16930
"6046","212031458","Narre Warren South - West","Melbourne - South East",2022,16777
"6047","212031458","Narre Warren South - West","Melbourne - South East",2023,17098
"6048","212031458","Narre Warren South - West","Melbourne - South East",2024,17141
"6049","212031555","Clyde North - North","Melbourne - South East",2001,26
"6050","212031555","Clyde North - North","Melbourne - South East",2002,29
"6051","212031555","Clyde North - North","Melbourne - South East",2003,32
"6052","212031555","Clyde North - North","Melbourne - South East",2004,53
"6053","212031555","Clyde North - North","Melbourne - South East",2005,82
"6054","212031555","Clyde North - North","Melbourne - South East",2006,112
"6055","212031555","Clyde North - North","Melbourne - South East",2007,117
"6056","212031555","Clyde North - North","Melbourne - South East",2008,108
"6057","212031555","Clyde North - North","Melbourne - South East",2009,102
"6058","212031555","Clyde North - North","Melbourne - South East",2010,95
"6059","212031555","Clyde North - North","Melbourne - South East",2011,76
"6060","212031555","Clyde North - North","Melbourne - South East",2012,110
"6061","212031555","Clyde North - North","Melbourne - South East",2013,191
"6062","212031555","Clyde North - North","Melbourne - South East",2014,815
"6063","212031555","Clyde North - North","Melbourne - South East",2015,1857
"6064","212031555","Clyde North - North","Melbourne - South East",2016,2939
"6065","212031555","Clyde North - North","Melbourne - South East",2017,4284
"6066","212031555","Clyde North - North","Melbourne - South East",2018,5685
"6067","212031555","Clyde North - North","Melbourne - South East",2019,7501
"6068","212031555","Clyde North - North","Melbourne - South East",2020,9217
"6069","212031555","Clyde North - North","Melbourne - South East",2021,10652
"6070","212031555","Clyde North - North","Melbourne - South East",2022,11702
"6071","212031555","Clyde North - North","Melbourne - South East",2023,12526
"6072","212031555","Clyde North - North","Melbourne - South East",2024,13155
"6073","212031556","Clyde North - South","Melbourne - South East",2001,12
"6074","212031556","Clyde North - South","Melbourne - South East",2002,15
"6075","212031556","Clyde North - South","Melbourne - South East",2003,19
"6076","212031556","Clyde North - South","Melbourne - South East",2004,32
"6077","212031556","Clyde North - South","Melbourne - South East",2005,50
"6078","212031556","Clyde North - South","Melbourne - South East",2006,69
"6079","212031556","Clyde North - South","Melbourne - South East",2007,73
"6080","212031556","Clyde North - South","Melbourne - South East",2008,66
"6081","212031556","Clyde North - South","Melbourne - South East",2009,75
"6082","212031556","Clyde North - South","Melbourne - South East",2010,82
"6083","212031556","Clyde North - South","Melbourne - South East",2011,86
"6084","212031556","Clyde North - South","Melbourne - South East",2012,108
"6085","212031556","Clyde North - South","Melbourne - South East",2013,129
"6086","212031556","Clyde North - South","Melbourne - South East",2014,176
"6087","212031556","Clyde North - South","Melbourne - South East",2015,264
"6088","212031556","Clyde North - South","Melbourne - South East",2016,359
"6089","212031556","Clyde North - South","Melbourne - South East",2017,1292
"6090","212031556","Clyde North - South","Melbourne - South East",2018,4175
"6091","212031556","Clyde North - South","Melbourne - South East",2019,8007
"6092","212031556","Clyde North - South","Melbourne - South East",2020,11904
"6093","212031556","Clyde North - South","Melbourne - South East",2021,15038
"6094","212031556","Clyde North - South","Melbourne - South East",2022,18009
"6095","212031556","Clyde North - South","Melbourne - South East",2023,20677
"6096","212031556","Clyde North - South","Melbourne - South East",2024,24609
"6097","212031557","Cranbourne East - North","Melbourne - South East",2001,810
"6098","212031557","Cranbourne East - North","Melbourne - South East",2002,1166
"6099","212031557","Cranbourne East - North","Melbourne - South East",2003,1704
"6100","212031557","Cranbourne East - North","Melbourne - South East",2004,2158
"6101","212031557","Cranbourne East - North","Melbourne - South East",2005,2708
"6102","212031557","Cranbourne East - North","Melbourne - South East",2006,3385
"6103","212031557","Cranbourne East - North","Melbourne - South East",2007,3974
"6104","212031557","Cranbourne East - North","Melbourne - South East",2008,4449
"6105","212031557","Cranbourne East - North","Melbourne - South East",2009,5272
"6106","212031557","Cranbourne East - North","Melbourne - South East",2010,5862
"6107","212031557","Cranbourne East - North","Melbourne - South East",2011,7337
"6108","212031557","Cranbourne East - North","Melbourne - South East",2012,8895
"6109","212031557","Cranbourne East - North","Melbourne - South East",2013,10523
"6110","212031557","Cranbourne East - North","Melbourne - South East",2014,12846
"6111","212031557","Cranbourne East - North","Melbourne - South East",2015,15956
"6112","212031557","Cranbourne East - North","Melbourne - South East",2016,19084
"6113","212031557","Cranbourne East - North","Melbourne - South East",2017,20733
"6114","212031557","Cranbourne East - North","Melbourne - South East",2018,21760
"6115","212031557","Cranbourne East - North","Melbourne - South East",2019,22806
"6116","212031557","Cranbourne East - North","Melbourne - South East",2020,23384
"6117","212031557","Cranbourne East - North","Melbourne - South East",2021,23785
"6118","212031557","Cranbourne East - North","Melbourne - South East",2022,24269
"6119","212031557","Cranbourne East - North","Melbourne - South East",2023,24856
"6120","212031557","Cranbourne East - North","Melbourne - South East",2024,25149
"6121","212031558","Cranbourne East - South","Melbourne - South East",2001,275
"6122","212031558","Cranbourne East - South","Melbourne - South East",2002,352
"6123","212031558","Cranbourne East - South","Melbourne - South East",2003,437
"6124","212031558","Cranbourne East - South","Melbourne - South East",2004,506
"6125","212031558","Cranbourne East - South","Melbourne - South East",2005,585
"6126","212031558","Cranbourne East - South","Melbourne - South East",2006,664
"6127","212031558","Cranbourne East - South","Melbourne - South East",2007,694
"6128","212031558","Cranbourne East - South","Melbourne - South East",2008,727
"6129","212031558","Cranbourne East - South","Melbourne - South East",2009,762
"6130","212031558","Cranbourne East - South","Melbourne - South East",2010,805
"6131","212031558","Cranbourne East - South","Melbourne - South East",2011,845
"6132","212031558","Cranbourne East - South","Melbourne - South East",2012,1243
"6133","212031558","Cranbourne East - South","Melbourne - South East",2013,1689
"6134","212031558","Cranbourne East - South","Melbourne - South East",2014,2197
"6135","212031558","Cranbourne East - South","Melbourne - South East",2015,3122
"6136","212031558","Cranbourne East - South","Melbourne - South East",2016,4372
"6137","212031558","Cranbourne East - South","Melbourne - South East",2017,6288
"6138","212031558","Cranbourne East - South","Melbourne - South East",2018,8073
"6139","212031558","Cranbourne East - South","Melbourne - South East",2019,9701
"6140","212031558","Cranbourne East - South","Melbourne - South East",2020,11120
"6141","212031558","Cranbourne East - South","Melbourne - South East",2021,12450
"6142","212031558","Cranbourne East - South","Melbourne - South East",2022,13665
"6143","212031558","Cranbourne East - South","Melbourne - South East",2023,14468
"6144","212031558","Cranbourne East - South","Melbourne - South East",2024,15112
"6145","212031559","Cranbourne North - East","Melbourne - South East",2001,13
"6146","212031559","Cranbourne North - East","Melbourne - South East",2002,24
"6147","212031559","Cranbourne North - East","Melbourne - South East",2003,41
"6148","212031559","Cranbourne North - East","Melbourne - South East",2004,55
"6149","212031559","Cranbourne North - East","Melbourne - South East",2005,75
"6150","212031559","Cranbourne North - East","Melbourne - South East",2006,98
"6151","212031559","Cranbourne North - East","Melbourne - South East",2007,314
"6152","212031559","Cranbourne North - East","Melbourne - South East",2008,707
"6153","212031559","Cranbourne North - East","Melbourne - South East",2009,1330
"6154","212031559","Cranbourne North - East","Melbourne - South East",2010,2213
"6155","212031559","Cranbourne North - East","Melbourne - South East",2011,3173
"6156","212031559","Cranbourne North - East","Melbourne - South East",2012,4113
"6157","212031559","Cranbourne North - East","Melbourne - South East",2013,4958
"6158","212031559","Cranbourne North - East","Melbourne - South East",2014,5988
"6159","212031559","Cranbourne North - East","Melbourne - South East",2015,7306
"6160","212031559","Cranbourne North - East","Melbourne - South East",2016,8723
"6161","212031559","Cranbourne North - East","Melbourne - South East",2017,9936
"6162","212031559","Cranbourne North - East","Melbourne - South East",2018,11050
"6163","212031559","Cranbourne North - East","Melbourne - South East",2019,11982
"6164","212031559","Cranbourne North - East","Melbourne - South East",2020,12658
"6165","212031559","Cranbourne North - East","Melbourne - South East",2021,12925
"6166","212031559","Cranbourne North - East","Melbourne - South East",2022,13271
"6167","212031559","Cranbourne North - East","Melbourne - South East",2023,13577
"6168","212031559","Cranbourne North - East","Melbourne - South East",2024,13678
"6169","212031560","Cranbourne North - West","Melbourne - South East",2001,9863
"6170","212031560","Cranbourne North - West","Melbourne - South East",2002,9587
"6171","212031560","Cranbourne North - West","Melbourne - South East",2003,9421
"6172","212031560","Cranbourne North - West","Melbourne - South East",2004,9504
"6173","212031560","Cranbourne North - West","Melbourne - South East",2005,9490
"6174","212031560","Cranbourne North - West","Melbourne - South East",2006,9788
"6175","212031560","Cranbourne North - West","Melbourne - South East",2007,10318
"6176","212031560","Cranbourne North - West","Melbourne - South East",2008,10809
"6177","212031560","Cranbourne North - West","Melbourne - South East",2009,11206
"6178","212031560","Cranbourne North - West","Melbourne - South East",2010,11442
"6179","212031560","Cranbourne North - West","Melbourne - South East",2011,11653
"6180","212031560","Cranbourne North - West","Melbourne - South East",2012,11831
"6181","212031560","Cranbourne North - West","Melbourne - South East",2013,11987
"6182","212031560","Cranbourne North - West","Melbourne - South East",2014,12113
"6183","212031560","Cranbourne North - West","Melbourne - South East",2015,12199
"6184","212031560","Cranbourne North - West","Melbourne - South East",2016,12262
"6185","212031560","Cranbourne North - West","Melbourne - South East",2017,12390
"6186","212031560","Cranbourne North - West","Melbourne - South East",2018,12452
"6187","212031560","Cranbourne North - West","Melbourne - South East",2019,12428
"6188","212031560","Cranbourne North - West","Melbourne - South East",2020,12327
"6189","212031560","Cranbourne North - West","Melbourne - South East",2021,12042
"6190","212031560","Cranbourne North - West","Melbourne - South East",2022,11986
"6191","212031560","Cranbourne North - West","Melbourne - South East",2023,12191
"6192","212031560","Cranbourne North - West","Melbourne - South East",2024,12329
"6193","212031561","Hampton Park - East","Melbourne - South East",2001,10108
"6194","212031561","Hampton Park - East","Melbourne - South East",2002,10380
"6195","212031561","Hampton Park - East","Melbourne - South East",2003,10754
"6196","212031561","Hampton Park - East","Melbourne - South East",2004,11106
"6197","212031561","Hampton Park - East","Melbourne - South East",2005,11274
"6198","212031561","Hampton Park - East","Melbourne - South East",2006,11400
"6199","212031561","Hampton Park - East","Melbourne - South East",2007,11466
"6200","212031561","Hampton Park - East","Melbourne - South East",2008,11687
"6201","212031561","Hampton Park - East","Melbourne - South East",2009,11940
"6202","212031561","Hampton Park - East","Melbourne - South East",2010,12093
"6203","212031561","Hampton Park - East","Melbourne - South East",2011,12186
"6204","212031561","Hampton Park - East","Melbourne - South East",2012,12267
"6205","212031561","Hampton Park - East","Melbourne - South East",2013,12350
"6206","212031561","Hampton Park - East","Melbourne - South East",2014,12572
"6207","212031561","Hampton Park - East","Melbourne - South East",2015,12774
"6208","212031561","Hampton Park - East","Melbourne - South East",2016,13048
"6209","212031561","Hampton Park - East","Melbourne - South East",2017,13224
"6210","212031561","Hampton Park - East","Melbourne - South East",2018,13348
"6211","212031561","Hampton Park - East","Melbourne - South East",2019,13464
"6212","212031561","Hampton Park - East","Melbourne - South East",2020,13386
"6213","212031561","Hampton Park - East","Melbourne - South East",2021,12858
"6214","212031561","Hampton Park - East","Melbourne - South East",2022,12843
"6215","212031561","Hampton Park - East","Melbourne - South East",2023,13136
"6216","212031561","Hampton Park - East","Melbourne - South East",2024,13383
"6217","212031562","Hampton Park - West","Melbourne - South East",2001,10276
"6218","212031562","Hampton Park - West","Melbourne - South East",2002,10473
"6219","212031562","Hampton Park - West","Melbourne - South East",2003,10812
"6220","212031562","Hampton Park - West","Melbourne - South East",2004,11106
"6221","212031562","Hampton Park - West","Melbourne - South East",2005,11211
"6222","212031562","Hampton Park - West","Melbourne - South East",2006,11246
"6223","212031562","Hampton Park - West","Melbourne - South East",2007,11385
"6224","212031562","Hampton Park - West","Melbourne - South East",2008,11690
"6225","212031562","Hampton Park - West","Melbourne - South East",2009,11964
"6226","212031562","Hampton Park - West","Melbourne - South East",2010,12339
"6227","212031562","Hampton Park - West","Melbourne - South East",2011,12558
"6228","212031562","Hampton Park - West","Melbourne - South East",2012,12706
"6229","212031562","Hampton Park - West","Melbourne - South East",2013,12945
"6230","212031562","Hampton Park - West","Melbourne - South East",2014,13193
"6231","212031562","Hampton Park - West","Melbourne - South East",2015,13465
"6232","212031562","Hampton Park - West","Melbourne - South East",2016,13732
"6233","212031562","Hampton Park - West","Melbourne - South East",2017,13873
"6234","212031562","Hampton Park - West","Melbourne - South East",2018,14031
"6235","212031562","Hampton Park - West","Melbourne - South East",2019,14064
"6236","212031562","Hampton Park - West","Melbourne - South East",2020,13979
"6237","212031562","Hampton Park - West","Melbourne - South East",2021,13518
"6238","212031562","Hampton Park - West","Melbourne - South East",2022,13427
"6239","212031562","Hampton Park - West","Melbourne - South East",2023,13704
"6240","212031562","Hampton Park - West","Melbourne - South East",2024,13768
"6241","212041309","Clarinda - Oakleigh South","Melbourne - South East",2001,12807
"6242","212041309","Clarinda - Oakleigh South","Melbourne - South East",2002,12626
"6243","212041309","Clarinda - Oakleigh South","Melbourne - South East",2003,12500
"6244","212041309","Clarinda - Oakleigh South","Melbourne - South East",2004,12455
"6245","212041309","Clarinda - Oakleigh South","Melbourne - South East",2005,12367
"6246","212041309","Clarinda - Oakleigh South","Melbourne - South East",2006,12334
"6247","212041309","Clarinda - Oakleigh South","Melbourne - South East",2007,12241
"6248","212041309","Clarinda - Oakleigh South","Melbourne - South East",2008,12224
"6249","212041309","Clarinda - Oakleigh South","Melbourne - South East",2009,12223
"6250","212041309","Clarinda - Oakleigh South","Melbourne - South East",2010,12234
"6251","212041309","Clarinda - Oakleigh South","Melbourne - South East",2011,12199
"6252","212041309","Clarinda - Oakleigh South","Melbourne - South East",2012,12218
"6253","212041309","Clarinda - Oakleigh South","Melbourne - South East",2013,12248
"6254","212041309","Clarinda - Oakleigh South","Melbourne - South East",2014,12272
"6255","212041309","Clarinda - Oakleigh South","Melbourne - South East",2015,12290
"6256","212041309","Clarinda - Oakleigh South","Melbourne - South East",2016,12323
"6257","212041309","Clarinda - Oakleigh South","Melbourne - South East",2017,12317
"6258","212041309","Clarinda - Oakleigh South","Melbourne - South East",2018,12285
"6259","212041309","Clarinda - Oakleigh South","Melbourne - South East",2019,12222
"6260","212041309","Clarinda - Oakleigh South","Melbourne - South East",2020,12134
"6261","212041309","Clarinda - Oakleigh South","Melbourne - South East",2021,11653
"6262","212041309","Clarinda - Oakleigh South","Melbourne - South East",2022,11500
"6263","212041309","Clarinda - Oakleigh South","Melbourne - South East",2023,11676
"6264","212041309","Clarinda - Oakleigh South","Melbourne - South East",2024,11752
"6265","212041310","Clayton South","Melbourne - South East",2001,11290
"6266","212041310","Clayton South","Melbourne - South East",2002,11132
"6267","212041310","Clayton South","Melbourne - South East",2003,11009
"6268","212041310","Clayton South","Melbourne - South East",2004,10961
"6269","212041310","Clayton South","Melbourne - South East",2005,10947
"6270","212041310","Clayton South","Melbourne - South East",2006,10961
"6271","212041310","Clayton South","Melbourne - South East",2007,11068
"6272","212041310","Clayton South","Melbourne - South East",2008,11456
"6273","212041310","Clayton South","Melbourne - South East",2009,11884
"6274","212041310","Clayton South","Melbourne - South East",2010,12078
"6275","212041310","Clayton South","Melbourne - South East",2011,12254
"6276","212041310","Clayton South","Melbourne - South East",2012,12569
"6277","212041310","Clayton South","Melbourne - South East",2013,12823
"6278","212041310","Clayton South","Melbourne - South East",2014,13000
"6279","212041310","Clayton South","Melbourne - South East",2015,13141
"6280","212041310","Clayton South","Melbourne - South East",2016,13296
"6281","212041310","Clayton South","Melbourne - South East",2017,13422
"6282","212041310","Clayton South","Melbourne - South East",2018,13662
"6283","212041310","Clayton South","Melbourne - South East",2019,14096
"6284","212041310","Clayton South","Melbourne - South East",2020,14152
"6285","212041310","Clayton South","Melbourne - South East",2021,13562
"6286","212041310","Clayton South","Melbourne - South East",2022,13949
"6287","212041310","Clayton South","Melbourne - South East",2023,14746
"6288","212041310","Clayton South","Melbourne - South East",2024,15138
"6289","212041312","Dandenong North","Melbourne - South East",2001,23088
"6290","212041312","Dandenong North","Melbourne - South East",2002,22990
"6291","212041312","Dandenong North","Melbourne - South East",2003,22860
"6292","212041312","Dandenong North","Melbourne - South East",2004,22832
"6293","212041312","Dandenong North","Melbourne - South East",2005,22815
"6294","212041312","Dandenong North","Melbourne - South East",2006,22847
"6295","212041312","Dandenong North","Melbourne - South East",2007,22875
"6296","212041312","Dandenong North","Melbourne - South East",2008,22965
"6297","212041312","Dandenong North","Melbourne - South East",2009,23010
"6298","212041312","Dandenong North","Melbourne - South East",2010,22983
"6299","212041312","Dandenong North","Melbourne - South East",2011,22949
"6300","212041312","Dandenong North","Melbourne - South East",2012,23056
"6301","212041312","Dandenong North","Melbourne - South East",2013,23178
"6302","212041312","Dandenong North","Melbourne - South East",2014,23302
"6303","212041312","Dandenong North","Melbourne - South East",2015,23449
"6304","212041312","Dandenong North","Melbourne - South East",2016,23684
"6305","212041312","Dandenong North","Melbourne - South East",2017,23834
"6306","212041312","Dandenong North","Melbourne - South East",2018,23930
"6307","212041312","Dandenong North","Melbourne - South East",2019,23974
"6308","212041312","Dandenong North","Melbourne - South East",2020,23655
"6309","212041312","Dandenong North","Melbourne - South East",2021,22834
"6310","212041312","Dandenong North","Melbourne - South East",2022,22565
"6311","212041312","Dandenong North","Melbourne - South East",2023,22910
"6312","212041312","Dandenong North","Melbourne - South East",2024,23300
"6313","212041313","Dingley Village","Melbourne - South East",2001,10390
"6314","212041313","Dingley Village","Melbourne - South East",2002,10395
"6315","212041313","Dingley Village","Melbourne - South East",2003,10381
"6316","212041313","Dingley Village","Melbourne - South East",2004,10370
"6317","212041313","Dingley Village","Melbourne - South East",2005,10375
"6318","212041313","Dingley Village","Melbourne - South East",2006,10374
"6319","212041313","Dingley Village","Melbourne - South East",2007,10420
"6320","212041313","Dingley Village","Melbourne - South East",2008,10454
"6321","212041313","Dingley Village","Melbourne - South East",2009,10505
"6322","212041313","Dingley Village","Melbourne - South East",2010,10549
"6323","212041313","Dingley Village","Melbourne - South East",2011,10568
"6324","212041313","Dingley Village","Melbourne - South East",2012,10597
"6325","212041313","Dingley Village","Melbourne - South East",2013,10616
"6326","212041313","Dingley Village","Melbourne - South East",2014,10608
"6327","212041313","Dingley Village","Melbourne - South East",2015,10603
"6328","212041313","Dingley Village","Melbourne - South East",2016,10611
"6329","212041313","Dingley Village","Melbourne - South East",2017,10651
"6330","212041313","Dingley Village","Melbourne - South East",2018,10700
"6331","212041313","Dingley Village","Melbourne - South East",2019,10766
"6332","212041313","Dingley Village","Melbourne - South East",2020,10736
"6333","212041313","Dingley Village","Melbourne - South East",2021,10553
"6334","212041313","Dingley Village","Melbourne - South East",2022,10557
"6335","212041313","Dingley Village","Melbourne - South East",2023,10673
"6336","212041313","Dingley Village","Melbourne - South East",2024,10754
"6337","212041316","Noble Park North","Melbourne - South East",2001,8299
"6338","212041316","Noble Park North","Melbourne - South East",2002,8120
"6339","212041316","Noble Park North","Melbourne - South East",2003,8028
"6340","212041316","Noble Park North","Melbourne - South East",2004,7947
"6341","212041316","Noble Park North","Melbourne - South East",2005,7861
"6342","212041316","Noble Park North","Melbourne - South East",2006,7804
"6343","212041316","Noble Park North","Melbourne - South East",2007,7769
"6344","212041316","Noble Park North","Melbourne - South East",2008,7764
"6345","212041316","Noble Park North","Melbourne - South East",2009,7802
"6346","212041316","Noble Park North","Melbourne - South East",2010,7762
"6347","212041316","Noble Park North","Melbourne - South East",2011,7753
"6348","212041316","Noble Park North","Melbourne - South East",2012,7754
"6349","212041316","Noble Park North","Melbourne - South East",2013,7763
"6350","212041316","Noble Park North","Melbourne - South East",2014,7783
"6351","212041316","Noble Park North","Melbourne - South East",2015,7826
"6352","212041316","Noble Park North","Melbourne - South East",2016,7871
"6353","212041316","Noble Park North","Melbourne - South East",2017,7874
"6354","212041316","Noble Park North","Melbourne - South East",2018,7858
"6355","212041316","Noble Park North","Melbourne - South East",2019,7828
"6356","212041316","Noble Park North","Melbourne - South East",2020,7762
"6357","212041316","Noble Park North","Melbourne - South East",2021,7518
"6358","212041316","Noble Park North","Melbourne - South East",2022,7466
"6359","212041316","Noble Park North","Melbourne - South East",2023,7593
"6360","212041316","Noble Park North","Melbourne - South East",2024,7651
"6361","212041317","Springvale","Melbourne - South East",2001,18557
"6362","212041317","Springvale","Melbourne - South East",2002,18581
"6363","212041317","Springvale","Melbourne - South East",2003,18603
"6364","212041317","Springvale","Melbourne - South East",2004,18641
"6365","212041317","Springvale","Melbourne - South East",2005,18716
"6366","212041317","Springvale","Melbourne - South East",2006,19033
"6367","212041317","Springvale","Melbourne - South East",2007,19245
"6368","212041317","Springvale","Melbourne - South East",2008,19586
"6369","212041317","Springvale","Melbourne - South East",2009,19969
"6370","212041317","Springvale","Melbourne - South East",2010,20353
"6371","212041317","Springvale","Melbourne - South East",2011,20712
"6372","212041317","Springvale","Melbourne - South East",2012,20940
"6373","212041317","Springvale","Melbourne - South East",2013,21132
"6374","212041317","Springvale","Melbourne - South East",2014,21505
"6375","212041317","Springvale","Melbourne - South East",2015,22188
"6376","212041317","Springvale","Melbourne - South East",2016,22761
"6377","212041317","Springvale","Melbourne - South East",2017,23216
"6378","212041317","Springvale","Melbourne - South East",2018,23549
"6379","212041317","Springvale","Melbourne - South East",2019,23774
"6380","212041317","Springvale","Melbourne - South East",2020,23650
"6381","212041317","Springvale","Melbourne - South East",2021,22515
"6382","212041317","Springvale","Melbourne - South East",2022,22639
"6383","212041317","Springvale","Melbourne - South East",2023,23518
"6384","212041317","Springvale","Melbourne - South East",2024,24111
"6385","212041318","Springvale South","Melbourne - South East",2001,11607
"6386","212041318","Springvale South","Melbourne - South East",2002,11602
"6387","212041318","Springvale South","Melbourne - South East",2003,11603
"6388","212041318","Springvale South","Melbourne - South East",2004,11678
"6389","212041318","Springvale South","Melbourne - South East",2005,11738
"6390","212041318","Springvale South","Melbourne - South East",2006,12064
"6391","212041318","Springvale South","Melbourne - South East",2007,12217
"6392","212041318","Springvale South","Melbourne - South East",2008,12452
"6393","212041318","Springvale South","Melbourne - South East",2009,12650
"6394","212041318","Springvale South","Melbourne - South East",2010,12715
"6395","212041318","Springvale South","Melbourne - South East",2011,12687
"6396","212041318","Springvale South","Melbourne - South East",2012,12764
"6397","212041318","Springvale South","Melbourne - South East",2013,12844
"6398","212041318","Springvale South","Melbourne - South East",2014,12964
"6399","212041318","Springvale South","Melbourne - South East",2015,13065
"6400","212041318","Springvale South","Melbourne - South East",2016,13227
"6401","212041318","Springvale South","Melbourne - South East",2017,13299
"6402","212041318","Springvale South","Melbourne - South East",2018,13327
"6403","212041318","Springvale South","Melbourne - South East",2019,13338
"6404","212041318","Springvale South","Melbourne - South East",2020,13295
"6405","212041318","Springvale South","Melbourne - South East",2021,12728
"6406","212041318","Springvale South","Melbourne - South East",2022,12463
"6407","212041318","Springvale South","Melbourne - South East",2023,12831
"6408","212041318","Springvale South","Melbourne - South East",2024,13139
"6409","212041459","Noble Park - East","Melbourne - South East",2001,9827
"6410","212041459","Noble Park - East","Melbourne - South East",2002,9884
"6411","212041459","Noble Park - East","Melbourne - South East",2003,9945
"6412","212041459","Noble Park - East","Melbourne - South East",2004,10023
"6413","212041459","Noble Park - East","Melbourne - South East",2005,10088
"6414","212041459","Noble Park - East","Melbourne - South East",2006,10284
"6415","212041459","Noble Park - East","Melbourne - South East",2007,10660
"6416","212041459","Noble Park - East","Melbourne - South East",2008,10947
"6417","212041459","Noble Park - East","Melbourne - South East",2009,11381
"6418","212041459","Noble Park - East","Melbourne - South East",2010,11639
"6419","212041459","Noble Park - East","Melbourne - South East",2011,11931
"6420","212041459","Noble Park - East","Melbourne - South East",2012,12116
"6421","212041459","Noble Park - East","Melbourne - South East",2013,12331
"6422","212041459","Noble Park - East","Melbourne - South East",2014,12581
"6423","212041459","Noble Park - East","Melbourne - South East",2015,12801
"6424","212041459","Noble Park - East","Melbourne - South East",2016,13073
"6425","212041459","Noble Park - East","Melbourne - South East",2017,13298
"6426","212041459","Noble Park - East","Melbourne - South East",2018,13487
"6427","212041459","Noble Park - East","Melbourne - South East",2019,13597
"6428","212041459","Noble Park - East","Melbourne - South East",2020,13605
"6429","212041459","Noble Park - East","Melbourne - South East",2021,12889
"6430","212041459","Noble Park - East","Melbourne - South East",2022,12868
"6431","212041459","Noble Park - East","Melbourne - South East",2023,13365
"6432","212041459","Noble Park - East","Melbourne - South East",2024,13699
"6433","212041460","Noble Park - West","Melbourne - South East",2001,16718
"6434","212041460","Noble Park - West","Melbourne - South East",2002,16634
"6435","212041460","Noble Park - West","Melbourne - South East",2003,16529
"6436","212041460","Noble Park - West","Melbourne - South East",2004,16526
"6437","212041460","Noble Park - West","Melbourne - South East",2005,16521
"6438","212041460","Noble Park - West","Melbourne - South East",2006,16740
"6439","212041460","Noble Park - West","Melbourne - South East",2007,16933
"6440","212041460","Noble Park - West","Melbourne - South East",2008,17143
"6441","212041460","Noble Park - West","Melbourne - South East",2009,17524
"6442","212041460","Noble Park - West","Melbourne - South East",2010,17668
"6443","212041460","Noble Park - West","Melbourne - South East",2011,17873
"6444","212041460","Noble Park - West","Melbourne - South East",2012,18101
"6445","212041460","Noble Park - West","Melbourne - South East",2013,18350
"6446","212041460","Noble Park - West","Melbourne - South East",2014,18686
"6447","212041460","Noble Park - West","Melbourne - South East",2015,19065
"6448","212041460","Noble Park - West","Melbourne - South East",2016,19435
"6449","212041460","Noble Park - West","Melbourne - South East",2017,19791
"6450","212041460","Noble Park - West","Melbourne - South East",2018,20027
"6451","212041460","Noble Park - West","Melbourne - South East",2019,20275
"6452","212041460","Noble Park - West","Melbourne - South East",2020,20237
"6453","212041460","Noble Park - West","Melbourne - South East",2021,19810
"6454","212041460","Noble Park - West","Melbourne - South East",2022,19682
"6455","212041460","Noble Park - West","Melbourne - South East",2023,20210
"6456","212041460","Noble Park - West","Melbourne - South East",2024,20330
"6457","212041563","Dandenong - North","Melbourne - South East",2001,16806
"6458","212041563","Dandenong - North","Melbourne - South East",2002,16915
"6459","212041563","Dandenong - North","Melbourne - South East",2003,16944
"6460","212041563","Dandenong - North","Melbourne - South East",2004,17004
"6461","212041563","Dandenong - North","Melbourne - South East",2005,17206
"6462","212041563","Dandenong - North","Melbourne - South East",2006,17412
"6463","212041563","Dandenong - North","Melbourne - South East",2007,18117
"6464","212041563","Dandenong - North","Melbourne - South East",2008,18810
"6465","212041563","Dandenong - North","Melbourne - South East",2009,19271
"6466","212041563","Dandenong - North","Melbourne - South East",2010,19711
"6467","212041563","Dandenong - North","Melbourne - South East",2011,20177
"6468","212041563","Dandenong - North","Melbourne - South East",2012,20814
"6469","212041563","Dandenong - North","Melbourne - South East",2013,21556
"6470","212041563","Dandenong - North","Melbourne - South East",2014,22210
"6471","212041563","Dandenong - North","Melbourne - South East",2015,22635
"6472","212041563","Dandenong - North","Melbourne - South East",2016,23038
"6473","212041563","Dandenong - North","Melbourne - South East",2017,23273
"6474","212041563","Dandenong - North","Melbourne - South East",2018,23382
"6475","212041563","Dandenong - North","Melbourne - South East",2019,23377
"6476","212041563","Dandenong - North","Melbourne - South East",2020,23012
"6477","212041563","Dandenong - North","Melbourne - South East",2021,21820
"6478","212041563","Dandenong - North","Melbourne - South East",2022,21384
"6479","212041563","Dandenong - North","Melbourne - South East",2023,22200
"6480","212041563","Dandenong - North","Melbourne - South East",2024,23067
"6481","212041564","Dandenong - South","Melbourne - South East",2001,5728
"6482","212041564","Dandenong - South","Melbourne - South East",2002,5750
"6483","212041564","Dandenong - South","Melbourne - South East",2003,5743
"6484","212041564","Dandenong - South","Melbourne - South East",2004,5720
"6485","212041564","Dandenong - South","Melbourne - South East",2005,5774
"6486","212041564","Dandenong - South","Melbourne - South East",2006,5834
"6487","212041564","Dandenong - South","Melbourne - South East",2007,6115
"6488","212041564","Dandenong - South","Melbourne - South East",2008,6440
"6489","212041564","Dandenong - South","Melbourne - South East",2009,6644
"6490","212041564","Dandenong - South","Melbourne - South East",2010,6902
"6491","212041564","Dandenong - South","Melbourne - South East",2011,7237
"6492","212041564","Dandenong - South","Melbourne - South East",2012,7763
"6493","212041564","Dandenong - South","Melbourne - South East",2013,8294
"6494","212041564","Dandenong - South","Melbourne - South East",2014,8777
"6495","212041564","Dandenong - South","Melbourne - South East",2015,9274
"6496","212041564","Dandenong - South","Melbourne - South East",2016,9662
"6497","212041564","Dandenong - South","Melbourne - South East",2017,9824
"6498","212041564","Dandenong - South","Melbourne - South East",2018,9931
"6499","212041564","Dandenong - South","Melbourne - South East",2019,9993
"6500","212041564","Dandenong - South","Melbourne - South East",2020,9898
"6501","212041564","Dandenong - South","Melbourne - South East",2021,9491
"6502","212041564","Dandenong - South","Melbourne - South East",2022,9558
"6503","212041564","Dandenong - South","Melbourne - South East",2023,9826
"6504","212041564","Dandenong - South","Melbourne - South East",2024,10032
"6505","212041565","Keysborough - North","Melbourne - South East",2001,16396
"6506","212041565","Keysborough - North","Melbourne - South East",2002,16112
"6507","212041565","Keysborough - North","Melbourne - South East",2003,15937
"6508","212041565","Keysborough - North","Melbourne - South East",2004,15831
"6509","212041565","Keysborough - North","Melbourne - South East",2005,15629
"6510","212041565","Keysborough - North","Melbourne - South East",2006,15653
"6511","212041565","Keysborough - North","Melbourne - South East",2007,15689
"6512","212041565","Keysborough - North","Melbourne - South East",2008,15689
"6513","212041565","Keysborough - North","Melbourne - South East",2009,15799
"6514","212041565","Keysborough - North","Melbourne - South East",2010,15795
"6515","212041565","Keysborough - North","Melbourne - South East",2011,15643
"6516","212041565","Keysborough - North","Melbourne - South East",2012,15459
"6517","212041565","Keysborough - North","Melbourne - South East",2013,15472
"6518","212041565","Keysborough - North","Melbourne - South East",2014,15450
"6519","212041565","Keysborough - North","Melbourne - South East",2015,15611
"6520","212041565","Keysborough - North","Melbourne - South East",2016,15914
"6521","212041565","Keysborough - North","Melbourne - South East",2017,15862
"6522","212041565","Keysborough - North","Melbourne - South East",2018,15830
"6523","212041565","Keysborough - North","Melbourne - South East",2019,15819
"6524","212041565","Keysborough - North","Melbourne - South East",2020,15619
"6525","212041565","Keysborough - North","Melbourne - South East",2021,15205
"6526","212041565","Keysborough - North","Melbourne - South East",2022,15006
"6527","212041565","Keysborough - North","Melbourne - South East",2023,15121
"6528","212041565","Keysborough - North","Melbourne - South East",2024,15095
"6529","212041566","Keysborough - South","Melbourne - South East",2001,698
"6530","212041566","Keysborough - South","Melbourne - South East",2002,748
"6531","212041566","Keysborough - South","Melbourne - South East",2003,868
"6532","212041566","Keysborough - South","Melbourne - South East",2004,1091
"6533","212041566","Keysborough - South","Melbourne - South East",2005,1706
"6534","212041566","Keysborough - South","Melbourne - South East",2006,2397
"6535","212041566","Keysborough - South","Melbourne - South East",2007,3240
"6536","212041566","Keysborough - South","Melbourne - South East",2008,4088
"6537","212041566","Keysborough - South","Melbourne - South East",2009,4690
"6538","212041566","Keysborough - South","Melbourne - South East",2010,4684
"6539","212041566","Keysborough - South","Melbourne - South East",2011,5205
"6540","212041566","Keysborough - South","Melbourne - South East",2012,6349
"6541","212041566","Keysborough - South","Melbourne - South East",2013,7582
"6542","212041566","Keysborough - South","Melbourne - South East",2014,8877
"6543","212041566","Keysborough - South","Melbourne - South East",2015,10147
"6544","212041566","Keysborough - South","Melbourne - South East",2016,11557
"6545","212041566","Keysborough - South","Melbourne - South East",2017,12653
"6546","212041566","Keysborough - South","Melbourne - South East",2018,13574
"6547","212041566","Keysborough - South","Melbourne - South East",2019,14321
"6548","212041566","Keysborough - South","Melbourne - South East",2020,14915
"6549","212041566","Keysborough - South","Melbourne - South East",2021,15290
"6550","212041566","Keysborough - South","Melbourne - South East",2022,15663
"6551","212041566","Keysborough - South","Melbourne - South East",2023,16250
"6552","212041566","Keysborough - South","Melbourne - South East",2024,16874
"6553","212051319","Ashwood - Chadstone","Melbourne - South East",2001,14503
"6554","212051319","Ashwood - Chadstone","Melbourne - South East",2002,14648
"6555","212051319","Ashwood - Chadstone","Melbourne - South East",2003,14710
"6556","212051319","Ashwood - Chadstone","Melbourne - South East",2004,14835
"6557","212051319","Ashwood - Chadstone","Melbourne - South East",2005,15243
"6558","212051319","Ashwood - Chadstone","Melbourne - South East",2006,15612
"6559","212051319","Ashwood - Chadstone","Melbourne - South East",2007,15966
"6560","212051319","Ashwood - Chadstone","Melbourne - South East",2008,16191
"6561","212051319","Ashwood - Chadstone","Melbourne - South East",2009,16560
"6562","212051319","Ashwood - Chadstone","Melbourne - South East",2010,16658
"6563","212051319","Ashwood - Chadstone","Melbourne - South East",2011,16979
"6564","212051319","Ashwood - Chadstone","Melbourne - South East",2012,17522
"6565","212051319","Ashwood - Chadstone","Melbourne - South East",2013,18002
"6566","212051319","Ashwood - Chadstone","Melbourne - South East",2014,18437
"6567","212051319","Ashwood - Chadstone","Melbourne - South East",2015,18835
"6568","212051319","Ashwood - Chadstone","Melbourne - South East",2016,19308
"6569","212051319","Ashwood - Chadstone","Melbourne - South East",2017,19764
"6570","212051319","Ashwood - Chadstone","Melbourne - South East",2018,19978
"6571","212051319","Ashwood - Chadstone","Melbourne - South East",2019,20259
"6572","212051319","Ashwood - Chadstone","Melbourne - South East",2020,20324
"6573","212051319","Ashwood - Chadstone","Melbourne - South East",2021,19782
"6574","212051319","Ashwood - Chadstone","Melbourne - South East",2022,20077
"6575","212051319","Ashwood - Chadstone","Melbourne - South East",2023,20607
"6576","212051319","Ashwood - Chadstone","Melbourne - South East",2024,20947
"6577","212051321","Glen Waverley - East","Melbourne - South East",2001,21261
"6578","212051321","Glen Waverley - East","Melbourne - South East",2002,21164
"6579","212051321","Glen Waverley - East","Melbourne - South East",2003,21112
"6580","212051321","Glen Waverley - East","Melbourne - South East",2004,21064
"6581","212051321","Glen Waverley - East","Melbourne - South East",2005,21086
"6582","212051321","Glen Waverley - East","Melbourne - South East",2006,21180
"6583","212051321","Glen Waverley - East","Melbourne - South East",2007,21242
"6584","212051321","Glen Waverley - East","Melbourne - South East",2008,21294
"6585","212051321","Glen Waverley - East","Melbourne - South East",2009,21481
"6586","212051321","Glen Waverley - East","Melbourne - South East",2010,21499
"6587","212051321","Glen Waverley - East","Melbourne - South East",2011,21561
"6588","212051321","Glen Waverley - East","Melbourne - South East",2012,21689
"6589","212051321","Glen Waverley - East","Melbourne - South East",2013,21813
"6590","212051321","Glen Waverley - East","Melbourne - South East",2014,21922
"6591","212051321","Glen Waverley - East","Melbourne - South East",2015,22020
"6592","212051321","Glen Waverley - East","Melbourne - South East",2016,22153
"6593","212051321","Glen Waverley - East","Melbourne - South East",2017,22381
"6594","212051321","Glen Waverley - East","Melbourne - South East",2018,22569
"6595","212051321","Glen Waverley - East","Melbourne - South East",2019,22712
"6596","212051321","Glen Waverley - East","Melbourne - South East",2020,22684
"6597","212051321","Glen Waverley - East","Melbourne - South East",2021,21882
"6598","212051321","Glen Waverley - East","Melbourne - South East",2022,21755
"6599","212051321","Glen Waverley - East","Melbourne - South East",2023,22441
"6600","212051321","Glen Waverley - East","Melbourne - South East",2024,22689
"6601","212051322","Glen Waverley - West","Melbourne - South East",2001,17233
"6602","212051322","Glen Waverley - West","Melbourne - South East",2002,17447
"6603","212051322","Glen Waverley - West","Melbourne - South East",2003,17587
"6604","212051322","Glen Waverley - West","Melbourne - South East",2004,17797
"6605","212051322","Glen Waverley - West","Melbourne - South East",2005,18012
"6606","212051322","Glen Waverley - West","Melbourne - South East",2006,18359
"6607","212051322","Glen Waverley - West","Melbourne - South East",2007,18568
"6608","212051322","Glen Waverley - West","Melbourne - South East",2008,18837
"6609","212051322","Glen Waverley - West","Melbourne - South East",2009,19187
"6610","212051322","Glen Waverley - West","Melbourne - South East",2010,19366
"6611","212051322","Glen Waverley - West","Melbourne - South East",2011,19303
"6612","212051322","Glen Waverley - West","Melbourne - South East",2012,19453
"6613","212051322","Glen Waverley - West","Melbourne - South East",2013,19644
"6614","212051322","Glen Waverley - West","Melbourne - South East",2014,19799
"6615","212051322","Glen Waverley - West","Melbourne - South East",2015,19951
"6616","212051322","Glen Waverley - West","Melbourne - South East",2016,20151
"6617","212051322","Glen Waverley - West","Melbourne - South East",2017,20515
"6618","212051322","Glen Waverley - West","Melbourne - South East",2018,20912
"6619","212051322","Glen Waverley - West","Melbourne - South East",2019,21349
"6620","212051322","Glen Waverley - West","Melbourne - South East",2020,21761
"6621","212051322","Glen Waverley - West","Melbourne - South East",2021,21324
"6622","212051322","Glen Waverley - West","Melbourne - South East",2022,21545
"6623","212051322","Glen Waverley - West","Melbourne - South East",2023,22556
"6624","212051322","Glen Waverley - West","Melbourne - South East",2024,23202
"6625","212051323","Mount Waverley - North","Melbourne - South East",2001,14479
"6626","212051323","Mount Waverley - North","Melbourne - South East",2002,14484
"6627","212051323","Mount Waverley - North","Melbourne - South East",2003,14498
"6628","212051323","Mount Waverley - North","Melbourne - South East",2004,14548
"6629","212051323","Mount Waverley - North","Melbourne - South East",2005,14612
"6630","212051323","Mount Waverley - North","Melbourne - South East",2006,14722
"6631","212051323","Mount Waverley - North","Melbourne - South East",2007,14926
"6632","212051323","Mount Waverley - North","Melbourne - South East",2008,15078
"6633","212051323","Mount Waverley - North","Melbourne - South East",2009,15379
"6634","212051323","Mount Waverley - North","Melbourne - South East",2010,15579
"6635","212051323","Mount Waverley - North","Melbourne - South East",2011,15657
"6636","212051323","Mount Waverley - North","Melbourne - South East",2012,15699
"6637","212051323","Mount Waverley - North","Melbourne - South East",2013,15759
"6638","212051323","Mount Waverley - North","Melbourne - South East",2014,15822
"6639","212051323","Mount Waverley - North","Melbourne - South East",2015,15903
"6640","212051323","Mount Waverley - North","Melbourne - South East",2016,16053
"6641","212051323","Mount Waverley - North","Melbourne - South East",2017,16231
"6642","212051323","Mount Waverley - North","Melbourne - South East",2018,16352
"6643","212051323","Mount Waverley - North","Melbourne - South East",2019,16471
"6644","212051323","Mount Waverley - North","Melbourne - South East",2020,16649
"6645","212051323","Mount Waverley - North","Melbourne - South East",2021,16238
"6646","212051323","Mount Waverley - North","Melbourne - South East",2022,16302
"6647","212051323","Mount Waverley - North","Melbourne - South East",2023,16804
"6648","212051323","Mount Waverley - North","Melbourne - South East",2024,17214
"6649","212051324","Mount Waverley - South","Melbourne - South East",2001,16422
"6650","212051324","Mount Waverley - South","Melbourne - South East",2002,16441
"6651","212051324","Mount Waverley - South","Melbourne - South East",2003,16436
"6652","212051324","Mount Waverley - South","Melbourne - South East",2004,16493
"6653","212051324","Mount Waverley - South","Melbourne - South East",2005,16551
"6654","212051324","Mount Waverley - South","Melbourne - South East",2006,16737
"6655","212051324","Mount Waverley - South","Melbourne - South East",2007,16962
"6656","212051324","Mount Waverley - South","Melbourne - South East",2008,17350
"6657","212051324","Mount Waverley - South","Melbourne - South East",2009,17792
"6658","212051324","Mount Waverley - South","Melbourne - South East",2010,17921
"6659","212051324","Mount Waverley - South","Melbourne - South East",2011,17889
"6660","212051324","Mount Waverley - South","Melbourne - South East",2012,18145
"6661","212051324","Mount Waverley - South","Melbourne - South East",2013,18407
"6662","212051324","Mount Waverley - South","Melbourne - South East",2014,18698
"6663","212051324","Mount Waverley - South","Melbourne - South East",2015,18940
"6664","212051324","Mount Waverley - South","Melbourne - South East",2016,19291
"6665","212051324","Mount Waverley - South","Melbourne - South East",2017,19593
"6666","212051324","Mount Waverley - South","Melbourne - South East",2018,19912
"6667","212051324","Mount Waverley - South","Melbourne - South East",2019,20087
"6668","212051324","Mount Waverley - South","Melbourne - South East",2020,20062
"6669","212051324","Mount Waverley - South","Melbourne - South East",2021,19471
"6670","212051324","Mount Waverley - South","Melbourne - South East",2022,19608
"6671","212051324","Mount Waverley - South","Melbourne - South East",2023,20244
"6672","212051324","Mount Waverley - South","Melbourne - South East",2024,20581
"6673","212051325","Mulgrave","Melbourne - South East",2001,16951
"6674","212051325","Mulgrave","Melbourne - South East",2002,16788
"6675","212051325","Mulgrave","Melbourne - South East",2003,16633
"6676","212051325","Mulgrave","Melbourne - South East",2004,16648
"6677","212051325","Mulgrave","Melbourne - South East",2005,16747
"6678","212051325","Mulgrave","Melbourne - South East",2006,16866
"6679","212051325","Mulgrave","Melbourne - South East",2007,17227
"6680","212051325","Mulgrave","Melbourne - South East",2008,17641
"6681","212051325","Mulgrave","Melbourne - South East",2009,18028
"6682","212051325","Mulgrave","Melbourne - South East",2010,18296
"6683","212051325","Mulgrave","Melbourne - South East",2011,18517
"6684","212051325","Mulgrave","Melbourne - South East",2012,18977
"6685","212051325","Mulgrave","Melbourne - South East",2013,19466
"6686","212051325","Mulgrave","Melbourne - South East",2014,19874
"6687","212051325","Mulgrave","Melbourne - South East",2015,20181
"6688","212051325","Mulgrave","Melbourne - South East",2016,20462
"6689","212051325","Mulgrave","Melbourne - South East",2017,20525
"6690","212051325","Mulgrave","Melbourne - South East",2018,20623
"6691","212051325","Mulgrave","Melbourne - South East",2019,20684
"6692","212051325","Mulgrave","Melbourne - South East",2020,20698
"6693","212051325","Mulgrave","Melbourne - South East",2021,20072
"6694","212051325","Mulgrave","Melbourne - South East",2022,20232
"6695","212051325","Mulgrave","Melbourne - South East",2023,20693
"6696","212051325","Mulgrave","Melbourne - South East",2024,20981
"6697","212051326","Oakleigh - Huntingdale","Melbourne - South East",2001,19135
"6698","212051326","Oakleigh - Huntingdale","Melbourne - South East",2002,19156
"6699","212051326","Oakleigh - Huntingdale","Melbourne - South East",2003,19215
"6700","212051326","Oakleigh - Huntingdale","Melbourne - South East",2004,19339
"6701","212051326","Oakleigh - Huntingdale","Melbourne - South East",2005,19487
"6702","212051326","Oakleigh - Huntingdale","Melbourne - South East",2006,19701
"6703","212051326","Oakleigh - Huntingdale","Melbourne - South East",2007,19988
"6704","212051326","Oakleigh - Huntingdale","Melbourne - South East",2008,20410
"6705","212051326","Oakleigh - Huntingdale","Melbourne - South East",2009,20805
"6706","212051326","Oakleigh - Huntingdale","Melbourne - South East",2010,21049
"6707","212051326","Oakleigh - Huntingdale","Melbourne - South East",2011,21232
"6708","212051326","Oakleigh - Huntingdale","Melbourne - South East",2012,21448
"6709","212051326","Oakleigh - Huntingdale","Melbourne - South East",2013,21662
"6710","212051326","Oakleigh - Huntingdale","Melbourne - South East",2014,21929
"6711","212051326","Oakleigh - Huntingdale","Melbourne - South East",2015,22225
"6712","212051326","Oakleigh - Huntingdale","Melbourne - South East",2016,22617
"6713","212051326","Oakleigh - Huntingdale","Melbourne - South East",2017,22996
"6714","212051326","Oakleigh - Huntingdale","Melbourne - South East",2018,23265
"6715","212051326","Oakleigh - Huntingdale","Melbourne - South East",2019,23577
"6716","212051326","Oakleigh - Huntingdale","Melbourne - South East",2020,23721
"6717","212051326","Oakleigh - Huntingdale","Melbourne - South East",2021,23253
"6718","212051326","Oakleigh - Huntingdale","Melbourne - South East",2022,23558
"6719","212051326","Oakleigh - Huntingdale","Melbourne - South East",2023,24445
"6720","212051326","Oakleigh - Huntingdale","Melbourne - South East",2024,25104
"6721","212051327","Wheelers Hill","Melbourne - South East",2001,21532
"6722","212051327","Wheelers Hill","Melbourne - South East",2002,21213
"6723","212051327","Wheelers Hill","Melbourne - South East",2003,20944
"6724","212051327","Wheelers Hill","Melbourne - South East",2004,20755
"6725","212051327","Wheelers Hill","Melbourne - South East",2005,20642
"6726","212051327","Wheelers Hill","Melbourne - South East",2006,20627
"6727","212051327","Wheelers Hill","Melbourne - South East",2007,20489
"6728","212051327","Wheelers Hill","Melbourne - South East",2008,20431
"6729","212051327","Wheelers Hill","Melbourne - South East",2009,20416
"6730","212051327","Wheelers Hill","Melbourne - South East",2010,20295
"6731","212051327","Wheelers Hill","Melbourne - South East",2011,20125
"6732","212051327","Wheelers Hill","Melbourne - South East",2012,20165
"6733","212051327","Wheelers Hill","Melbourne - South East",2013,20209
"6734","212051327","Wheelers Hill","Melbourne - South East",2014,20450
"6735","212051327","Wheelers Hill","Melbourne - South East",2015,20727
"6736","212051327","Wheelers Hill","Melbourne - South East",2016,20880
"6737","212051327","Wheelers Hill","Melbourne - South East",2017,20979
"6738","212051327","Wheelers Hill","Melbourne - South East",2018,21049
"6739","212051327","Wheelers Hill","Melbourne - South East",2019,21137
"6740","212051327","Wheelers Hill","Melbourne - South East",2020,21193
"6741","212051327","Wheelers Hill","Melbourne - South East",2021,20854
"6742","212051327","Wheelers Hill","Melbourne - South East",2022,20691
"6743","212051327","Wheelers Hill","Melbourne - South East",2023,20978
"6744","212051327","Wheelers Hill","Melbourne - South East",2024,21285
"6745","212051567","Clayton (North) - Notting Hill","Melbourne - South East",2001,5412
"6746","212051567","Clayton (North) - Notting Hill","Melbourne - South East",2002,5566
"6747","212051567","Clayton (North) - Notting Hill","Melbourne - South East",2003,5835
"6748","212051567","Clayton (North) - Notting Hill","Melbourne - South East",2004,5841
"6749","212051567","Clayton (North) - Notting Hill","Melbourne - South East",2005,6071
"6750","212051567","Clayton (North) - Notting Hill","Melbourne - South East",2006,6296
"6751","212051567","Clayton (North) - Notting Hill","Melbourne - South East",2007,6346
"6752","212051567","Clayton (North) - Notting Hill","Melbourne - South East",2008,6244
"6753","212051567","Clayton (North) - Notting Hill","Melbourne - South East",2009,6462
"6754","212051567","Clayton (North) - Notting Hill","Melbourne - South East",2010,6566
"6755","212051567","Clayton (North) - Notting Hill","Melbourne - South East",2011,7266
"6756","212051567","Clayton (North) - Notting Hill","Melbourne - South East",2012,7963
"6757","212051567","Clayton (North) - Notting Hill","Melbourne - South East",2013,8687
"6758","212051567","Clayton (North) - Notting Hill","Melbourne - South East",2014,9402
"6759","212051567","Clayton (North) - Notting Hill","Melbourne - South East",2015,10199
"6760","212051567","Clayton (North) - Notting Hill","Melbourne - South East",2016,11087
"6761","212051567","Clayton (North) - Notting Hill","Melbourne - South East",2017,11504
"6762","212051567","Clayton (North) - Notting Hill","Melbourne - South East",2018,11830
"6763","212051567","Clayton (North) - Notting Hill","Melbourne - South East",2019,11725
"6764","212051567","Clayton (North) - Notting Hill","Melbourne - South East",2020,11715
"6765","212051567","Clayton (North) - Notting Hill","Melbourne - South East",2021,10099
"6766","212051567","Clayton (North) - Notting Hill","Melbourne - South East",2022,10735
"6767","212051567","Clayton (North) - Notting Hill","Melbourne - South East",2023,12792
"6768","212051567","Clayton (North) - Notting Hill","Melbourne - South East",2024,14143
"6769","212051568","Clayton - Central","Melbourne - South East",2001,8825
"6770","212051568","Clayton - Central","Melbourne - South East",2002,9141
"6771","212051568","Clayton - Central","Melbourne - South East",2003,9414
"6772","212051568","Clayton - Central","Melbourne - South East",2004,9606
"6773","212051568","Clayton - Central","Melbourne - South East",2005,9862
"6774","212051568","Clayton - Central","Melbourne - South East",2006,10146
"6775","212051568","Clayton - Central","Melbourne - South East",2007,10386
"6776","212051568","Clayton - Central","Melbourne - South East",2008,10592
"6777","212051568","Clayton - Central","Melbourne - South East",2009,10823
"6778","212051568","Clayton - Central","Melbourne - South East",2010,11017
"6779","212051568","Clayton - Central","Melbourne - South East",2011,11432
"6780","212051568","Clayton - Central","Melbourne - South East",2012,11723
"6781","212051568","Clayton - Central","Melbourne - South East",2013,11958
"6782","212051568","Clayton - Central","Melbourne - South East",2014,12069
"6783","212051568","Clayton - Central","Melbourne - South East",2015,12311
"6784","212051568","Clayton - Central","Melbourne - South East",2016,12585
"6785","212051568","Clayton - Central","Melbourne - South East",2017,13121
"6786","212051568","Clayton - Central","Melbourne - South East",2018,13524
"6787","212051568","Clayton - Central","Melbourne - South East",2019,13834
"6788","212051568","Clayton - Central","Melbourne - South East",2020,14027
"6789","212051568","Clayton - Central","Melbourne - South East",2021,12276
"6790","212051568","Clayton - Central","Melbourne - South East",2022,12914
"6791","212051568","Clayton - Central","Melbourne - South East",2023,14192
"6792","212051568","Clayton - Central","Melbourne - South East",2024,15034
"6793","213011328","Ardeer - Albion","Melbourne - West",2001,6640
"6794","213011328","Ardeer - Albion","Melbourne - West",2002,6597
"6795","213011328","Ardeer - Albion","Melbourne - West",2003,6560
"6796","213011328","Ardeer - Albion","Melbourne - West",2004,6523
"6797","213011328","Ardeer - Albion","Melbourne - West",2005,6523
"6798","213011328","Ardeer - Albion","Melbourne - West",2006,6556
"6799","213011328","Ardeer - Albion","Melbourne - West",2007,6559
"6800","213011328","Ardeer - Albion","Melbourne - West",2008,6758
"6801","213011328","Ardeer - Albion","Melbourne - West",2009,7087
"6802","213011328","Ardeer - Albion","Melbourne - West",2010,7334
"6803","213011328","Ardeer - Albion","Melbourne - West",2011,7387
"6804","213011328","Ardeer - Albion","Melbourne - West",2012,7520
"6805","213011328","Ardeer - Albion","Melbourne - West",2013,7668
"6806","213011328","Ardeer - Albion","Melbourne - West",2014,7773
"6807","213011328","Ardeer - Albion","Melbourne - West",2015,7937
"6808","213011328","Ardeer - Albion","Melbourne - West",2016,8202
"6809","213011328","Ardeer - Albion","Melbourne - West",2017,8229
"6810","213011328","Ardeer - Albion","Melbourne - West",2018,8228
"6811","213011328","Ardeer - Albion","Melbourne - West",2019,8183
"6812","213011328","Ardeer - Albion","Melbourne - West",2020,8082
"6813","213011328","Ardeer - Albion","Melbourne - West",2021,7590
"6814","213011328","Ardeer - Albion","Melbourne - West",2022,7480
"6815","213011328","Ardeer - Albion","Melbourne - West",2023,7713
"6816","213011328","Ardeer - Albion","Melbourne - West",2024,7908
"6817","213011329","Cairnlea","Melbourne - West",2001,366
"6818","213011329","Cairnlea","Melbourne - West",2002,1133
"6819","213011329","Cairnlea","Melbourne - West",2003,2325
"6820","213011329","Cairnlea","Melbourne - West",2004,3742
"6821","213011329","Cairnlea","Melbourne - West",2005,5255
"6822","213011329","Cairnlea","Melbourne - West",2006,6322
"6823","213011329","Cairnlea","Melbourne - West",2007,7362
"6824","213011329","Cairnlea","Melbourne - West",2008,8121
"6825","213011329","Cairnlea","Melbourne - West",2009,8788
"6826","213011329","Cairnlea","Melbourne - West",2010,9099
"6827","213011329","Cairnlea","Melbourne - West",2011,9311
"6828","213011329","Cairnlea","Melbourne - West",2012,9550
"6829","213011329","Cairnlea","Melbourne - West",2013,9698
"6830","213011329","Cairnlea","Melbourne - West",2014,9857
"6831","213011329","Cairnlea","Melbourne - West",2015,10040
"6832","213011329","Cairnlea","Melbourne - West",2016,10206
"6833","213011329","Cairnlea","Melbourne - West",2017,10362
"6834","213011329","Cairnlea","Melbourne - West",2018,10444
"6835","213011329","Cairnlea","Melbourne - West",2019,10452
"6836","213011329","Cairnlea","Melbourne - West",2020,10510
"6837","213011329","Cairnlea","Melbourne - West",2021,10142
"6838","213011329","Cairnlea","Melbourne - West",2022,10012
"6839","213011329","Cairnlea","Melbourne - West",2023,10100
"6840","213011329","Cairnlea","Melbourne - West",2024,10045
"6841","213011331","Delahey","Melbourne - West",2001,8056
"6842","213011331","Delahey","Melbourne - West",2002,8388
"6843","213011331","Delahey","Melbourne - West",2003,8665
"6844","213011331","Delahey","Melbourne - West",2004,8851
"6845","213011331","Delahey","Melbourne - West",2005,8954
"6846","213011331","Delahey","Melbourne - West",2006,9049
"6847","213011331","Delahey","Melbourne - West",2007,9042
"6848","213011331","Delahey","Melbourne - West",2008,9038
"6849","213011331","Delahey","Melbourne - West",2009,9003
"6850","213011331","Delahey","Melbourne - West",2010,8896
"6851","213011331","Delahey","Melbourne - West",2011,8769
"6852","213011331","Delahey","Melbourne - West",2012,8777
"6853","213011331","Delahey","Melbourne - West",2013,8792
"6854","213011331","Delahey","Melbourne - West",2014,8807
"6855","213011331","Delahey","Melbourne - West",2015,8815
"6856","213011331","Delahey","Melbourne - West",2016,8841
"6857","213011331","Delahey","Melbourne - West",2017,8796
"6858","213011331","Delahey","Melbourne - West",2018,8732
"6859","213011331","Delahey","Melbourne - West",2019,8663
"6860","213011331","Delahey","Melbourne - West",2020,8533
"6861","213011331","Delahey","Melbourne - West",2021,8148
"6862","213011331","Delahey","Melbourne - West",2022,8039
"6863","213011331","Delahey","Melbourne - West",2023,8020
"6864","213011331","Delahey","Melbourne - West",2024,8008
"6865","213011332","Keilor Downs","Melbourne - West",2001,15322
"6866","213011332","Keilor Downs","Melbourne - West",2002,15215
"6867","213011332","Keilor Downs","Melbourne - West",2003,15060
"6868","213011332","Keilor Downs","Melbourne - West",2004,14864
"6869","213011332","Keilor Downs","Melbourne - West",2005,14697
"6870","213011332","Keilor Downs","Melbourne - West",2006,14543
"6871","213011332","Keilor Downs","Melbourne - West",2007,14406
"6872","213011332","Keilor Downs","Melbourne - West",2008,14335
"6873","213011332","Keilor Downs","Melbourne - West",2009,14281
"6874","213011332","Keilor Downs","Melbourne - West",2010,14232
"6875","213011332","Keilor Downs","Melbourne - West",2011,14192
"6876","213011332","Keilor Downs","Melbourne - West",2012,14130
"6877","213011332","Keilor Downs","Melbourne - West",2013,14070
"6878","213011332","Keilor Downs","Melbourne - West",2014,14014
"6879","213011332","Keilor Downs","Melbourne - West",2015,13960
"6880","213011332","Keilor Downs","Melbourne - West",2016,13943
"6881","213011332","Keilor Downs","Melbourne - West",2017,13920
"6882","213011332","Keilor Downs","Melbourne - West",2018,13870
"6883","213011332","Keilor Downs","Melbourne - West",2019,13765
"6884","213011332","Keilor Downs","Melbourne - West",2020,13567
"6885","213011332","Keilor Downs","Melbourne - West",2021,13193
"6886","213011332","Keilor Downs","Melbourne - West",2022,12990
"6887","213011332","Keilor Downs","Melbourne - West",2023,13011
"6888","213011332","Keilor Downs","Melbourne - West",2024,13068
"6889","213011333","Kings Park (Vic.)","Melbourne - West",2001,15569
"6890","213011333","Kings Park (Vic.)","Melbourne - West",2002,15419
"6891","213011333","Kings Park (Vic.)","Melbourne - West",2003,15161
"6892","213011333","Kings Park (Vic.)","Melbourne - West",2004,14998
"6893","213011333","Kings Park (Vic.)","Melbourne - West",2005,14796
"6894","213011333","Kings Park (Vic.)","Melbourne - West",2006,14656
"6895","213011333","Kings Park (Vic.)","Melbourne - West",2007,14529
"6896","213011333","Kings Park (Vic.)","Melbourne - West",2008,14471
"6897","213011333","Kings Park (Vic.)","Melbourne - West",2009,14404
"6898","213011333","Kings Park (Vic.)","Melbourne - West",2010,14359
"6899","213011333","Kings Park (Vic.)","Melbourne - West",2011,14305
"6900","213011333","Kings Park (Vic.)","Melbourne - West",2012,14306
"6901","213011333","Kings Park (Vic.)","Melbourne - West",2013,14316
"6902","213011333","Kings Park (Vic.)","Melbourne - West",2014,14336
"6903","213011333","Kings Park (Vic.)","Melbourne - West",2015,14373
"6904","213011333","Kings Park (Vic.)","Melbourne - West",2016,14447
"6905","213011333","Kings Park (Vic.)","Melbourne - West",2017,14578
"6906","213011333","Kings Park (Vic.)","Melbourne - West",2018,14621
"6907","213011333","Kings Park (Vic.)","Melbourne - West",2019,14651
"6908","213011333","Kings Park (Vic.)","Melbourne - West",2020,14477
"6909","213011333","Kings Park (Vic.)","Melbourne - West",2021,14076
"6910","213011333","Kings Park (Vic.)","Melbourne - West",2022,13845
"6911","213011333","Kings Park (Vic.)","Melbourne - West",2023,13880
"6912","213011333","Kings Park (Vic.)","Melbourne - West",2024,13931
"6913","213011334","St Albans - North","Melbourne - West",2001,19101
"6914","213011334","St Albans - North","Melbourne - West",2002,18988
"6915","213011334","St Albans - North","Melbourne - West",2003,18841
"6916","213011334","St Albans - North","Melbourne - West",2004,18748
"6917","213011334","St Albans - North","Melbourne - West",2005,18824
"6918","213011334","St Albans - North","Melbourne - West",2006,18746
"6919","213011334","St Albans - North","Melbourne - West",2007,18884
"6920","213011334","St Albans - North","Melbourne - West",2008,19102
"6921","213011334","St Albans - North","Melbourne - West",2009,19343
"6922","213011334","St Albans - North","Melbourne - West",2010,19562
"6923","213011334","St Albans - North","Melbourne - West",2011,19800
"6924","213011334","St Albans - North","Melbourne - West",2012,19887
"6925","213011334","St Albans - North","Melbourne - West",2013,20037
"6926","213011334","St Albans - North","Melbourne - West",2014,20220
"6927","213011334","St Albans - North","Melbourne - West",2015,20490
"6928","213011334","St Albans - North","Melbourne - West",2016,21064
"6929","213011334","St Albans - North","Melbourne - West",2017,21463
"6930","213011334","St Albans - North","Melbourne - West",2018,21726
"6931","213011334","St Albans - North","Melbourne - West",2019,21850
"6932","213011334","St Albans - North","Melbourne - West",2020,21663
"6933","213011334","St Albans - North","Melbourne - West",2021,20838
"6934","213011334","St Albans - North","Melbourne - West",2022,20335
"6935","213011334","St Albans - North","Melbourne - West",2023,20762
"6936","213011334","St Albans - North","Melbourne - West",2024,21002
"6937","213011335","St Albans - South","Melbourne - West",2001,17009
"6938","213011335","St Albans - South","Melbourne - West",2002,16812
"6939","213011335","St Albans - South","Melbourne - West",2003,16507
"6940","213011335","St Albans - South","Melbourne - West",2004,16328
"6941","213011335","St Albans - South","Melbourne - West",2005,16148
"6942","213011335","St Albans - South","Melbourne - West",2006,15963
"6943","213011335","St Albans - South","Melbourne - West",2007,15975
"6944","213011335","St Albans - South","Melbourne - West",2008,16187
"6945","213011335","St Albans - South","Melbourne - West",2009,16535
"6946","213011335","St Albans - South","Melbourne - West",2010,16882
"6947","213011335","St Albans - South","Melbourne - West",2011,17092
"6948","213011335","St Albans - South","Melbourne - West",2012,17179
"6949","213011335","St Albans - South","Melbourne - West",2013,17310
"6950","213011335","St Albans - South","Melbourne - West",2014,17503
"6951","213011335","St Albans - South","Melbourne - West",2015,17725
"6952","213011335","St Albans - South","Melbourne - West",2016,18025
"6953","213011335","St Albans - South","Melbourne - West",2017,18344
"6954","213011335","St Albans - South","Melbourne - West",2018,18494
"6955","213011335","St Albans - South","Melbourne - West",2019,18560
"6956","213011335","St Albans - South","Melbourne - West",2020,18385
"6957","213011335","St Albans - South","Melbourne - West",2021,17656
"6958","213011335","St Albans - South","Melbourne - West",2022,17134
"6959","213011335","St Albans - South","Melbourne - West",2023,17500
"6960","213011335","St Albans - South","Melbourne - West",2024,17764
"6961","213011336","Sunshine","Melbourne - West",2001,7980
"6962","213011336","Sunshine","Melbourne - West",2002,8032
"6963","213011336","Sunshine","Melbourne - West",2003,8093
"6964","213011336","Sunshine","Melbourne - West",2004,8150
"6965","213011336","Sunshine","Melbourne - West",2005,8244
"6966","213011336","Sunshine","Melbourne - West",2006,8345
"6967","213011336","Sunshine","Melbourne - West",2007,8473
"6968","213011336","Sunshine","Melbourne - West",2008,8710
"6969","213011336","Sunshine","Melbourne - West",2009,8936
"6970","213011336","Sunshine","Melbourne - West",2010,9129
"6971","213011336","Sunshine","Melbourne - West",2011,9238
"6972","213011336","Sunshine","Melbourne - West",2012,9392
"6973","213011336","Sunshine","Melbourne - West",2013,9618
"6974","213011336","Sunshine","Melbourne - West",2014,9843
"6975","213011336","Sunshine","Melbourne - West",2015,10083
"6976","213011336","Sunshine","Melbourne - West",2016,10241
"6977","213011336","Sunshine","Melbourne - West",2017,10303
"6978","213011336","Sunshine","Melbourne - West",2018,10318
"6979","213011336","Sunshine","Melbourne - West",2019,10306
"6980","213011336","Sunshine","Melbourne - West",2020,10100
"6981","213011336","Sunshine","Melbourne - West",2021,9568
"6982","213011336","Sunshine","Melbourne - West",2022,9629
"6983","213011336","Sunshine","Melbourne - West",2023,9942
"6984","213011336","Sunshine","Melbourne - West",2024,10104
"6985","213011337","Sunshine North","Melbourne - West",2001,10478
"6986","213011337","Sunshine North","Melbourne - West",2002,10481
"6987","213011337","Sunshine North","Melbourne - West",2003,10452
"6988","213011337","Sunshine North","Melbourne - West",2004,10486
"6989","213011337","Sunshine North","Melbourne - West",2005,10473
"6990","213011337","Sunshine North","Melbourne - West",2006,10505
"6991","213011337","Sunshine North","Melbourne - West",2007,10525
"6992","213011337","Sunshine North","Melbourne - West",2008,10592
"6993","213011337","Sunshine North","Melbourne - West",2009,10770
"6994","213011337","Sunshine North","Melbourne - West",2010,10982
"6995","213011337","Sunshine North","Melbourne - West",2011,11108
"6996","213011337","Sunshine North","Melbourne - West",2012,11302
"6997","213011337","Sunshine North","Melbourne - West",2013,11489
"6998","213011337","Sunshine North","Melbourne - West",2014,11693
"6999","213011337","Sunshine North","Melbourne - West",2015,11890
"7000","213011337","Sunshine North","Melbourne - West",2016,12123
"7001","213011337","Sunshine North","Melbourne - West",2017,12323
"7002","213011337","Sunshine North","Melbourne - West",2018,12461
"7003","213011337","Sunshine North","Melbourne - West",2019,12490
"7004","213011337","Sunshine North","Melbourne - West",2020,12451
"7005","213011337","Sunshine North","Melbourne - West",2021,12161
"7006","213011337","Sunshine North","Melbourne - West",2022,11990
"7007","213011337","Sunshine North","Melbourne - West",2023,12215
"7008","213011337","Sunshine North","Melbourne - West",2024,12503
"7009","213011338","Sunshine West","Melbourne - West",2001,16700
"7010","213011338","Sunshine West","Melbourne - West",2002,16618
"7011","213011338","Sunshine West","Melbourne - West",2003,16519
"7012","213011338","Sunshine West","Melbourne - West",2004,16474
"7013","213011338","Sunshine West","Melbourne - West",2005,16443
"7014","213011338","Sunshine West","Melbourne - West",2006,16450
"7015","213011338","Sunshine West","Melbourne - West",2007,16444
"7016","213011338","Sunshine West","Melbourne - West",2008,16629
"7017","213011338","Sunshine West","Melbourne - West",2009,17042
"7018","213011338","Sunshine West","Melbourne - West",2010,17303
"7019","213011338","Sunshine West","Melbourne - West",2011,17512
"7020","213011338","Sunshine West","Melbourne - West",2012,17880
"7021","213011338","Sunshine West","Melbourne - West",2013,18196
"7022","213011338","Sunshine West","Melbourne - West",2014,18596
"7023","213011338","Sunshine West","Melbourne - West",2015,19013
"7024","213011338","Sunshine West","Melbourne - West",2016,19533
"7025","213011338","Sunshine West","Melbourne - West",2017,19786
"7026","213011338","Sunshine West","Melbourne - West",2018,19893
"7027","213011338","Sunshine West","Melbourne - West",2019,19915
"7028","213011338","Sunshine West","Melbourne - West",2020,19633
"7029","213011338","Sunshine West","Melbourne - West",2021,18770
"7030","213011338","Sunshine West","Melbourne - West",2022,18307
"7031","213011338","Sunshine West","Melbourne - West",2023,18572
"7032","213011338","Sunshine West","Melbourne - West",2024,18790
"7033","213011339","Sydenham","Melbourne - West",2001,9837
"7034","213011339","Sydenham","Melbourne - West",2002,10437
"7035","213011339","Sydenham","Melbourne - West",2003,10657
"7036","213011339","Sydenham","Melbourne - West",2004,10905
"7037","213011339","Sydenham","Melbourne - West",2005,11061
"7038","213011339","Sydenham","Melbourne - West",2006,11187
"7039","213011339","Sydenham","Melbourne - West",2007,11421
"7040","213011339","Sydenham","Melbourne - West",2008,11573
"7041","213011339","Sydenham","Melbourne - West",2009,11750
"7042","213011339","Sydenham","Melbourne - West",2010,11924
"7043","213011339","Sydenham","Melbourne - West",2011,12058
"7044","213011339","Sydenham","Melbourne - West",2012,12158
"7045","213011339","Sydenham","Melbourne - West",2013,12254
"7046","213011339","Sydenham","Melbourne - West",2014,12335
"7047","213011339","Sydenham","Melbourne - West",2015,12432
"7048","213011339","Sydenham","Melbourne - West",2016,12585
"7049","213011339","Sydenham","Melbourne - West",2017,12662
"7050","213011339","Sydenham","Melbourne - West",2018,12679
"7051","213011339","Sydenham","Melbourne - West",2019,12660
"7052","213011339","Sydenham","Melbourne - West",2020,12432
"7053","213011339","Sydenham","Melbourne - West",2021,11859
"7054","213011339","Sydenham","Melbourne - West",2022,11606
"7055","213011339","Sydenham","Melbourne - West",2023,11806
"7056","213011339","Sydenham","Melbourne - West",2024,11972
"7057","213011340","Taylors Lakes","Melbourne - West",2001,17435
"7058","213011340","Taylors Lakes","Melbourne - West",2002,17944
"7059","213011340","Taylors Lakes","Melbourne - West",2003,18263
"7060","213011340","Taylors Lakes","Melbourne - West",2004,18470
"7061","213011340","Taylors Lakes","Melbourne - West",2005,18687
"7062","213011340","Taylors Lakes","Melbourne - West",2006,18900
"7063","213011340","Taylors Lakes","Melbourne - West",2007,19101
"7064","213011340","Taylors Lakes","Melbourne - West",2008,19194
"7065","213011340","Taylors Lakes","Melbourne - West",2009,19258
"7066","213011340","Taylors Lakes","Melbourne - West",2010,19125
"7067","213011340","Taylors Lakes","Melbourne - West",2011,18954
"7068","213011340","Taylors Lakes","Melbourne - West",2012,18764
"7069","213011340","Taylors Lakes","Melbourne - West",2013,18657
"7070","213011340","Taylors Lakes","Melbourne - West",2014,18532
"7071","213011340","Taylors Lakes","Melbourne - West",2015,18474
"7072","213011340","Taylors Lakes","Melbourne - West",2016,18455
"7073","213011340","Taylors Lakes","Melbourne - West",2017,18313
"7074","213011340","Taylors Lakes","Melbourne - West",2018,18175
"7075","213011340","Taylors Lakes","Melbourne - West",2019,17974
"7076","213011340","Taylors Lakes","Melbourne - West",2020,17614
"7077","213011340","Taylors Lakes","Melbourne - West",2021,17070
"7078","213011340","Taylors Lakes","Melbourne - West",2022,16771
"7079","213011340","Taylors Lakes","Melbourne - West",2023,16927
"7080","213011340","Taylors Lakes","Melbourne - West",2024,16999
"7081","213011569","Deer Park","Melbourne - West",2001,13303
"7082","213011569","Deer Park","Melbourne - West",2002,13029
"7083","213011569","Deer Park","Melbourne - West",2003,12824
"7084","213011569","Deer Park","Melbourne - West",2004,12743
"7085","213011569","Deer Park","Melbourne - West",2005,12607
"7086","213011569","Deer Park","Melbourne - West",2006,12516
"7087","213011569","Deer Park","Melbourne - West",2007,13081
"7088","213011569","Deer Park","Melbourne - West",2008,13859
"7089","213011569","Deer Park","Melbourne - West",2009,15130
"7090","213011569","Deer Park","Melbourne - West",2010,16118
"7091","213011569","Deer Park","Melbourne - West",2011,16893
"7092","213011569","Deer Park","Melbourne - West",2012,17434
"7093","213011569","Deer Park","Melbourne - West",2013,17903
"7094","213011569","Deer Park","Melbourne - West",2014,18211
"7095","213011569","Deer Park","Melbourne - West",2015,18523
"7096","213011569","Deer Park","Melbourne - West",2016,18850
"7097","213011569","Deer Park","Melbourne - West",2017,19066
"7098","213011569","Deer Park","Melbourne - West",2018,19291
"7099","213011569","Deer Park","Melbourne - West",2019,19238
"7100","213011569","Deer Park","Melbourne - West",2020,18976
"7101","213011569","Deer Park","Melbourne - West",2021,18219
"7102","213011569","Deer Park","Melbourne - West",2022,17990
"7103","213011569","Deer Park","Melbourne - West",2023,18201
"7104","213011569","Deer Park","Melbourne - West",2024,18447
"7105","213011570","Derrimut","Melbourne - West",2001,76
"7106","213011570","Derrimut","Melbourne - West",2002,149
"7107","213011570","Derrimut","Melbourne - West",2003,347
"7108","213011570","Derrimut","Melbourne - West",2004,591
"7109","213011570","Derrimut","Melbourne - West",2005,1037
"7110","213011570","Derrimut","Melbourne - West",2006,1556
"7111","213011570","Derrimut","Melbourne - West",2007,2366
"7112","213011570","Derrimut","Melbourne - West",2008,3192
"7113","213011570","Derrimut","Melbourne - West",2009,4303
"7114","213011570","Derrimut","Melbourne - West",2010,5272
"7115","213011570","Derrimut","Melbourne - West",2011,6243
"7116","213011570","Derrimut","Melbourne - West",2012,6837
"7117","213011570","Derrimut","Melbourne - West",2013,7441
"7118","213011570","Derrimut","Melbourne - West",2014,7946
"7119","213011570","Derrimut","Melbourne - West",2015,8223
"7120","213011570","Derrimut","Melbourne - West",2016,8686
"7121","213011570","Derrimut","Melbourne - West",2017,8962
"7122","213011570","Derrimut","Melbourne - West",2018,9037
"7123","213011570","Derrimut","Melbourne - West",2019,9114
"7124","213011570","Derrimut","Melbourne - West",2020,9015
"7125","213011570","Derrimut","Melbourne - West",2021,8748
"7126","213011570","Derrimut","Melbourne - West",2022,8726
"7127","213011570","Derrimut","Melbourne - West",2023,8851
"7128","213011570","Derrimut","Melbourne - West",2024,8913
"7129","213021341","Altona","Melbourne - West",2001,12221
"7130","213021341","Altona","Melbourne - West",2002,12120
"7131","213021341","Altona","Melbourne - West",2003,12045
"7132","213021341","Altona","Melbourne - West",2004,11919
"7133","213021341","Altona","Melbourne - West",2005,11864
"7134","213021341","Altona","Melbourne - West",2006,11857
"7135","213021341","Altona","Melbourne - West",2007,11915
"7136","213021341","Altona","Melbourne - West",2008,12041
"7137","213021341","Altona","Melbourne - West",2009,12152
"7138","213021341","Altona","Melbourne - West",2010,12213
"7139","213021341","Altona","Melbourne - West",2011,12260
"7140","213021341","Altona","Melbourne - West",2012,12361
"7141","213021341","Altona","Melbourne - West",2013,12544
"7142","213021341","Altona","Melbourne - West",2014,12757
"7143","213021341","Altona","Melbourne - West",2015,12979
"7144","213021341","Altona","Melbourne - West",2016,13206
"7145","213021341","Altona","Melbourne - West",2017,13443
"7146","213021341","Altona","Melbourne - West",2018,13657
"7147","213021341","Altona","Melbourne - West",2019,13861
"7148","213021341","Altona","Melbourne - West",2020,13878
"7149","213021341","Altona","Melbourne - West",2021,13655
"7150","213021341","Altona","Melbourne - West",2022,13728
"7151","213021341","Altona","Melbourne - West",2023,13900
"7152","213021341","Altona","Melbourne - West",2024,14232
"7153","213021342","Altona Meadows","Melbourne - West",2001,19168
"7154","213021342","Altona Meadows","Melbourne - West",2002,19342
"7155","213021342","Altona Meadows","Melbourne - West",2003,19476
"7156","213021342","Altona Meadows","Melbourne - West",2004,19283
"7157","213021342","Altona Meadows","Melbourne - West",2005,19379
"7158","213021342","Altona Meadows","Melbourne - West",2006,19411
"7159","213021342","Altona Meadows","Melbourne - West",2007,19707
"7160","213021342","Altona Meadows","Melbourne - West",2008,19746
"7161","213021342","Altona Meadows","Melbourne - West",2009,19895
"7162","213021342","Altona Meadows","Melbourne - West",2010,19780
"7163","213021342","Altona Meadows","Melbourne - West",2011,19565
"7164","213021342","Altona Meadows","Melbourne - West",2012,19573
"7165","213021342","Altona Meadows","Melbourne - West",2013,19617
"7166","213021342","Altona Meadows","Melbourne - West",2014,19690
"7167","213021342","Altona Meadows","Melbourne - West",2015,19818
"7168","213021342","Altona Meadows","Melbourne - West",2016,20106
"7169","213021342","Altona Meadows","Melbourne - West",2017,20164
"7170","213021342","Altona Meadows","Melbourne - West",2018,20101
"7171","213021342","Altona Meadows","Melbourne - West",2019,20031
"7172","213021342","Altona Meadows","Melbourne - West",2020,19500
"7173","213021342","Altona Meadows","Melbourne - West",2021,18660
"7174","213021342","Altona Meadows","Melbourne - West",2022,18360
"7175","213021342","Altona Meadows","Melbourne - West",2023,18645
"7176","213021342","Altona Meadows","Melbourne - West",2024,18793
"7177","213021343","Altona North","Melbourne - West",2001,13206
"7178","213021343","Altona North","Melbourne - West",2002,13121
"7179","213021343","Altona North","Melbourne - West",2003,12995
"7180","213021343","Altona North","Melbourne - West",2004,12906
"7181","213021343","Altona North","Melbourne - West",2005,12869
"7182","213021343","Altona North","Melbourne - West",2006,12844
"7183","213021343","Altona North","Melbourne - West",2007,12877
"7184","213021343","Altona North","Melbourne - West",2008,12974
"7185","213021343","Altona North","Melbourne - West",2009,13150
"7186","213021343","Altona North","Melbourne - West",2010,13366
"7187","213021343","Altona North","Melbourne - West",2011,13558
"7188","213021343","Altona North","Melbourne - West",2012,13786
"7189","213021343","Altona North","Melbourne - West",2013,14003
"7190","213021343","Altona North","Melbourne - West",2014,14271
"7191","213021343","Altona North","Melbourne - West",2015,14519
"7192","213021343","Altona North","Melbourne - West",2016,14787
"7193","213021343","Altona North","Melbourne - West",2017,14999
"7194","213021343","Altona North","Melbourne - West",2018,15185
"7195","213021343","Altona North","Melbourne - West",2019,15400
"7196","213021343","Altona North","Melbourne - West",2020,15396
"7197","213021343","Altona North","Melbourne - West",2021,15084
"7198","213021343","Altona North","Melbourne - West",2022,15071
"7199","213021343","Altona North","Melbourne - West",2023,15386
"7200","213021343","Altona North","Melbourne - West",2024,15914
"7201","213021344","Newport","Melbourne - West",2001,14723
"7202","213021344","Newport","Melbourne - West",2002,14823
"7203","213021344","Newport","Melbourne - West",2003,14921
"7204","213021344","Newport","Melbourne - West",2004,14984
"7205","213021344","Newport","Melbourne - West",2005,15186
"7206","213021344","Newport","Melbourne - West",2006,15474
"7207","213021344","Newport","Melbourne - West",2007,15864
"7208","213021344","Newport","Melbourne - West",2008,16182
"7209","213021344","Newport","Melbourne - West",2009,16493
"7210","213021344","Newport","Melbourne - West",2010,16670
"7211","213021344","Newport","Melbourne - West",2011,16798
"7212","213021344","Newport","Melbourne - West",2012,17106
"7213","213021344","Newport","Melbourne - West",2013,17399
"7214","213021344","Newport","Melbourne - West",2014,17756
"7215","213021344","Newport","Melbourne - West",2015,18134
"7216","213021344","Newport","Melbourne - West",2016,18523
"7217","213021344","Newport","Melbourne - West",2017,18726
"7218","213021344","Newport","Melbourne - West",2018,18975
"7219","213021344","Newport","Melbourne - West",2019,19261
"7220","213021344","Newport","Melbourne - West",2020,19414
"7221","213021344","Newport","Melbourne - West",2021,18983
"7222","213021344","Newport","Melbourne - West",2022,18961
"7223","213021344","Newport","Melbourne - West",2023,19488
"7224","213021344","Newport","Melbourne - West",2024,19943
"7225","213021345","Seabrook","Melbourne - West",2001,4900
"7226","213021345","Seabrook","Melbourne - West",2002,5006
"7227","213021345","Seabrook","Melbourne - West",2003,5057
"7228","213021345","Seabrook","Melbourne - West",2004,5091
"7229","213021345","Seabrook","Melbourne - West",2005,5124
"7230","213021345","Seabrook","Melbourne - West",2006,5156
"7231","213021345","Seabrook","Melbourne - West",2007,5175
"7232","213021345","Seabrook","Melbourne - West",2008,5192
"7233","213021345","Seabrook","Melbourne - West",2009,5201
"7234","213021345","Seabrook","Melbourne - West",2010,5218
"7235","213021345","Seabrook","Melbourne - West",2011,5219
"7236","213021345","Seabrook","Melbourne - West",2012,5232
"7237","213021345","Seabrook","Melbourne - West",2013,5265
"7238","213021345","Seabrook","Melbourne - West",2014,5305
"7239","213021345","Seabrook","Melbourne - West",2015,5352
"7240","213021345","Seabrook","Melbourne - West",2016,5408
"7241","213021345","Seabrook","Melbourne - West",2017,5417
"7242","213021345","Seabrook","Melbourne - West",2018,5397
"7243","213021345","Seabrook","Melbourne - West",2019,5368
"7244","213021345","Seabrook","Melbourne - West",2020,5250
"7245","213021345","Seabrook","Melbourne - West",2021,4999
"7246","213021345","Seabrook","Melbourne - West",2022,4867
"7247","213021345","Seabrook","Melbourne - West",2023,4925
"7248","213021345","Seabrook","Melbourne - West",2024,4963
"7249","213021346","Williamstown","Melbourne - West",2001,14056
"7250","213021346","Williamstown","Melbourne - West",2002,14275
"7251","213021346","Williamstown","Melbourne - West",2003,14363
"7252","213021346","Williamstown","Melbourne - West",2004,14449
"7253","213021346","Williamstown","Melbourne - West",2005,14550
"7254","213021346","Williamstown","Melbourne - West",2006,14751
"7255","213021346","Williamstown","Melbourne - West",2007,14950
"7256","213021346","Williamstown","Melbourne - West",2008,15119
"7257","213021346","Williamstown","Melbourne - West",2009,15400
"7258","213021346","Williamstown","Melbourne - West",2010,15393
"7259","213021346","Williamstown","Melbourne - West",2011,15354
"7260","213021346","Williamstown","Melbourne - West",2012,15470
"7261","213021346","Williamstown","Melbourne - West",2013,15578
"7262","213021346","Williamstown","Melbourne - West",2014,15781
"7263","213021346","Williamstown","Melbourne - West",2015,16006
"7264","213021346","Williamstown","Melbourne - West",2016,16389
"7265","213021346","Williamstown","Melbourne - West",2017,16501
"7266","213021346","Williamstown","Melbourne - West",2018,16655
"7267","213021346","Williamstown","Melbourne - West",2019,16795
"7268","213021346","Williamstown","Melbourne - West",2020,16659
"7269","213021346","Williamstown","Melbourne - West",2021,16075
"7270","213021346","Williamstown","Melbourne - West",2022,16179
"7271","213021346","Williamstown","Melbourne - West",2023,16590
"7272","213021346","Williamstown","Melbourne - West",2024,16920
"7273","213031347","Braybrook","Melbourne - West",2001,12851
"7274","213031347","Braybrook","Melbourne - West",2002,12995
"7275","213031347","Braybrook","Melbourne - West",2003,13028
"7276","213031347","Braybrook","Melbourne - West",2004,13039
"7277","213031347","Braybrook","Melbourne - West",2005,13184
"7278","213031347","Braybrook","Melbourne - West",2006,13482
"7279","213031347","Braybrook","Melbourne - West",2007,14178
"7280","213031347","Braybrook","Melbourne - West",2008,14881
"7281","213031347","Braybrook","Melbourne - West",2009,15633
"7282","213031347","Braybrook","Melbourne - West",2010,16343
"7283","213031347","Braybrook","Melbourne - West",2011,16719
"7284","213031347","Braybrook","Melbourne - West",2012,17177
"7285","213031347","Braybrook","Melbourne - West",2013,17708
"7286","213031347","Braybrook","Melbourne - West",2014,18296
"7287","213031347","Braybrook","Melbourne - West",2015,18759
"7288","213031347","Braybrook","Melbourne - West",2016,19224
"7289","213031347","Braybrook","Melbourne - West",2017,19557
"7290","213031347","Braybrook","Melbourne - West",2018,19700
"7291","213031347","Braybrook","Melbourne - West",2019,19811
"7292","213031347","Braybrook","Melbourne - West",2020,19901
"7293","213031347","Braybrook","Melbourne - West",2021,19359
"7294","213031347","Braybrook","Melbourne - West",2022,19541
"7295","213031347","Braybrook","Melbourne - West",2023,20213
"7296","213031347","Braybrook","Melbourne - West",2024,20699
"7297","213031348","Footscray","Melbourne - West",2001,11564
"7298","213031348","Footscray","Melbourne - West",2002,11562
"7299","213031348","Footscray","Melbourne - West",2003,11615
"7300","213031348","Footscray","Melbourne - West",2004,11619
"7301","213031348","Footscray","Melbourne - West",2005,11731
"7302","213031348","Footscray","Melbourne - West",2006,11828
"7303","213031348","Footscray","Melbourne - West",2007,12085
"7304","213031348","Footscray","Melbourne - West",2008,12462
"7305","213031348","Footscray","Melbourne - West",2009,12815
"7306","213031348","Footscray","Melbourne - West",2010,13214
"7307","213031348","Footscray","Melbourne - West",2011,14025
"7308","213031348","Footscray","Melbourne - West",2012,14397
"7309","213031348","Footscray","Melbourne - West",2013,15280
"7310","213031348","Footscray","Melbourne - West",2014,16127
"7311","213031348","Footscray","Melbourne - West",2015,16762
"7312","213031348","Footscray","Melbourne - West",2016,17343
"7313","213031348","Footscray","Melbourne - West",2017,17673
"7314","213031348","Footscray","Melbourne - West",2018,17905
"7315","213031348","Footscray","Melbourne - West",2019,18054
"7316","213031348","Footscray","Melbourne - West",2020,18092
"7317","213031348","Footscray","Melbourne - West",2021,17419
"7318","213031348","Footscray","Melbourne - West",2022,18127
"7319","213031348","Footscray","Melbourne - West",2023,19963
"7320","213031348","Footscray","Melbourne - West",2024,20756
"7321","213031349","Maribyrnong","Melbourne - West",2001,5972
"7322","213031349","Maribyrnong","Melbourne - West",2002,6571
"7323","213031349","Maribyrnong","Melbourne - West",2003,7244
"7324","213031349","Maribyrnong","Melbourne - West",2004,7624
"7325","213031349","Maribyrnong","Melbourne - West",2005,8026
"7326","213031349","Maribyrnong","Melbourne - West",2006,8550
"7327","213031349","Maribyrnong","Melbourne - West",2007,9204
"7328","213031349","Maribyrnong","Melbourne - West",2008,9736
"7329","213031349","Maribyrnong","Melbourne - West",2009,10125
"7330","213031349","Maribyrnong","Melbourne - West",2010,10510
"7331","213031349","Maribyrnong","Melbourne - West",2011,10671
"7332","213031349","Maribyrnong","Melbourne - West",2012,11186
"7333","213031349","Maribyrnong","Melbourne - West",2013,11692
"7334","213031349","Maribyrnong","Melbourne - West",2014,12118
"7335","213031349","Maribyrnong","Melbourne - West",2015,12562
"7336","213031349","Maribyrnong","Melbourne - West",2016,12950
"7337","213031349","Maribyrnong","Melbourne - West",2017,13161
"7338","213031349","Maribyrnong","Melbourne - West",2018,13204
"7339","213031349","Maribyrnong","Melbourne - West",2019,13241
"7340","213031349","Maribyrnong","Melbourne - West",2020,13263
"7341","213031349","Maribyrnong","Melbourne - West",2021,12712
"7342","213031349","Maribyrnong","Melbourne - West",2022,12906
"7343","213031349","Maribyrnong","Melbourne - West",2023,13410
"7344","213031349","Maribyrnong","Melbourne - West",2024,13818
"7345","213031350","Seddon - Kingsville","Melbourne - West",2001,8081
"7346","213031350","Seddon - Kingsville","Melbourne - West",2002,8079
"7347","213031350","Seddon - Kingsville","Melbourne - West",2003,8118
"7348","213031350","Seddon - Kingsville","Melbourne - West",2004,8153
"7349","213031350","Seddon - Kingsville","Melbourne - West",2005,8202
"7350","213031350","Seddon - Kingsville","Melbourne - West",2006,8301
"7351","213031350","Seddon - Kingsville","Melbourne - West",2007,8356
"7352","213031350","Seddon - Kingsville","Melbourne - West",2008,8465
"7353","213031350","Seddon - Kingsville","Melbourne - West",2009,8569
"7354","213031350","Seddon - Kingsville","Melbourne - West",2010,8618
"7355","213031350","Seddon - Kingsville","Melbourne - West",2011,8701
"7356","213031350","Seddon - Kingsville","Melbourne - West",2012,8897
"7357","213031350","Seddon - Kingsville","Melbourne - West",2013,9091
"7358","213031350","Seddon - Kingsville","Melbourne - West",2014,9321
"7359","213031350","Seddon - Kingsville","Melbourne - West",2015,9521
"7360","213031350","Seddon - Kingsville","Melbourne - West",2016,9711
"7361","213031350","Seddon - Kingsville","Melbourne - West",2017,9777
"7362","213031350","Seddon - Kingsville","Melbourne - West",2018,9813
"7363","213031350","Seddon - Kingsville","Melbourne - West",2019,9815
"7364","213031350","Seddon - Kingsville","Melbourne - West",2020,9724
"7365","213031350","Seddon - Kingsville","Melbourne - West",2021,9363
"7366","213031350","Seddon - Kingsville","Melbourne - West",2022,9374
"7367","213031350","Seddon - Kingsville","Melbourne - West",2023,9577
"7368","213031350","Seddon - Kingsville","Melbourne - West",2024,9782
"7369","213031351","West Footscray - Tottenham","Melbourne - West",2001,9807
"7370","213031351","West Footscray - Tottenham","Melbourne - West",2002,9801
"7371","213031351","West Footscray - Tottenham","Melbourne - West",2003,9825
"7372","213031351","West Footscray - Tottenham","Melbourne - West",2004,9879
"7373","213031351","West Footscray - Tottenham","Melbourne - West",2005,9988
"7374","213031351","West Footscray - Tottenham","Melbourne - West",2006,10152
"7375","213031351","West Footscray - Tottenham","Melbourne - West",2007,10307
"7376","213031351","West Footscray - Tottenham","Melbourne - West",2008,10543
"7377","213031351","West Footscray - Tottenham","Melbourne - West",2009,10700
"7378","213031351","West Footscray - Tottenham","Melbourne - West",2010,10743
"7379","213031351","West Footscray - Tottenham","Melbourne - West",2011,10713
"7380","213031351","West Footscray - Tottenham","Melbourne - West",2012,10966
"7381","213031351","West Footscray - Tottenham","Melbourne - West",2013,11220
"7382","213031351","West Footscray - Tottenham","Melbourne - West",2014,11527
"7383","213031351","West Footscray - Tottenham","Melbourne - West",2015,11849
"7384","213031351","West Footscray - Tottenham","Melbourne - West",2016,12058
"7385","213031351","West Footscray - Tottenham","Melbourne - West",2017,12148
"7386","213031351","West Footscray - Tottenham","Melbourne - West",2018,12258
"7387","213031351","West Footscray - Tottenham","Melbourne - West",2019,12447
"7388","213031351","West Footscray - Tottenham","Melbourne - West",2020,12370
"7389","213031351","West Footscray - Tottenham","Melbourne - West",2021,11881
"7390","213031351","West Footscray - Tottenham","Melbourne - West",2022,11996
"7391","213031351","West Footscray - Tottenham","Melbourne - West",2023,12592
"7392","213031351","West Footscray - Tottenham","Melbourne - West",2024,12953
"7393","213031352","Yarraville","Melbourne - West",2001,12573
"7394","213031352","Yarraville","Melbourne - West",2002,12549
"7395","213031352","Yarraville","Melbourne - West",2003,12686
"7396","213031352","Yarraville","Melbourne - West",2004,12854
"7397","213031352","Yarraville","Melbourne - West",2005,13006
"7398","213031352","Yarraville","Melbourne - West",2006,13205
"7399","213031352","Yarraville","Melbourne - West",2007,13536
"7400","213031352","Yarraville","Melbourne - West",2008,13815
"7401","213031352","Yarraville","Melbourne - West",2009,14030
"7402","213031352","Yarraville","Melbourne - West",2010,14185
"7403","213031352","Yarraville","Melbourne - West",2011,14325
"7404","213031352","Yarraville","Melbourne - West",2012,14556
"7405","213031352","Yarraville","Melbourne - West",2013,14791
"7406","213031352","Yarraville","Melbourne - West",2014,15074
"7407","213031352","Yarraville","Melbourne - West",2015,15330
"7408","213031352","Yarraville","Melbourne - West",2016,15656
"7409","213031352","Yarraville","Melbourne - West",2017,15804
"7410","213031352","Yarraville","Melbourne - West",2018,15991
"7411","213031352","Yarraville","Melbourne - West",2019,16092
"7412","213031352","Yarraville","Melbourne - West",2020,16068
"7413","213031352","Yarraville","Melbourne - West",2021,15651
"7414","213031352","Yarraville","Melbourne - West",2022,15661
"7415","213031352","Yarraville","Melbourne - West",2023,16021
"7416","213031352","Yarraville","Melbourne - West",2024,16243
"7417","213041353","Bacchus Marsh","Melbourne - West",2001,14540
"7418","213041353","Bacchus Marsh","Melbourne - West",2002,14644
"7419","213041353","Bacchus Marsh","Melbourne - West",2003,14880
"7420","213041353","Bacchus Marsh","Melbourne - West",2004,15015
"7421","213041353","Bacchus Marsh","Melbourne - West",2005,15345
"7422","213041353","Bacchus Marsh","Melbourne - West",2006,15595
"7423","213041353","Bacchus Marsh","Melbourne - West",2007,15844
"7424","213041353","Bacchus Marsh","Melbourne - West",2008,16124
"7425","213041353","Bacchus Marsh","Melbourne - West",2009,16584
"7426","213041353","Bacchus Marsh","Melbourne - West",2010,17006
"7427","213041353","Bacchus Marsh","Melbourne - West",2011,17488
"7428","213041353","Bacchus Marsh","Melbourne - West",2012,18119
"7429","213041353","Bacchus Marsh","Melbourne - West",2013,19048
"7430","213041353","Bacchus Marsh","Melbourne - West",2014,19632
"7431","213041353","Bacchus Marsh","Melbourne - West",2015,20207
"7432","213041353","Bacchus Marsh","Melbourne - West",2016,20989
"7433","213041353","Bacchus Marsh","Melbourne - West",2017,21776
"7434","213041353","Bacchus Marsh","Melbourne - West",2018,22493
"7435","213041353","Bacchus Marsh","Melbourne - West",2019,23360
"7436","213041353","Bacchus Marsh","Melbourne - West",2020,24263
"7437","213041353","Bacchus Marsh","Melbourne - West",2021,25057
"7438","213041353","Bacchus Marsh","Melbourne - West",2022,25628
"7439","213041353","Bacchus Marsh","Melbourne - West",2023,26050
"7440","213041353","Bacchus Marsh","Melbourne - West",2024,26576
"7441","213041358","Melton West","Melbourne - West",2001,8178
"7442","213041358","Melton West","Melbourne - West",2002,8418
"7443","213041358","Melton West","Melbourne - West",2003,8769
"7444","213041358","Melton West","Melbourne - West",2004,9075
"7445","213041358","Melton West","Melbourne - West",2005,9683
"7446","213041358","Melton West","Melbourne - West",2006,10565
"7447","213041358","Melton West","Melbourne - West",2007,11358
"7448","213041358","Melton West","Melbourne - West",2008,12132
"7449","213041358","Melton West","Melbourne - West",2009,12987
"7450","213041358","Melton West","Melbourne - West",2010,13764
"7451","213041358","Melton West","Melbourne - West",2011,14514
"7452","213041358","Melton West","Melbourne - West",2012,15335
"7453","213041358","Melton West","Melbourne - West",2013,16051
"7454","213041358","Melton West","Melbourne - West",2014,16713
"7455","213041358","Melton West","Melbourne - West",2015,17387
"7456","213041358","Melton West","Melbourne - West",2016,18157
"7457","213041358","Melton West","Melbourne - West",2017,19045
"7458","213041358","Melton West","Melbourne - West",2018,20034
"7459","213041358","Melton West","Melbourne - West",2019,20993
"7460","213041358","Melton West","Melbourne - West",2020,21432
"7461","213041358","Melton West","Melbourne - West",2021,21505
"7462","213041358","Melton West","Melbourne - West",2022,21849
"7463","213041358","Melton West","Melbourne - West",2023,22250
"7464","213041358","Melton West","Melbourne - West",2024,22691
"7465","213041359","Rockbank - Mount Cottrell","Melbourne - West",2001,1760
"7466","213041359","Rockbank - Mount Cottrell","Melbourne - West",2002,1843
"7467","213041359","Rockbank - Mount Cottrell","Melbourne - West",2003,1929
"7468","213041359","Rockbank - Mount Cottrell","Melbourne - West",2004,2048
"7469","213041359","Rockbank - Mount Cottrell","Melbourne - West",2005,2245
"7470","213041359","Rockbank - Mount Cottrell","Melbourne - West",2006,2386
"7471","213041359","Rockbank - Mount Cottrell","Melbourne - West",2007,2446
"7472","213041359","Rockbank - Mount Cottrell","Melbourne - West",2008,2489
"7473","213041359","Rockbank - Mount Cottrell","Melbourne - West",2009,2572
"7474","213041359","Rockbank - Mount Cottrell","Melbourne - West",2010,2673
"7475","213041359","Rockbank - Mount Cottrell","Melbourne - West",2011,2772
"7476","213041359","Rockbank - Mount Cottrell","Melbourne - West",2012,2791
"7477","213041359","Rockbank - Mount Cottrell","Melbourne - West",2013,2842
"7478","213041359","Rockbank - Mount Cottrell","Melbourne - West",2014,2957
"7479","213041359","Rockbank - Mount Cottrell","Melbourne - West",2015,3044
"7480","213041359","Rockbank - Mount Cottrell","Melbourne - West",2016,3148
"7481","213041359","Rockbank - Mount Cottrell","Melbourne - West",2017,4746
"7482","213041359","Rockbank - Mount Cottrell","Melbourne - West",2018,7572
"7483","213041359","Rockbank - Mount Cottrell","Melbourne - West",2019,10344
"7484","213041359","Rockbank - Mount Cottrell","Melbourne - West",2020,13341
"7485","213041359","Rockbank - Mount Cottrell","Melbourne - West",2021,17900
"7486","213041359","Rockbank - Mount Cottrell","Melbourne - West",2022,22960
"7487","213041359","Rockbank - Mount Cottrell","Melbourne - West",2023,27244
"7488","213041359","Rockbank - Mount Cottrell","Melbourne - West",2024,31389
"7489","213041360","Taylors Hill","Melbourne - West",2001,605
"7490","213041360","Taylors Hill","Melbourne - West",2002,1360
"7491","213041360","Taylors Hill","Melbourne - West",2003,2648
"7492","213041360","Taylors Hill","Melbourne - West",2004,4071
"7493","213041360","Taylors Hill","Melbourne - West",2005,6073
"7494","213041360","Taylors Hill","Melbourne - West",2006,8253
"7495","213041360","Taylors Hill","Melbourne - West",2007,10309
"7496","213041360","Taylors Hill","Melbourne - West",2008,12082
"7497","213041360","Taylors Hill","Melbourne - West",2009,13753
"7498","213041360","Taylors Hill","Melbourne - West",2010,15210
"7499","213041360","Taylors Hill","Melbourne - West",2011,16011
"7500","213041360","Taylors Hill","Melbourne - West",2012,16991
"7501","213041360","Taylors Hill","Melbourne - West",2013,17930
"7502","213041360","Taylors Hill","Melbourne - West",2014,18685
"7503","213041360","Taylors Hill","Melbourne - West",2015,19486
"7504","213041360","Taylors Hill","Melbourne - West",2016,20218
"7505","213041360","Taylors Hill","Melbourne - West",2017,20443
"7506","213041360","Taylors Hill","Melbourne - West",2018,20453
"7507","213041360","Taylors Hill","Melbourne - West",2019,20444
"7508","213041360","Taylors Hill","Melbourne - West",2020,20288
"7509","213041360","Taylors Hill","Melbourne - West",2021,19794
"7510","213041360","Taylors Hill","Melbourne - West",2022,19884
"7511","213041360","Taylors Hill","Melbourne - West",2023,19892
"7512","213041360","Taylors Hill","Melbourne - West",2024,19856
"7513","213041461","Burnside","Melbourne - West",2001,2225
"7514","213041461","Burnside","Melbourne - West",2002,2738
"7515","213041461","Burnside","Melbourne - West",2003,3305
"7516","213041461","Burnside","Melbourne - West",2004,3820
"7517","213041461","Burnside","Melbourne - West",2005,4128
"7518","213041461","Burnside","Melbourne - West",2006,4364
"7519","213041461","Burnside","Melbourne - West",2007,4412
"7520","213041461","Burnside","Melbourne - West",2008,4442
"7521","213041461","Burnside","Melbourne - West",2009,4468
"7522","213041461","Burnside","Melbourne - West",2010,4474
"7523","213041461","Burnside","Melbourne - West",2011,4494
"7524","213041461","Burnside","Melbourne - West",2012,4564
"7525","213041461","Burnside","Melbourne - West",2013,4618
"7526","213041461","Burnside","Melbourne - West",2014,4705
"7527","213041461","Burnside","Melbourne - West",2015,4812
"7528","213041461","Burnside","Melbourne - West",2016,4943
"7529","213041461","Burnside","Melbourne - West",2017,5178
"7530","213041461","Burnside","Melbourne - West",2018,5400
"7531","213041461","Burnside","Melbourne - West",2019,5549
"7532","213041461","Burnside","Melbourne - West",2020,5743
"7533","213041461","Burnside","Melbourne - West",2021,5857
"7534","213041461","Burnside","Melbourne - West",2022,6017
"7535","213041461","Burnside","Melbourne - West",2023,6224
"7536","213041461","Burnside","Melbourne - West",2024,6449
"7537","213041462","Burnside Heights","Melbourne - West",2001,18
"7538","213041462","Burnside Heights","Melbourne - West",2002,20
"7539","213041462","Burnside Heights","Melbourne - West",2003,32
"7540","213041462","Burnside Heights","Melbourne - West",2004,66
"7541","213041462","Burnside Heights","Melbourne - West",2005,194
"7542","213041462","Burnside Heights","Melbourne - West",2006,359
"7543","213041462","Burnside Heights","Melbourne - West",2007,1276
"7544","213041462","Burnside Heights","Melbourne - West",2008,2409
"7545","213041462","Burnside Heights","Melbourne - West",2009,3651
"7546","213041462","Burnside Heights","Melbourne - West",2010,4596
"7547","213041462","Burnside Heights","Melbourne - West",2011,5179
"7548","213041462","Burnside Heights","Melbourne - West",2012,5545
"7549","213041462","Burnside Heights","Melbourne - West",2013,5849
"7550","213041462","Burnside Heights","Melbourne - West",2014,6088
"7551","213041462","Burnside Heights","Melbourne - West",2015,6265
"7552","213041462","Burnside Heights","Melbourne - West",2016,6431
"7553","213041462","Burnside Heights","Melbourne - West",2017,6546
"7554","213041462","Burnside Heights","Melbourne - West",2018,6658
"7555","213041462","Burnside Heights","Melbourne - West",2019,6741
"7556","213041462","Burnside Heights","Melbourne - West",2020,6628
"7557","213041462","Burnside Heights","Melbourne - West",2021,6440
"7558","213041462","Burnside Heights","Melbourne - West",2022,6356
"7559","213041462","Burnside Heights","Melbourne - West",2023,6500
"7560","213041462","Burnside Heights","Melbourne - West",2024,6499
"7561","213041463","Caroline Springs","Melbourne - West",2001,3136
"7562","213041463","Caroline Springs","Melbourne - West",2002,4813
"7563","213041463","Caroline Springs","Melbourne - West",2003,6616
"7564","213041463","Caroline Springs","Melbourne - West",2004,8265
"7565","213041463","Caroline Springs","Melbourne - West",2005,9746
"7566","213041463","Caroline Springs","Melbourne - West",2006,11270
"7567","213041463","Caroline Springs","Melbourne - West",2007,12248
"7568","213041463","Caroline Springs","Melbourne - West",2008,13156
"7569","213041463","Caroline Springs","Melbourne - West",2009,14300
"7570","213041463","Caroline Springs","Melbourne - West",2010,15981
"7571","213041463","Caroline Springs","Melbourne - West",2011,17310
"7572","213041463","Caroline Springs","Melbourne - West",2012,18299
"7573","213041463","Caroline Springs","Melbourne - West",2013,19290
"7574","213041463","Caroline Springs","Melbourne - West",2014,19925
"7575","213041463","Caroline Springs","Melbourne - West",2015,20377
"7576","213041463","Caroline Springs","Melbourne - West",2016,20968
"7577","213041463","Caroline Springs","Melbourne - West",2017,21299
"7578","213041463","Caroline Springs","Melbourne - West",2018,21404
"7579","213041463","Caroline Springs","Melbourne - West",2019,21352
"7580","213041463","Caroline Springs","Melbourne - West",2020,21238
"7581","213041463","Caroline Springs","Melbourne - West",2021,20634
"7582","213041463","Caroline Springs","Melbourne - West",2022,20698
"7583","213041463","Caroline Springs","Melbourne - West",2023,20942
"7584","213041463","Caroline Springs","Melbourne - West",2024,21022
"7585","213041571","Brookfield","Melbourne - West",2001,2511
"7586","213041571","Brookfield","Melbourne - West",2002,2655
"7587","213041571","Brookfield","Melbourne - West",2003,2755
"7588","213041571","Brookfield","Melbourne - West",2004,2887
"7589","213041571","Brookfield","Melbourne - West",2005,3084
"7590","213041571","Brookfield","Melbourne - West",2006,3283
"7591","213041571","Brookfield","Melbourne - West",2007,3650
"7592","213041571","Brookfield","Melbourne - West",2008,4268
"7593","213041571","Brookfield","Melbourne - West",2009,4987
"7594","213041571","Brookfield","Melbourne - West",2010,5601
"7595","213041571","Brookfield","Melbourne - West",2011,6190
"7596","213041571","Brookfield","Melbourne - West",2012,6959
"7597","213041571","Brookfield","Melbourne - West",2013,7606
"7598","213041571","Brookfield","Melbourne - West",2014,8120
"7599","213041571","Brookfield","Melbourne - West",2015,8648
"7600","213041571","Brookfield","Melbourne - West",2016,9153
"7601","213041571","Brookfield","Melbourne - West",2017,9505
"7602","213041571","Brookfield","Melbourne - West",2018,9691
"7603","213041571","Brookfield","Melbourne - West",2019,9787
"7604","213041571","Brookfield","Melbourne - West",2020,9901
"7605","213041571","Brookfield","Melbourne - West",2021,9948
"7606","213041571","Brookfield","Melbourne - West",2022,9976
"7607","213041571","Brookfield","Melbourne - West",2023,10165
"7608","213041571","Brookfield","Melbourne - West",2024,10408
"7609","213041572","Cobblebank - Strathtulloh","Melbourne - West",2001,87
"7610","213041572","Cobblebank - Strathtulloh","Melbourne - West",2002,92
"7611","213041572","Cobblebank - Strathtulloh","Melbourne - West",2003,100
"7612","213041572","Cobblebank - Strathtulloh","Melbourne - West",2004,103
"7613","213041572","Cobblebank - Strathtulloh","Melbourne - West",2005,108
"7614","213041572","Cobblebank - Strathtulloh","Melbourne - West",2006,108
"7615","213041572","Cobblebank - Strathtulloh","Melbourne - West",2007,93
"7616","213041572","Cobblebank - Strathtulloh","Melbourne - West",2008,88
"7617","213041572","Cobblebank - Strathtulloh","Melbourne - West",2009,158
"7618","213041572","Cobblebank - Strathtulloh","Melbourne - West",2010,192
"7619","213041572","Cobblebank - Strathtulloh","Melbourne - West",2011,208
"7620","213041572","Cobblebank - Strathtulloh","Melbourne - West",2012,274
"7621","213041572","Cobblebank - Strathtulloh","Melbourne - West",2013,365
"7622","213041572","Cobblebank - Strathtulloh","Melbourne - West",2014,460
"7623","213041572","Cobblebank - Strathtulloh","Melbourne - West",2015,592
"7624","213041572","Cobblebank - Strathtulloh","Melbourne - West",2016,994
"7625","213041572","Cobblebank - Strathtulloh","Melbourne - West",2017,1756
"7626","213041572","Cobblebank - Strathtulloh","Melbourne - West",2018,2763
"7627","213041572","Cobblebank - Strathtulloh","Melbourne - West",2019,4343
"7628","213041572","Cobblebank - Strathtulloh","Melbourne - West",2020,6158
"7629","213041572","Cobblebank - Strathtulloh","Melbourne - West",2021,7715
"7630","213041572","Cobblebank - Strathtulloh","Melbourne - West",2022,8876
"7631","213041572","Cobblebank - Strathtulloh","Melbourne - West",2023,10242
"7632","213041572","Cobblebank - Strathtulloh","Melbourne - West",2024,11760
"7633","213041573","Eynesbury - Exford","Melbourne - West",2001,81
"7634","213041573","Eynesbury - Exford","Melbourne - West",2002,87
"7635","213041573","Eynesbury - Exford","Melbourne - West",2003,93
"7636","213041573","Eynesbury - Exford","Melbourne - West",2004,96
"7637","213041573","Eynesbury - Exford","Melbourne - West",2005,101
"7638","213041573","Eynesbury - Exford","Melbourne - West",2006,102
"7639","213041573","Eynesbury - Exford","Melbourne - West",2007,90
"7640","213041573","Eynesbury - Exford","Melbourne - West",2008,118
"7641","213041573","Eynesbury - Exford","Melbourne - West",2009,229
"7642","213041573","Eynesbury - Exford","Melbourne - West",2010,501
"7643","213041573","Eynesbury - Exford","Melbourne - West",2011,786
"7644","213041573","Eynesbury - Exford","Melbourne - West",2012,1198
"7645","213041573","Eynesbury - Exford","Melbourne - West",2013,1594
"7646","213041573","Eynesbury - Exford","Melbourne - West",2014,1987
"7647","213041573","Eynesbury - Exford","Melbourne - West",2015,2443
"7648","213041573","Eynesbury - Exford","Melbourne - West",2016,2799
"7649","213041573","Eynesbury - Exford","Melbourne - West",2017,2948
"7650","213041573","Eynesbury - Exford","Melbourne - West",2018,2999
"7651","213041573","Eynesbury - Exford","Melbourne - West",2019,2995
"7652","213041573","Eynesbury - Exford","Melbourne - West",2020,3020
"7653","213041573","Eynesbury - Exford","Melbourne - West",2021,3026
"7654","213041573","Eynesbury - Exford","Melbourne - West",2022,3132
"7655","213041573","Eynesbury - Exford","Melbourne - West",2023,3426
"7656","213041573","Eynesbury - Exford","Melbourne - West",2024,3933
"7657","213041574","Fraser Rise - Plumpton","Melbourne - West",2001,264
"7658","213041574","Fraser Rise - Plumpton","Melbourne - West",2002,287
"7659","213041574","Fraser Rise - Plumpton","Melbourne - West",2003,300
"7660","213041574","Fraser Rise - Plumpton","Melbourne - West",2004,317
"7661","213041574","Fraser Rise - Plumpton","Melbourne - West",2005,364
"7662","213041574","Fraser Rise - Plumpton","Melbourne - West",2006,408
"7663","213041574","Fraser Rise - Plumpton","Melbourne - West",2007,402
"7664","213041574","Fraser Rise - Plumpton","Melbourne - West",2008,418
"7665","213041574","Fraser Rise - Plumpton","Melbourne - West",2009,432
"7666","213041574","Fraser Rise - Plumpton","Melbourne - West",2010,433
"7667","213041574","Fraser Rise - Plumpton","Melbourne - West",2011,435
"7668","213041574","Fraser Rise - Plumpton","Melbourne - West",2012,488
"7669","213041574","Fraser Rise - Plumpton","Melbourne - West",2013,997
"7670","213041574","Fraser Rise - Plumpton","Melbourne - West",2014,1867
"7671","213041574","Fraser Rise - Plumpton","Melbourne - West",2015,3098
"7672","213041574","Fraser Rise - Plumpton","Melbourne - West",2016,4560
"7673","213041574","Fraser Rise - Plumpton","Melbourne - West",2017,5799
"7674","213041574","Fraser Rise - Plumpton","Melbourne - West",2018,7015
"7675","213041574","Fraser Rise - Plumpton","Melbourne - West",2019,8001
"7676","213041574","Fraser Rise - Plumpton","Melbourne - West",2020,8767
"7677","213041574","Fraser Rise - Plumpton","Melbourne - West",2021,10239
"7678","213041574","Fraser Rise - Plumpton","Melbourne - West",2022,12991
"7679","213041574","Fraser Rise - Plumpton","Melbourne - West",2023,16414
"7680","213041574","Fraser Rise - Plumpton","Melbourne - West",2024,20730
"7681","213041575","Hillside","Melbourne - West",2001,8166
"7682","213041575","Hillside","Melbourne - West",2002,9513
"7683","213041575","Hillside","Melbourne - West",2003,10766
"7684","213041575","Hillside","Melbourne - West",2004,11798
"7685","213041575","Hillside","Melbourne - West",2005,12938
"7686","213041575","Hillside","Melbourne - West",2006,13626
"7687","213041575","Hillside","Melbourne - West",2007,14177
"7688","213041575","Hillside","Melbourne - West",2008,14693
"7689","213041575","Hillside","Melbourne - West",2009,15147
"7690","213041575","Hillside","Melbourne - West",2010,15468
"7691","213041575","Hillside","Melbourne - West",2011,15745
"7692","213041575","Hillside","Melbourne - West",2012,16034
"7693","213041575","Hillside","Melbourne - West",2013,16146
"7694","213041575","Hillside","Melbourne - West",2014,16353
"7695","213041575","Hillside","Melbourne - West",2015,16499
"7696","213041575","Hillside","Melbourne - West",2016,16745
"7697","213041575","Hillside","Melbourne - West",2017,16833
"7698","213041575","Hillside","Melbourne - West",2018,16859
"7699","213041575","Hillside","Melbourne - West",2019,16717
"7700","213041575","Hillside","Melbourne - West",2020,16495
"7701","213041575","Hillside","Melbourne - West",2021,16346
"7702","213041575","Hillside","Melbourne - West",2022,16230
"7703","213041575","Hillside","Melbourne - West",2023,16142
"7704","213041575","Hillside","Melbourne - West",2024,16120
"7705","213041576","Kurunjang - Toolern Vale","Melbourne - West",2001,6108
"7706","213041576","Kurunjang - Toolern Vale","Melbourne - West",2002,6258
"7707","213041576","Kurunjang - Toolern Vale","Melbourne - West",2003,6527
"7708","213041576","Kurunjang - Toolern Vale","Melbourne - West",2004,6869
"7709","213041576","Kurunjang - Toolern Vale","Melbourne - West",2005,7278
"7710","213041576","Kurunjang - Toolern Vale","Melbourne - West",2006,7743
"7711","213041576","Kurunjang - Toolern Vale","Melbourne - West",2007,8324
"7712","213041576","Kurunjang - Toolern Vale","Melbourne - West",2008,8808
"7713","213041576","Kurunjang - Toolern Vale","Melbourne - West",2009,9356
"7714","213041576","Kurunjang - Toolern Vale","Melbourne - West",2010,9973
"7715","213041576","Kurunjang - Toolern Vale","Melbourne - West",2011,10392
"7716","213041576","Kurunjang - Toolern Vale","Melbourne - West",2012,10645
"7717","213041576","Kurunjang - Toolern Vale","Melbourne - West",2013,10768
"7718","213041576","Kurunjang - Toolern Vale","Melbourne - West",2014,10878
"7719","213041576","Kurunjang - Toolern Vale","Melbourne - West",2015,11059
"7720","213041576","Kurunjang - Toolern Vale","Melbourne - West",2016,11279
"7721","213041576","Kurunjang - Toolern Vale","Melbourne - West",2017,11462
"7722","213041576","Kurunjang - Toolern Vale","Melbourne - West",2018,11671
"7723","213041576","Kurunjang - Toolern Vale","Melbourne - West",2019,11908
"7724","213041576","Kurunjang - Toolern Vale","Melbourne - West",2020,11979
"7725","213041576","Kurunjang - Toolern Vale","Melbourne - West",2021,11748
"7726","213041576","Kurunjang - Toolern Vale","Melbourne - West",2022,11831
"7727","213041576","Kurunjang - Toolern Vale","Melbourne - West",2023,11912
"7728","213041576","Kurunjang - Toolern Vale","Melbourne - West",2024,12069
"7729","213041577","Melton","Melbourne - West",2001,8015
"7730","213041577","Melton","Melbourne - West",2002,7994
"7731","213041577","Melton","Melbourne - West",2003,7922
"7732","213041577","Melton","Melbourne - West",2004,7761
"7733","213041577","Melton","Melbourne - West",2005,7556
"7734","213041577","Melton","Melbourne - West",2006,7477
"7735","213041577","Melton","Melbourne - West",2007,7441
"7736","213041577","Melton","Melbourne - West",2008,7467
"7737","213041577","Melton","Melbourne - West",2009,7576
"7738","213041577","Melton","Melbourne - West",2010,7740
"7739","213041577","Melton","Melbourne - West",2011,7855
"7740","213041577","Melton","Melbourne - West",2012,7941
"7741","213041577","Melton","Melbourne - West",2013,7999
"7742","213041577","Melton","Melbourne - West",2014,8084
"7743","213041577","Melton","Melbourne - West",2015,8183
"7744","213041577","Melton","Melbourne - West",2016,8281
"7745","213041577","Melton","Melbourne - West",2017,8319
"7746","213041577","Melton","Melbourne - West",2018,8338
"7747","213041577","Melton","Melbourne - West",2019,8359
"7748","213041577","Melton","Melbourne - West",2020,8261
"7749","213041577","Melton","Melbourne - West",2021,7966
"7750","213041577","Melton","Melbourne - West",2022,7909
"7751","213041577","Melton","Melbourne - West",2023,8011
"7752","213041577","Melton","Melbourne - West",2024,8046
"7753","213041578","Melton South - Weir Views","Melbourne - West",2001,9418
"7754","213041578","Melton South - Weir Views","Melbourne - West",2002,9262
"7755","213041578","Melton South - Weir Views","Melbourne - West",2003,9132
"7756","213041578","Melton South - Weir Views","Melbourne - West",2004,9004
"7757","213041578","Melton South - Weir Views","Melbourne - West",2005,8843
"7758","213041578","Melton South - Weir Views","Melbourne - West",2006,8724
"7759","213041578","Melton South - Weir Views","Melbourne - West",2007,8601
"7760","213041578","Melton South - Weir Views","Melbourne - West",2008,8509
"7761","213041578","Melton South - Weir Views","Melbourne - West",2009,8603
"7762","213041578","Melton South - Weir Views","Melbourne - West",2010,8689
"7763","213041578","Melton South - Weir Views","Melbourne - West",2011,8847
"7764","213041578","Melton South - Weir Views","Melbourne - West",2012,9286
"7765","213041578","Melton South - Weir Views","Melbourne - West",2013,9803
"7766","213041578","Melton South - Weir Views","Melbourne - West",2014,10274
"7767","213041578","Melton South - Weir Views","Melbourne - West",2015,10720
"7768","213041578","Melton South - Weir Views","Melbourne - West",2016,11297
"7769","213041578","Melton South - Weir Views","Melbourne - West",2017,12195
"7770","213041578","Melton South - Weir Views","Melbourne - West",2018,13173
"7771","213041578","Melton South - Weir Views","Melbourne - West",2019,14242
"7772","213041578","Melton South - Weir Views","Melbourne - West",2020,15664
"7773","213041578","Melton South - Weir Views","Melbourne - West",2021,16926
"7774","213041578","Melton South - Weir Views","Melbourne - West",2022,18736
"7775","213041578","Melton South - Weir Views","Melbourne - West",2023,20218
"7776","213041578","Melton South - Weir Views","Melbourne - West",2024,21758
"7777","213051361","Hoppers Crossing - North","Melbourne - West",2001,17670
"7778","213051361","Hoppers Crossing - North","Melbourne - West",2002,18195
"7779","213051361","Hoppers Crossing - North","Melbourne - West",2003,18752
"7780","213051361","Hoppers Crossing - North","Melbourne - West",2004,19068
"7781","213051361","Hoppers Crossing - North","Melbourne - West",2005,19322
"7782","213051361","Hoppers Crossing - North","Melbourne - West",2006,19406
"7783","213051361","Hoppers Crossing - North","Melbourne - West",2007,19469
"7784","213051361","Hoppers Crossing - North","Melbourne - West",2008,19518
"7785","213051361","Hoppers Crossing - North","Melbourne - West",2009,19559
"7786","213051361","Hoppers Crossing - North","Melbourne - West",2010,19591
"7787","213051361","Hoppers Crossing - North","Melbourne - West",2011,19603
"7788","213051361","Hoppers Crossing - North","Melbourne - West",2012,19697
"7789","213051361","Hoppers Crossing - North","Melbourne - West",2013,19829
"7790","213051361","Hoppers Crossing - North","Melbourne - West",2014,19931
"7791","213051361","Hoppers Crossing - North","Melbourne - West",2015,20034
"7792","213051361","Hoppers Crossing - North","Melbourne - West",2016,20172
"7793","213051361","Hoppers Crossing - North","Melbourne - West",2017,20088
"7794","213051361","Hoppers Crossing - North","Melbourne - West",2018,19926
"7795","213051361","Hoppers Crossing - North","Melbourne - West",2019,19694
"7796","213051361","Hoppers Crossing - North","Melbourne - West",2020,19405
"7797","213051361","Hoppers Crossing - North","Melbourne - West",2021,18657
"7798","213051361","Hoppers Crossing - North","Melbourne - West",2022,18263
"7799","213051361","Hoppers Crossing - North","Melbourne - West",2023,18316
"7800","213051361","Hoppers Crossing - North","Melbourne - West",2024,18410
"7801","213051362","Hoppers Crossing - South","Melbourne - West",2001,20360
"7802","213051362","Hoppers Crossing - South","Melbourne - West",2002,20236
"7803","213051362","Hoppers Crossing - South","Melbourne - West",2003,20059
"7804","213051362","Hoppers Crossing - South","Melbourne - West",2004,19944
"7805","213051362","Hoppers Crossing - South","Melbourne - West",2005,19738
"7806","213051362","Hoppers Crossing - South","Melbourne - West",2006,19577
"7807","213051362","Hoppers Crossing - South","Melbourne - West",2007,19315
"7808","213051362","Hoppers Crossing - South","Melbourne - West",2008,19161
"7809","213051362","Hoppers Crossing - South","Melbourne - West",2009,19208
"7810","213051362","Hoppers Crossing - South","Melbourne - West",2010,19241
"7811","213051362","Hoppers Crossing - South","Melbourne - West",2011,19327
"7812","213051362","Hoppers Crossing - South","Melbourne - West",2012,19461
"7813","213051362","Hoppers Crossing - South","Melbourne - West",2013,19708
"7814","213051362","Hoppers Crossing - South","Melbourne - West",2014,19860
"7815","213051362","Hoppers Crossing - South","Melbourne - West",2015,20001
"7816","213051362","Hoppers Crossing - South","Melbourne - West",2016,20220
"7817","213051362","Hoppers Crossing - South","Melbourne - West",2017,20291
"7818","213051362","Hoppers Crossing - South","Melbourne - West",2018,20311
"7819","213051362","Hoppers Crossing - South","Melbourne - West",2019,20186
"7820","213051362","Hoppers Crossing - South","Melbourne - West",2020,19933
"7821","213051362","Hoppers Crossing - South","Melbourne - West",2021,18991
"7822","213051362","Hoppers Crossing - South","Melbourne - West",2022,18511
"7823","213051362","Hoppers Crossing - South","Melbourne - West",2023,18790
"7824","213051362","Hoppers Crossing - South","Melbourne - West",2024,18967
"7825","213051363","Laverton","Melbourne - West",2001,4750
"7826","213051363","Laverton","Melbourne - West",2002,4688
"7827","213051363","Laverton","Melbourne - West",2003,4636
"7828","213051363","Laverton","Melbourne - West",2004,4553
"7829","213051363","Laverton","Melbourne - West",2005,4553
"7830","213051363","Laverton","Melbourne - West",2006,4551
"7831","213051363","Laverton","Melbourne - West",2007,4571
"7832","213051363","Laverton","Melbourne - West",2008,4665
"7833","213051363","Laverton","Melbourne - West",2009,4830
"7834","213051363","Laverton","Melbourne - West",2010,5130
"7835","213051363","Laverton","Melbourne - West",2011,5587
"7836","213051363","Laverton","Melbourne - West",2012,6224
"7837","213051363","Laverton","Melbourne - West",2013,6794
"7838","213051363","Laverton","Melbourne - West",2014,7504
"7839","213051363","Laverton","Melbourne - West",2015,8334
"7840","213051363","Laverton","Melbourne - West",2016,9385
"7841","213051363","Laverton","Melbourne - West",2017,10255
"7842","213051363","Laverton","Melbourne - West",2018,10899
"7843","213051363","Laverton","Melbourne - West",2019,11499
"7844","213051363","Laverton","Melbourne - West",2020,11972
"7845","213051363","Laverton","Melbourne - West",2021,11643
"7846","213051363","Laverton","Melbourne - West",2022,11891
"7847","213051363","Laverton","Melbourne - West",2023,12421
"7848","213051363","Laverton","Melbourne - West",2024,12754
"7849","213051368","Werribee - South","Melbourne - West",2001,9744
"7850","213051368","Werribee - South","Melbourne - West",2002,9818
"7851","213051368","Werribee - South","Melbourne - West",2003,9912
"7852","213051368","Werribee - South","Melbourne - West",2004,10111
"7853","213051368","Werribee - South","Melbourne - West",2005,10252
"7854","213051368","Werribee - South","Melbourne - West",2006,10291
"7855","213051368","Werribee - South","Melbourne - West",2007,10367
"7856","213051368","Werribee - South","Melbourne - West",2008,10455
"7857","213051368","Werribee - South","Melbourne - West",2009,10604
"7858","213051368","Werribee - South","Melbourne - West",2010,10743
"7859","213051368","Werribee - South","Melbourne - West",2011,10862
"7860","213051368","Werribee - South","Melbourne - West",2012,11008
"7861","213051368","Werribee - South","Melbourne - West",2013,11141
"7862","213051368","Werribee - South","Melbourne - West",2014,11305
"7863","213051368","Werribee - South","Melbourne - West",2015,11491
"7864","213051368","Werribee - South","Melbourne - West",2016,11776
"7865","213051368","Werribee - South","Melbourne - West",2017,12579
"7866","213051368","Werribee - South","Melbourne - West",2018,13695
"7867","213051368","Werribee - South","Melbourne - West",2019,15022
"7868","213051368","Werribee - South","Melbourne - West",2020,16350
"7869","213051368","Werribee - South","Melbourne - West",2021,16994
"7870","213051368","Werribee - South","Melbourne - West",2022,17473
"7871","213051368","Werribee - South","Melbourne - West",2023,17832
"7872","213051368","Werribee - South","Melbourne - West",2024,17937
"7873","213051464","Point Cook - East","Melbourne - West",2001,808
"7874","213051464","Point Cook - East","Melbourne - West",2002,984
"7875","213051464","Point Cook - East","Melbourne - West",2003,1453
"7876","213051464","Point Cook - East","Melbourne - West",2004,1960
"7877","213051464","Point Cook - East","Melbourne - West",2005,2743
"7878","213051464","Point Cook - East","Melbourne - West",2006,3475
"7879","213051464","Point Cook - East","Melbourne - West",2007,4225
"7880","213051464","Point Cook - East","Melbourne - West",2008,5075
"7881","213051464","Point Cook - East","Melbourne - West",2009,5721
"7882","213051464","Point Cook - East","Melbourne - West",2010,6308
"7883","213051464","Point Cook - East","Melbourne - West",2011,6721
"7884","213051464","Point Cook - East","Melbourne - West",2012,7998
"7885","213051464","Point Cook - East","Melbourne - West",2013,9139
"7886","213051464","Point Cook - East","Melbourne - West",2014,10392
"7887","213051464","Point Cook - East","Melbourne - West",2015,11567
"7888","213051464","Point Cook - East","Melbourne - West",2016,12818
"7889","213051464","Point Cook - East","Melbourne - West",2017,14530
"7890","213051464","Point Cook - East","Melbourne - West",2018,16101
"7891","213051464","Point Cook - East","Melbourne - West",2019,17894
"7892","213051464","Point Cook - East","Melbourne - West",2020,19135
"7893","213051464","Point Cook - East","Melbourne - West",2021,19593
"7894","213051464","Point Cook - East","Melbourne - West",2022,20154
"7895","213051464","Point Cook - East","Melbourne - West",2023,20833
"7896","213051464","Point Cook - East","Melbourne - West",2024,21519
"7897","213051466","Point Cook - South","Melbourne - West",2001,38
"7898","213051466","Point Cook - South","Melbourne - West",2002,38
"7899","213051466","Point Cook - South","Melbourne - West",2003,35
"7900","213051466","Point Cook - South","Melbourne - West",2004,40
"7901","213051466","Point Cook - South","Melbourne - West",2005,68
"7902","213051466","Point Cook - South","Melbourne - West",2006,300
"7903","213051466","Point Cook - South","Melbourne - West",2007,853
"7904","213051466","Point Cook - South","Melbourne - West",2008,1579
"7905","213051466","Point Cook - South","Melbourne - West",2009,2487
"7906","213051466","Point Cook - South","Melbourne - West",2010,4182
"7907","213051466","Point Cook - South","Melbourne - West",2011,6440
"7908","213051466","Point Cook - South","Melbourne - West",2012,8260
"7909","213051466","Point Cook - South","Melbourne - West",2013,9987
"7910","213051466","Point Cook - South","Melbourne - West",2014,11679
"7911","213051466","Point Cook - South","Melbourne - West",2015,13366
"7912","213051466","Point Cook - South","Melbourne - West",2016,15147
"7913","213051466","Point Cook - South","Melbourne - West",2017,16742
"7914","213051466","Point Cook - South","Melbourne - West",2018,18163
"7915","213051466","Point Cook - South","Melbourne - West",2019,19047
"7916","213051466","Point Cook - South","Melbourne - West",2020,19372
"7917","213051466","Point Cook - South","Melbourne - West",2021,19384
"7918","213051466","Point Cook - South","Melbourne - West",2022,19678
"7919","213051466","Point Cook - South","Melbourne - West",2023,20245
"7920","213051466","Point Cook - South","Melbourne - West",2024,20596
"7921","213051467","Werribee - East","Melbourne - West",2001,16074
"7922","213051467","Werribee - East","Melbourne - West",2002,16703
"7923","213051467","Werribee - East","Melbourne - West",2003,17469
"7924","213051467","Werribee - East","Melbourne - West",2004,18001
"7925","213051467","Werribee - East","Melbourne - West",2005,18501
"7926","213051467","Werribee - East","Melbourne - West",2006,18674
"7927","213051467","Werribee - East","Melbourne - West",2007,18862
"7928","213051467","Werribee - East","Melbourne - West",2008,19008
"7929","213051467","Werribee - East","Melbourne - West",2009,19316
"7930","213051467","Werribee - East","Melbourne - West",2010,19454
"7931","213051467","Werribee - East","Melbourne - West",2011,19620
"7932","213051467","Werribee - East","Melbourne - West",2012,19810
"7933","213051467","Werribee - East","Melbourne - West",2013,19997
"7934","213051467","Werribee - East","Melbourne - West",2014,20178
"7935","213051467","Werribee - East","Melbourne - West",2015,20378
"7936","213051467","Werribee - East","Melbourne - West",2016,20643
"7937","213051467","Werribee - East","Melbourne - West",2017,20666
"7938","213051467","Werribee - East","Melbourne - West",2018,20629
"7939","213051467","Werribee - East","Melbourne - West",2019,20490
"7940","213051467","Werribee - East","Melbourne - West",2020,20186
"7941","213051467","Werribee - East","Melbourne - West",2021,19235
"7942","213051467","Werribee - East","Melbourne - West",2022,18818
"7943","213051467","Werribee - East","Melbourne - West",2023,18973
"7944","213051467","Werribee - East","Melbourne - West",2024,19124
"7945","213051468","Werribee - West","Melbourne - West",2001,10547
"7946","213051468","Werribee - West","Melbourne - West",2002,10511
"7947","213051468","Werribee - West","Melbourne - West",2003,10569
"7948","213051468","Werribee - West","Melbourne - West",2004,10816
"7949","213051468","Werribee - West","Melbourne - West",2005,10965
"7950","213051468","Werribee - West","Melbourne - West",2006,11009
"7951","213051468","Werribee - West","Melbourne - West",2007,10981
"7952","213051468","Werribee - West","Melbourne - West",2008,11081
"7953","213051468","Werribee - West","Melbourne - West",2009,11112
"7954","213051468","Werribee - West","Melbourne - West",2010,11189
"7955","213051468","Werribee - West","Melbourne - West",2011,11214
"7956","213051468","Werribee - West","Melbourne - West",2012,11259
"7957","213051468","Werribee - West","Melbourne - West",2013,11327
"7958","213051468","Werribee - West","Melbourne - West",2014,11452
"7959","213051468","Werribee - West","Melbourne - West",2015,11735
"7960","213051468","Werribee - West","Melbourne - West",2016,12283
"7961","213051468","Werribee - West","Melbourne - West",2017,13545
"7962","213051468","Werribee - West","Melbourne - West",2018,15143
"7963","213051468","Werribee - West","Melbourne - West",2019,17512
"7964","213051468","Werribee - West","Melbourne - West",2020,20235
"7965","213051468","Werribee - West","Melbourne - West",2021,22692
"7966","213051468","Werribee - West","Melbourne - West",2022,25536
"7967","213051468","Werribee - West","Melbourne - West",2023,28134
"7968","213051468","Werribee - West","Melbourne - West",2024,30552
"7969","213051579","Manor Lakes - Quandong","Melbourne - West",2001,30
"7970","213051579","Manor Lakes - Quandong","Melbourne - West",2002,39
"7971","213051579","Manor Lakes - Quandong","Melbourne - West",2003,69
"7972","213051579","Manor Lakes - Quandong","Melbourne - West",2004,134
"7973","213051579","Manor Lakes - Quandong","Melbourne - West",2005,356
"7974","213051579","Manor Lakes - Quandong","Melbourne - West",2006,568
"7975","213051579","Manor Lakes - Quandong","Melbourne - West",2007,1007
"7976","213051579","Manor Lakes - Quandong","Melbourne - West",2008,1499
"7977","213051579","Manor Lakes - Quandong","Melbourne - West",2009,2210
"7978","213051579","Manor Lakes - Quandong","Melbourne - West",2010,3059
"7979","213051579","Manor Lakes - Quandong","Melbourne - West",2011,3793
"7980","213051579","Manor Lakes - Quandong","Melbourne - West",2012,4511
"7981","213051579","Manor Lakes - Quandong","Melbourne - West",2013,5152
"7982","213051579","Manor Lakes - Quandong","Melbourne - West",2014,5625
"7983","213051579","Manor Lakes - Quandong","Melbourne - West",2015,6151
"7984","213051579","Manor Lakes - Quandong","Melbourne - West",2016,6785
"7985","213051579","Manor Lakes - Quandong","Melbourne - West",2017,7465
"7986","213051579","Manor Lakes - Quandong","Melbourne - West",2018,8338
"7987","213051579","Manor Lakes - Quandong","Melbourne - West",2019,9192
"7988","213051579","Manor Lakes - Quandong","Melbourne - West",2020,10023
"7989","213051579","Manor Lakes - Quandong","Melbourne - West",2021,10791
"7990","213051579","Manor Lakes - Quandong","Melbourne - West",2022,11437
"7991","213051579","Manor Lakes - Quandong","Melbourne - West",2023,12000
"7992","213051579","Manor Lakes - Quandong","Melbourne - West",2024,12575
"7993","213051580","Point Cook - North East","Melbourne - West",2001,1110
"7994","213051580","Point Cook - North East","Melbourne - West",2002,2440
"7995","213051580","Point Cook - North East","Melbourne - West",2003,4073
"7996","213051580","Point Cook - North East","Melbourne - West",2004,5861
"7997","213051580","Point Cook - North East","Melbourne - West",2005,7783
"7998","213051580","Point Cook - North East","Melbourne - West",2006,9437
"7999","213051580","Point Cook - North East","Melbourne - West",2007,10529
"8000","213051580","Point Cook - North East","Melbourne - West",2008,11402
"8001","213051580","Point Cook - North East","Melbourne - West",2009,12349
"8002","213051580","Point Cook - North East","Melbourne - West",2010,13103
"8003","213051580","Point Cook - North East","Melbourne - West",2011,13599
"8004","213051580","Point Cook - North East","Melbourne - West",2012,13930
"8005","213051580","Point Cook - North East","Melbourne - West",2013,14226
"8006","213051580","Point Cook - North East","Melbourne - West",2014,14507
"8007","213051580","Point Cook - North East","Melbourne - West",2015,14830
"8008","213051580","Point Cook - North East","Melbourne - West",2016,15103
"8009","213051580","Point Cook - North East","Melbourne - West",2017,15216
"8010","213051580","Point Cook - North East","Melbourne - West",2018,15268
"8011","213051580","Point Cook - North East","Melbourne - West",2019,15223
"8012","213051580","Point Cook - North East","Melbourne - West",2020,14973
"8013","213051580","Point Cook - North East","Melbourne - West",2021,14324
"8014","213051580","Point Cook - North East","Melbourne - West",2022,14314
"8015","213051580","Point Cook - North East","Melbourne - West",2023,14697
"8016","213051580","Point Cook - North East","Melbourne - West",2024,14817
"8017","213051581","Point Cook - North West","Melbourne - West",2001,123
"8018","213051581","Point Cook - North West","Melbourne - West",2002,228
"8019","213051581","Point Cook - North West","Melbourne - West",2003,389
"8020","213051581","Point Cook - North West","Melbourne - West",2004,644
"8021","213051581","Point Cook - North West","Melbourne - West",2005,994
"8022","213051581","Point Cook - North West","Melbourne - West",2006,1328
"8023","213051581","Point Cook - North West","Melbourne - West",2007,1999
"8024","213051581","Point Cook - North West","Melbourne - West",2008,2984
"8025","213051581","Point Cook - North West","Melbourne - West",2009,4190
"8026","213051581","Point Cook - North West","Melbourne - West",2010,5500
"8027","213051581","Point Cook - North West","Melbourne - West",2011,6602
"8028","213051581","Point Cook - North West","Melbourne - West",2012,7287
"8029","213051581","Point Cook - North West","Melbourne - West",2013,7887
"8030","213051581","Point Cook - North West","Melbourne - West",2014,8378
"8031","213051581","Point Cook - North West","Melbourne - West",2015,8763
"8032","213051581","Point Cook - North West","Melbourne - West",2016,9185
"8033","213051581","Point Cook - North West","Melbourne - West",2017,9505
"8034","213051581","Point Cook - North West","Melbourne - West",2018,9678
"8035","213051581","Point Cook - North West","Melbourne - West",2019,9739
"8036","213051581","Point Cook - North West","Melbourne - West",2020,9798
"8037","213051581","Point Cook - North West","Melbourne - West",2021,9689
"8038","213051581","Point Cook - North West","Melbourne - West",2022,9753
"8039","213051581","Point Cook - North West","Melbourne - West",2023,9998
"8040","213051581","Point Cook - North West","Melbourne - West",2024,10165
"8041","213051582","Tarneit (West) - Mount Cottrell","Melbourne - West",2001,74
"8042","213051582","Tarneit (West) - Mount Cottrell","Melbourne - West",2002,73
"8043","213051582","Tarneit (West) - Mount Cottrell","Melbourne - West",2003,109
"8044","213051582","Tarneit (West) - Mount Cottrell","Melbourne - West",2004,151
"8045","213051582","Tarneit (West) - Mount Cottrell","Melbourne - West",2005,204
"8046","213051582","Tarneit (West) - Mount Cottrell","Melbourne - West",2006,307
"8047","213051582","Tarneit (West) - Mount Cottrell","Melbourne - West",2007,326
"8048","213051582","Tarneit (West) - Mount Cottrell","Melbourne - West",2008,379
"8049","213051582","Tarneit (West) - Mount Cottrell","Melbourne - West",2009,356
"8050","213051582","Tarneit (West) - Mount Cottrell","Melbourne - West",2010,318
"8051","213051582","Tarneit (West) - Mount Cottrell","Melbourne - West",2011,290
"8052","213051582","Tarneit (West) - Mount Cottrell","Melbourne - West",2012,302
"8053","213051582","Tarneit (West) - Mount Cottrell","Melbourne - West",2013,301
"8054","213051582","Tarneit (West) - Mount Cottrell","Melbourne - West",2014,310
"8055","213051582","Tarneit (West) - Mount Cottrell","Melbourne - West",2015,298
"8056","213051582","Tarneit (West) - Mount Cottrell","Melbourne - West",2016,303
"8057","213051582","Tarneit (West) - Mount Cottrell","Melbourne - West",2017,1490
"8058","213051582","Tarneit (West) - Mount Cottrell","Melbourne - West",2018,3216
"8059","213051582","Tarneit (West) - Mount Cottrell","Melbourne - West",2019,5319
"8060","213051582","Tarneit (West) - Mount Cottrell","Melbourne - West",2020,7364
"8061","213051582","Tarneit (West) - Mount Cottrell","Melbourne - West",2021,10316
"8062","213051582","Tarneit (West) - Mount Cottrell","Melbourne - West",2022,13094
"8063","213051582","Tarneit (West) - Mount Cottrell","Melbourne - West",2023,15286
"8064","213051582","Tarneit (West) - Mount Cottrell","Melbourne - West",2024,17173
"8065","213051583","Tarneit - Central","Melbourne - West",2001,877
"8066","213051583","Tarneit - Central","Melbourne - West",2002,850
"8067","213051583","Tarneit - Central","Melbourne - West",2003,1266
"8068","213051583","Tarneit - Central","Melbourne - West",2004,1743
"8069","213051583","Tarneit - Central","Melbourne - West",2005,2378
"8070","213051583","Tarneit - Central","Melbourne - West",2006,3565
"8071","213051583","Tarneit - Central","Melbourne - West",2007,5767
"8072","213051583","Tarneit - Central","Melbourne - West",2008,7633
"8073","213051583","Tarneit - Central","Melbourne - West",2009,9942
"8074","213051583","Tarneit - Central","Melbourne - West",2010,12913
"8075","213051583","Tarneit - Central","Melbourne - West",2011,15413
"8076","213051583","Tarneit - Central","Melbourne - West",2012,17811
"8077","213051583","Tarneit - Central","Melbourne - West",2013,19684
"8078","213051583","Tarneit - Central","Melbourne - West",2014,21557
"8079","213051583","Tarneit - Central","Melbourne - West",2015,23613
"8080","213051583","Tarneit - Central","Melbourne - West",2016,25324
"8081","213051583","Tarneit - Central","Melbourne - West",2017,26468
"8082","213051583","Tarneit - Central","Melbourne - West",2018,27272
"8083","213051583","Tarneit - Central","Melbourne - West",2019,27895
"8084","213051583","Tarneit - Central","Melbourne - West",2020,28306
"8085","213051583","Tarneit - Central","Melbourne - West",2021,28594
"8086","213051583","Tarneit - Central","Melbourne - West",2022,28727
"8087","213051583","Tarneit - Central","Melbourne - West",2023,29323
"8088","213051583","Tarneit - Central","Melbourne - West",2024,29462
"8089","213051584","Tarneit - North","Melbourne - West",2001,49
"8090","213051584","Tarneit - North","Melbourne - West",2002,49
"8091","213051584","Tarneit - North","Melbourne - West",2003,73
"8092","213051584","Tarneit - North","Melbourne - West",2004,101
"8093","213051584","Tarneit - North","Melbourne - West",2005,137
"8094","213051584","Tarneit - North","Melbourne - West",2006,205
"8095","213051584","Tarneit - North","Melbourne - West",2007,224
"8096","213051584","Tarneit - North","Melbourne - West",2008,268
"8097","213051584","Tarneit - North","Melbourne - West",2009,261
"8098","213051584","Tarneit - North","Melbourne - West",2010,240
"8099","213051584","Tarneit - North","Melbourne - West",2011,230
"8100","213051584","Tarneit - North","Melbourne - West",2012,224
"8101","213051584","Tarneit - North","Melbourne - West",2013,209
"8102","213051584","Tarneit - North","Melbourne - West",2014,201
"8103","213051584","Tarneit - North","Melbourne - West",2015,202
"8104","213051584","Tarneit - North","Melbourne - West",2016,181
"8105","213051584","Tarneit - North","Melbourne - West",2017,902
"8106","213051584","Tarneit - North","Melbourne - West",2018,2413
"8107","213051584","Tarneit - North","Melbourne - West",2019,4008
"8108","213051584","Tarneit - North","Melbourne - West",2020,5655
"8109","213051584","Tarneit - North","Melbourne - West",2021,7340
"8110","213051584","Tarneit - North","Melbourne - West",2022,9428
"8111","213051584","Tarneit - North","Melbourne - West",2023,11207
"8112","213051584","Tarneit - North","Melbourne - West",2024,13485
"8113","213051585","Tarneit - South","Melbourne - West",2001,418
"8114","213051585","Tarneit - South","Melbourne - West",2002,785
"8115","213051585","Tarneit - South","Melbourne - West",2003,1348
"8116","213051585","Tarneit - South","Melbourne - West",2004,2041
"8117","213051585","Tarneit - South","Melbourne - West",2005,2964
"8118","213051585","Tarneit - South","Melbourne - West",2006,3663
"8119","213051585","Tarneit - South","Melbourne - West",2007,4436
"8120","213051585","Tarneit - South","Melbourne - West",2008,5176
"8121","213051585","Tarneit - South","Melbourne - West",2009,5731
"8122","213051585","Tarneit - South","Melbourne - West",2010,6161
"8123","213051585","Tarneit - South","Melbourne - West",2011,6601
"8124","213051585","Tarneit - South","Melbourne - West",2012,7406
"8125","213051585","Tarneit - South","Melbourne - West",2013,7926
"8126","213051585","Tarneit - South","Melbourne - West",2014,8591
"8127","213051585","Tarneit - South","Melbourne - West",2015,9486
"8128","213051585","Tarneit - South","Melbourne - West",2016,10596
"8129","213051585","Tarneit - South","Melbourne - West",2017,11072
"8130","213051585","Tarneit - South","Melbourne - West",2018,11272
"8131","213051585","Tarneit - South","Melbourne - West",2019,11390
"8132","213051585","Tarneit - South","Melbourne - West",2020,11515
"8133","213051585","Tarneit - South","Melbourne - West",2021,11312
"8134","213051585","Tarneit - South","Melbourne - West",2022,11411
"8135","213051585","Tarneit - South","Melbourne - West",2023,11632
"8136","213051585","Tarneit - South","Melbourne - West",2024,11708
"8137","213051586","Truganina - North","Melbourne - West",2001,188
"8138","213051586","Truganina - North","Melbourne - West",2002,234
"8139","213051586","Truganina - North","Melbourne - West",2003,278
"8140","213051586","Truganina - North","Melbourne - West",2004,367
"8141","213051586","Truganina - North","Melbourne - West",2005,508
"8142","213051586","Truganina - North","Melbourne - West",2006,749
"8143","213051586","Truganina - North","Melbourne - West",2007,749
"8144","213051586","Truganina - North","Melbourne - West",2008,792
"8145","213051586","Truganina - North","Melbourne - West",2009,854
"8146","213051586","Truganina - North","Melbourne - West",2010,818
"8147","213051586","Truganina - North","Melbourne - West",2011,816
"8148","213051586","Truganina - North","Melbourne - West",2012,866
"8149","213051586","Truganina - North","Melbourne - West",2013,906
"8150","213051586","Truganina - North","Melbourne - West",2014,973
"8151","213051586","Truganina - North","Melbourne - West",2015,1056
"8152","213051586","Truganina - North","Melbourne - West",2016,1148
"8153","213051586","Truganina - North","Melbourne - West",2017,2710
"8154","213051586","Truganina - North","Melbourne - West",2018,4284
"8155","213051586","Truganina - North","Melbourne - West",2019,6035
"8156","213051586","Truganina - North","Melbourne - West",2020,7904
"8157","213051586","Truganina - North","Melbourne - West",2021,9548
"8158","213051586","Truganina - North","Melbourne - West",2022,11596
"8159","213051586","Truganina - North","Melbourne - West",2023,13018
"8160","213051586","Truganina - North","Melbourne - West",2024,14287
"8161","213051587","Truganina - South East","Melbourne - West",2001,79
"8162","213051587","Truganina - South East","Melbourne - West",2002,102
"8163","213051587","Truganina - South East","Melbourne - West",2003,122
"8164","213051587","Truganina - South East","Melbourne - West",2004,159
"8165","213051587","Truganina - South East","Melbourne - West",2005,220
"8166","213051587","Truganina - South East","Melbourne - West",2006,322
"8167","213051587","Truganina - South East","Melbourne - West",2007,789
"8168","213051587","Truganina - South East","Melbourne - West",2008,1192
"8169","213051587","Truganina - South East","Melbourne - West",2009,1600
"8170","213051587","Truganina - South East","Melbourne - West",2010,1939
"8171","213051587","Truganina - South East","Melbourne - West",2011,2190
"8172","213051587","Truganina - South East","Melbourne - West",2012,2567
"8173","213051587","Truganina - South East","Melbourne - West",2013,3057
"8174","213051587","Truganina - South East","Melbourne - West",2014,3839
"8175","213051587","Truganina - South East","Melbourne - West",2015,4837
"8176","213051587","Truganina - South East","Melbourne - West",2016,6063
"8177","213051587","Truganina - South East","Melbourne - West",2017,6608
"8178","213051587","Truganina - South East","Melbourne - West",2018,7302
"8179","213051587","Truganina - South East","Melbourne - West",2019,8222
"8180","213051587","Truganina - South East","Melbourne - West",2020,9090
"8181","213051587","Truganina - South East","Melbourne - West",2021,9761
"8182","213051587","Truganina - South East","Melbourne - West",2022,10031
"8183","213051587","Truganina - South East","Melbourne - West",2023,10443
"8184","213051587","Truganina - South East","Melbourne - West",2024,10689
"8185","213051588","Truganina - South West","Melbourne - West",2001,478
"8186","213051588","Truganina - South West","Melbourne - West",2002,713
"8187","213051588","Truganina - South West","Melbourne - West",2003,1016
"8188","213051588","Truganina - South West","Melbourne - West",2004,1380
"8189","213051588","Truganina - South West","Melbourne - West",2005,1729
"8190","213051588","Truganina - South West","Melbourne - West",2006,2057
"8191","213051588","Truganina - South West","Melbourne - West",2007,2809
"8192","213051588","Truganina - South West","Melbourne - West",2008,3786
"8193","213051588","Truganina - South West","Melbourne - West",2009,5073
"8194","213051588","Truganina - South West","Melbourne - West",2010,6608
"8195","213051588","Truganina - South West","Melbourne - West",2011,8538
"8196","213051588","Truganina - South West","Melbourne - West",2012,10336
"8197","213051588","Truganina - South West","Melbourne - West",2013,11780
"8198","213051588","Truganina - South West","Melbourne - West",2014,13509
"8199","213051588","Truganina - South West","Melbourne - West",2015,15577
"8200","213051588","Truganina - South West","Melbourne - West",2016,17417
"8201","213051588","Truganina - South West","Melbourne - West",2017,18382
"8202","213051588","Truganina - South West","Melbourne - West",2018,18934
"8203","213051588","Truganina - South West","Melbourne - West",2019,19343
"8204","213051588","Truganina - South West","Melbourne - West",2020,19407
"8205","213051588","Truganina - South West","Melbourne - West",2021,19389
"8206","213051588","Truganina - South West","Melbourne - West",2022,19534
"8207","213051588","Truganina - South West","Melbourne - West",2023,19938
"8208","213051588","Truganina - South West","Melbourne - West",2024,20356
"8209","213051589","Wyndham Vale - North","Melbourne - West",2001,1367
"8210","213051589","Wyndham Vale - North","Melbourne - West",2002,1415
"8211","213051589","Wyndham Vale - North","Melbourne - West",2003,1462
"8212","213051589","Wyndham Vale - North","Melbourne - West",2004,1520
"8213","213051589","Wyndham Vale - North","Melbourne - West",2005,1655
"8214","213051589","Wyndham Vale - North","Melbourne - West",2006,1819
"8215","213051589","Wyndham Vale - North","Melbourne - West",2007,2042
"8216","213051589","Wyndham Vale - North","Melbourne - West",2008,2281
"8217","213051589","Wyndham Vale - North","Melbourne - West",2009,2480
"8218","213051589","Wyndham Vale - North","Melbourne - West",2010,2626
"8219","213051589","Wyndham Vale - North","Melbourne - West",2011,2781
"8220","213051589","Wyndham Vale - North","Melbourne - West",2012,3019
"8221","213051589","Wyndham Vale - North","Melbourne - West",2013,3274
"8222","213051589","Wyndham Vale - North","Melbourne - West",2014,3499
"8223","213051589","Wyndham Vale - North","Melbourne - West",2015,3617
"8224","213051589","Wyndham Vale - North","Melbourne - West",2016,3835
"8225","213051589","Wyndham Vale - North","Melbourne - West",2017,4477
"8226","213051589","Wyndham Vale - North","Melbourne - West",2018,5352
"8227","213051589","Wyndham Vale - North","Melbourne - West",2019,6487
"8228","213051589","Wyndham Vale - North","Melbourne - West",2020,7852
"8229","213051589","Wyndham Vale - North","Melbourne - West",2021,9176
"8230","213051589","Wyndham Vale - North","Melbourne - West",2022,10722
"8231","213051589","Wyndham Vale - North","Melbourne - West",2023,11894
"8232","213051589","Wyndham Vale - North","Melbourne - West",2024,13138
"8233","213051590","Wyndham Vale - South","Melbourne - West",2001,6400
"8234","213051590","Wyndham Vale - South","Melbourne - West",2002,6669
"8235","213051590","Wyndham Vale - South","Melbourne - West",2003,6936
"8236","213051590","Wyndham Vale - South","Melbourne - West",2004,7231
"8237","213051590","Wyndham Vale - South","Melbourne - West",2005,7743
"8238","213051590","Wyndham Vale - South","Melbourne - West",2006,8271
"8239","213051590","Wyndham Vale - South","Melbourne - West",2007,8789
"8240","213051590","Wyndham Vale - South","Melbourne - West",2008,9388
"8241","213051590","Wyndham Vale - South","Melbourne - West",2009,9998
"8242","213051590","Wyndham Vale - South","Melbourne - West",2010,10680
"8243","213051590","Wyndham Vale - South","Melbourne - West",2011,11113
"8244","213051590","Wyndham Vale - South","Melbourne - West",2012,11966
"8245","213051590","Wyndham Vale - South","Melbourne - West",2013,12669
"8246","213051590","Wyndham Vale - South","Melbourne - West",2014,13079
"8247","213051590","Wyndham Vale - South","Melbourne - West",2015,13345
"8248","213051590","Wyndham Vale - South","Melbourne - West",2016,13650
"8249","213051590","Wyndham Vale - South","Melbourne - West",2017,13875
"8250","213051590","Wyndham Vale - South","Melbourne - West",2018,13994
"8251","213051590","Wyndham Vale - South","Melbourne - West",2019,14106
"8252","213051590","Wyndham Vale - South","Melbourne - West",2020,13913
"8253","213051590","Wyndham Vale - South","Melbourne - West",2021,13704
"8254","213051590","Wyndham Vale - South","Melbourne - West",2022,13725
"8255","213051590","Wyndham Vale - South","Melbourne - West",2023,13887
"8256","213051590","Wyndham Vale - South","Melbourne - West",2024,14163
"8257","214011370","Carrum Downs","Mornington Peninsula",2001,15419
"8258","214011370","Carrum Downs","Mornington Peninsula",2002,15889
"8259","214011370","Carrum Downs","Mornington Peninsula",2003,16346
"8260","214011370","Carrum Downs","Mornington Peninsula",2004,16815
"8261","214011370","Carrum Downs","Mornington Peninsula",2005,17122
"8262","214011370","Carrum Downs","Mornington Peninsula",2006,17550
"8263","214011370","Carrum Downs","Mornington Peninsula",2007,17898
"8264","214011370","Carrum Downs","Mornington Peninsula",2008,18342
"8265","214011370","Carrum Downs","Mornington Peninsula",2009,19058
"8266","214011370","Carrum Downs","Mornington Peninsula",2010,19499
"8267","214011370","Carrum Downs","Mornington Peninsula",2011,19682
"8268","214011370","Carrum Downs","Mornington Peninsula",2012,20036
"8269","214011370","Carrum Downs","Mornington Peninsula",2013,20584
"8270","214011370","Carrum Downs","Mornington Peninsula",2014,20975
"8271","214011370","Carrum Downs","Mornington Peninsula",2015,21291
"8272","214011370","Carrum Downs","Mornington Peninsula",2016,21549
"8273","214011370","Carrum Downs","Mornington Peninsula",2017,21823
"8274","214011370","Carrum Downs","Mornington Peninsula",2018,22045
"8275","214011370","Carrum Downs","Mornington Peninsula",2019,22195
"8276","214011370","Carrum Downs","Mornington Peninsula",2020,22391
"8277","214011370","Carrum Downs","Mornington Peninsula",2021,22264
"8278","214011370","Carrum Downs","Mornington Peninsula",2022,22405
"8279","214011370","Carrum Downs","Mornington Peninsula",2023,22888
"8280","214011370","Carrum Downs","Mornington Peninsula",2024,23342
"8281","214011371","Frankston","Mornington Peninsula",2001,22188
"8282","214011371","Frankston","Mornington Peninsula",2002,22001
"8283","214011371","Frankston","Mornington Peninsula",2003,21847
"8284","214011371","Frankston","Mornington Peninsula",2004,21628
"8285","214011371","Frankston","Mornington Peninsula",2005,21540
"8286","214011371","Frankston","Mornington Peninsula",2006,21540
"8287","214011371","Frankston","Mornington Peninsula",2007,21697
"8288","214011371","Frankston","Mornington Peninsula",2008,21951
"8289","214011371","Frankston","Mornington Peninsula",2009,22103
"8290","214011371","Frankston","Mornington Peninsula",2010,22239
"8291","214011371","Frankston","Mornington Peninsula",2011,22301
"8292","214011371","Frankston","Mornington Peninsula",2012,22417
"8293","214011371","Frankston","Mornington Peninsula",2013,22620
"8294","214011371","Frankston","Mornington Peninsula",2014,22850
"8295","214011371","Frankston","Mornington Peninsula",2015,23135
"8296","214011371","Frankston","Mornington Peninsula",2016,23510
"8297","214011371","Frankston","Mornington Peninsula",2017,23738
"8298","214011371","Frankston","Mornington Peninsula",2018,23992
"8299","214011371","Frankston","Mornington Peninsula",2019,24129
"8300","214011371","Frankston","Mornington Peninsula",2020,24264
"8301","214011371","Frankston","Mornington Peninsula",2021,23909
"8302","214011371","Frankston","Mornington Peninsula",2022,23827
"8303","214011371","Frankston","Mornington Peninsula",2023,24162
"8304","214011371","Frankston","Mornington Peninsula",2024,24792
"8305","214011372","Frankston North","Mornington Peninsula",2001,20230
"8306","214011372","Frankston North","Mornington Peninsula",2002,19923
"8307","214011372","Frankston North","Mornington Peninsula",2003,19605
"8308","214011372","Frankston North","Mornington Peninsula",2004,19511
"8309","214011372","Frankston North","Mornington Peninsula",2005,19255
"8310","214011372","Frankston North","Mornington Peninsula",2006,19105
"8311","214011372","Frankston North","Mornington Peninsula",2007,19160
"8312","214011372","Frankston North","Mornington Peninsula",2008,19289
"8313","214011372","Frankston North","Mornington Peninsula",2009,19458
"8314","214011372","Frankston North","Mornington Peninsula",2010,19581
"8315","214011372","Frankston North","Mornington Peninsula",2011,19620
"8316","214011372","Frankston North","Mornington Peninsula",2012,19682
"8317","214011372","Frankston North","Mornington Peninsula",2013,19725
"8318","214011372","Frankston North","Mornington Peninsula",2014,19777
"8319","214011372","Frankston North","Mornington Peninsula",2015,19827
"8320","214011372","Frankston North","Mornington Peninsula",2016,19939
"8321","214011372","Frankston North","Mornington Peninsula",2017,19999
"8322","214011372","Frankston North","Mornington Peninsula",2018,20022
"8323","214011372","Frankston North","Mornington Peninsula",2019,20010
"8324","214011372","Frankston North","Mornington Peninsula",2020,19973
"8325","214011372","Frankston North","Mornington Peninsula",2021,19666
"8326","214011372","Frankston North","Mornington Peninsula",2022,19609
"8327","214011372","Frankston North","Mornington Peninsula",2023,19754
"8328","214011372","Frankston North","Mornington Peninsula",2024,19841
"8329","214011373","Frankston South","Mornington Peninsula",2001,17131
"8330","214011373","Frankston South","Mornington Peninsula",2002,17187
"8331","214011373","Frankston South","Mornington Peninsula",2003,17296
"8332","214011373","Frankston South","Mornington Peninsula",2004,17394
"8333","214011373","Frankston South","Mornington Peninsula",2005,17519
"8334","214011373","Frankston South","Mornington Peninsula",2006,17722
"8335","214011373","Frankston South","Mornington Peninsula",2007,17823
"8336","214011373","Frankston South","Mornington Peninsula",2008,17928
"8337","214011373","Frankston South","Mornington Peninsula",2009,18084
"8338","214011373","Frankston South","Mornington Peninsula",2010,18176
"8339","214011373","Frankston South","Mornington Peninsula",2011,18260
"8340","214011373","Frankston South","Mornington Peninsula",2012,18369
"8341","214011373","Frankston South","Mornington Peninsula",2013,18518
"8342","214011373","Frankston South","Mornington Peninsula",2014,18652
"8343","214011373","Frankston South","Mornington Peninsula",2015,18793
"8344","214011373","Frankston South","Mornington Peninsula",2016,18995
"8345","214011373","Frankston South","Mornington Peninsula",2017,19104
"8346","214011373","Frankston South","Mornington Peninsula",2018,19194
"8347","214011373","Frankston South","Mornington Peninsula",2019,19260
"8348","214011373","Frankston South","Mornington Peninsula",2020,19182
"8349","214011373","Frankston South","Mornington Peninsula",2021,18948
"8350","214011373","Frankston South","Mornington Peninsula",2022,18997
"8351","214011373","Frankston South","Mornington Peninsula",2023,19156
"8352","214011373","Frankston South","Mornington Peninsula",2024,19214
"8353","214011374","Langwarrin","Mornington Peninsula",2001,18750
"8354","214011374","Langwarrin","Mornington Peninsula",2002,19188
"8355","214011374","Langwarrin","Mornington Peninsula",2003,19723
"8356","214011374","Langwarrin","Mornington Peninsula",2004,20388
"8357","214011374","Langwarrin","Mornington Peninsula",2005,21036
"8358","214011374","Langwarrin","Mornington Peninsula",2006,21236
"8359","214011374","Langwarrin","Mornington Peninsula",2007,21638
"8360","214011374","Langwarrin","Mornington Peninsula",2008,22222
"8361","214011374","Langwarrin","Mornington Peninsula",2009,22770
"8362","214011374","Langwarrin","Mornington Peninsula",2010,23095
"8363","214011374","Langwarrin","Mornington Peninsula",2011,23163
"8364","214011374","Langwarrin","Mornington Peninsula",2012,23385
"8365","214011374","Langwarrin","Mornington Peninsula",2013,23649
"8366","214011374","Langwarrin","Mornington Peninsula",2014,24015
"8367","214011374","Langwarrin","Mornington Peninsula",2015,24357
"8368","214011374","Langwarrin","Mornington Peninsula",2016,24694
"8369","214011374","Langwarrin","Mornington Peninsula",2017,24863
"8370","214011374","Langwarrin","Mornington Peninsula",2018,25019
"8371","214011374","Langwarrin","Mornington Peninsula",2019,25109
"8372","214011374","Langwarrin","Mornington Peninsula",2020,25259
"8373","214011374","Langwarrin","Mornington Peninsula",2021,25252
"8374","214011374","Langwarrin","Mornington Peninsula",2022,25361
"8375","214011374","Langwarrin","Mornington Peninsula",2023,25559
"8376","214011374","Langwarrin","Mornington Peninsula",2024,25747
"8377","214011375","Seaford (Vic.)","Mornington Peninsula",2001,16257
"8378","214011375","Seaford (Vic.)","Mornington Peninsula",2002,16136
"8379","214011375","Seaford (Vic.)","Mornington Peninsula",2003,16001
"8380","214011375","Seaford (Vic.)","Mornington Peninsula",2004,15922
"8381","214011375","Seaford (Vic.)","Mornington Peninsula",2005,15840
"8382","214011375","Seaford (Vic.)","Mornington Peninsula",2006,15892
"8383","214011375","Seaford (Vic.)","Mornington Peninsula",2007,16013
"8384","214011375","Seaford (Vic.)","Mornington Peninsula",2008,16201
"8385","214011375","Seaford (Vic.)","Mornington Peninsula",2009,16408
"8386","214011375","Seaford (Vic.)","Mornington Peninsula",2010,16516
"8387","214011375","Seaford (Vic.)","Mornington Peninsula",2011,16574
"8388","214011375","Seaford (Vic.)","Mornington Peninsula",2012,16719
"8389","214011375","Seaford (Vic.)","Mornington Peninsula",2013,16866
"8390","214011375","Seaford (Vic.)","Mornington Peninsula",2014,16980
"8391","214011375","Seaford (Vic.)","Mornington Peninsula",2015,17046
"8392","214011375","Seaford (Vic.)","Mornington Peninsula",2016,17151
"8393","214011375","Seaford (Vic.)","Mornington Peninsula",2017,17244
"8394","214011375","Seaford (Vic.)","Mornington Peninsula",2018,17329
"8395","214011375","Seaford (Vic.)","Mornington Peninsula",2019,17409
"8396","214011375","Seaford (Vic.)","Mornington Peninsula",2020,17443
"8397","214011375","Seaford (Vic.)","Mornington Peninsula",2021,17362
"8398","214011375","Seaford (Vic.)","Mornington Peninsula",2022,17489
"8399","214011375","Seaford (Vic.)","Mornington Peninsula",2023,17761
"8400","214011375","Seaford (Vic.)","Mornington Peninsula",2024,18072
"8401","214011376","Skye - Sandhurst","Mornington Peninsula",2001,3331
"8402","214011376","Skye - Sandhurst","Mornington Peninsula",2002,3938
"8403","214011376","Skye - Sandhurst","Mornington Peninsula",2003,4665
"8404","214011376","Skye - Sandhurst","Mornington Peninsula",2004,5466
"8405","214011376","Skye - Sandhurst","Mornington Peninsula",2005,6218
"8406","214011376","Skye - Sandhurst","Mornington Peninsula",2006,7103
"8407","214011376","Skye - Sandhurst","Mornington Peninsula",2007,7953
"8408","214011376","Skye - Sandhurst","Mornington Peninsula",2008,8756
"8409","214011376","Skye - Sandhurst","Mornington Peninsula",2009,9371
"8410","214011376","Skye - Sandhurst","Mornington Peninsula",2010,9946
"8411","214011376","Skye - Sandhurst","Mornington Peninsula",2011,10750
"8412","214011376","Skye - Sandhurst","Mornington Peninsula",2012,11586
"8413","214011376","Skye - Sandhurst","Mornington Peninsula",2013,12389
"8414","214011376","Skye - Sandhurst","Mornington Peninsula",2014,12932
"8415","214011376","Skye - Sandhurst","Mornington Peninsula",2015,13341
"8416","214011376","Skye - Sandhurst","Mornington Peninsula",2016,13664
"8417","214011376","Skye - Sandhurst","Mornington Peninsula",2017,13830
"8418","214011376","Skye - Sandhurst","Mornington Peninsula",2018,13930
"8419","214011376","Skye - Sandhurst","Mornington Peninsula",2019,13858
"8420","214011376","Skye - Sandhurst","Mornington Peninsula",2020,13679
"8421","214011376","Skye - Sandhurst","Mornington Peninsula",2021,13423
"8422","214011376","Skye - Sandhurst","Mornington Peninsula",2022,13473
"8423","214011376","Skye - Sandhurst","Mornington Peninsula",2023,13528
"8424","214011376","Skye - Sandhurst","Mornington Peninsula",2024,13607
"8425","214021377","Dromana","Mornington Peninsula",2001,8455
"8426","214021377","Dromana","Mornington Peninsula",2002,8555
"8427","214021377","Dromana","Mornington Peninsula",2003,8574
"8428","214021377","Dromana","Mornington Peninsula",2004,8584
"8429","214021377","Dromana","Mornington Peninsula",2005,8588
"8430","214021377","Dromana","Mornington Peninsula",2006,8636
"8431","214021377","Dromana","Mornington Peninsula",2007,8830
"8432","214021377","Dromana","Mornington Peninsula",2008,9054
"8433","214021377","Dromana","Mornington Peninsula",2009,9231
"8434","214021377","Dromana","Mornington Peninsula",2010,9249
"8435","214021377","Dromana","Mornington Peninsula",2011,9333
"8436","214021377","Dromana","Mornington Peninsula",2012,9584
"8437","214021377","Dromana","Mornington Peninsula",2013,9938
"8438","214021377","Dromana","Mornington Peninsula",2014,10275
"8439","214021377","Dromana","Mornington Peninsula",2015,10785
"8440","214021377","Dromana","Mornington Peninsula",2016,11454
"8441","214021377","Dromana","Mornington Peninsula",2017,12015
"8442","214021377","Dromana","Mornington Peninsula",2018,12473
"8443","214021377","Dromana","Mornington Peninsula",2019,12778
"8444","214021377","Dromana","Mornington Peninsula",2020,13175
"8445","214021377","Dromana","Mornington Peninsula",2021,13469
"8446","214021377","Dromana","Mornington Peninsula",2022,13566
"8447","214021377","Dromana","Mornington Peninsula",2023,13574
"8448","214021377","Dromana","Mornington Peninsula",2024,13785
"8449","214021378","Flinders","Mornington Peninsula",2001,5811
"8450","214021378","Flinders","Mornington Peninsula",2002,5865
"8451","214021378","Flinders","Mornington Peninsula",2003,5904
"8452","214021378","Flinders","Mornington Peninsula",2004,5894
"8453","214021378","Flinders","Mornington Peninsula",2005,5901
"8454","214021378","Flinders","Mornington Peninsula",2006,5961
"8455","214021378","Flinders","Mornington Peninsula",2007,5827
"8456","214021378","Flinders","Mornington Peninsula",2008,5754
"8457","214021378","Flinders","Mornington Peninsula",2009,5725
"8458","214021378","Flinders","Mornington Peninsula",2010,5668
"8459","214021378","Flinders","Mornington Peninsula",2011,5578
"8460","214021378","Flinders","Mornington Peninsula",2012,5576
"8461","214021378","Flinders","Mornington Peninsula",2013,5580
"8462","214021378","Flinders","Mornington Peninsula",2014,5586
"8463","214021378","Flinders","Mornington Peninsula",2015,5604
"8464","214021378","Flinders","Mornington Peninsula",2016,5642
"8465","214021378","Flinders","Mornington Peninsula",2017,5720
"8466","214021378","Flinders","Mornington Peninsula",2018,5798
"8467","214021378","Flinders","Mornington Peninsula",2019,5878
"8468","214021378","Flinders","Mornington Peninsula",2020,5957
"8469","214021378","Flinders","Mornington Peninsula",2021,6024
"8470","214021378","Flinders","Mornington Peninsula",2022,6047
"8471","214021378","Flinders","Mornington Peninsula",2023,6015
"8472","214021378","Flinders","Mornington Peninsula",2024,6065
"8473","214021379","Hastings - Somers","Mornington Peninsula",2001,17831
"8474","214021379","Hastings - Somers","Mornington Peninsula",2002,17954
"8475","214021379","Hastings - Somers","Mornington Peninsula",2003,18067
"8476","214021379","Hastings - Somers","Mornington Peninsula",2004,18183
"8477","214021379","Hastings - Somers","Mornington Peninsula",2005,18374
"8478","214021379","Hastings - Somers","Mornington Peninsula",2006,18829
"8479","214021379","Hastings - Somers","Mornington Peninsula",2007,19424
"8480","214021379","Hastings - Somers","Mornington Peninsula",2008,19992
"8481","214021379","Hastings - Somers","Mornington Peninsula",2009,20388
"8482","214021379","Hastings - Somers","Mornington Peninsula",2010,20729
"8483","214021379","Hastings - Somers","Mornington Peninsula",2011,20885
"8484","214021379","Hastings - Somers","Mornington Peninsula",2012,21292
"8485","214021379","Hastings - Somers","Mornington Peninsula",2013,21675
"8486","214021379","Hastings - Somers","Mornington Peninsula",2014,22130
"8487","214021379","Hastings - Somers","Mornington Peninsula",2015,22524
"8488","214021379","Hastings - Somers","Mornington Peninsula",2016,22851
"8489","214021379","Hastings - Somers","Mornington Peninsula",2017,23232
"8490","214021379","Hastings - Somers","Mornington Peninsula",2018,23603
"8491","214021379","Hastings - Somers","Mornington Peninsula",2019,23930
"8492","214021379","Hastings - Somers","Mornington Peninsula",2020,24194
"8493","214021379","Hastings - Somers","Mornington Peninsula",2021,24245
"8494","214021379","Hastings - Somers","Mornington Peninsula",2022,24073
"8495","214021379","Hastings - Somers","Mornington Peninsula",2023,23971
"8496","214021379","Hastings - Somers","Mornington Peninsula",2024,23960
"8497","214021381","Mount Eliza","Mornington Peninsula",2001,17056
"8498","214021381","Mount Eliza","Mornington Peninsula",2002,17046
"8499","214021381","Mount Eliza","Mornington Peninsula",2003,17059
"8500","214021381","Mount Eliza","Mornington Peninsula",2004,17077
"8501","214021381","Mount Eliza","Mornington Peninsula",2005,17102
"8502","214021381","Mount Eliza","Mornington Peninsula",2006,17094
"8503","214021381","Mount Eliza","Mornington Peninsula",2007,17227
"8504","214021381","Mount Eliza","Mornington Peninsula",2008,17370
"8505","214021381","Mount Eliza","Mornington Peninsula",2009,17626
"8506","214021381","Mount Eliza","Mornington Peninsula",2010,17824
"8507","214021381","Mount Eliza","Mornington Peninsula",2011,17942
"8508","214021381","Mount Eliza","Mornington Peninsula",2012,18087
"8509","214021381","Mount Eliza","Mornington Peninsula",2013,18210
"8510","214021381","Mount Eliza","Mornington Peninsula",2014,18342
"8511","214021381","Mount Eliza","Mornington Peninsula",2015,18471
"8512","214021381","Mount Eliza","Mornington Peninsula",2016,18696
"8513","214021381","Mount Eliza","Mornington Peninsula",2017,18830
"8514","214021381","Mount Eliza","Mornington Peninsula",2018,18990
"8515","214021381","Mount Eliza","Mornington Peninsula",2019,19076
"8516","214021381","Mount Eliza","Mornington Peninsula",2020,19139
"8517","214021381","Mount Eliza","Mornington Peninsula",2021,18924
"8518","214021381","Mount Eliza","Mornington Peninsula",2022,18783
"8519","214021381","Mount Eliza","Mornington Peninsula",2023,18880
"8520","214021381","Mount Eliza","Mornington Peninsula",2024,19009
"8521","214021382","Mount Martha","Mornington Peninsula",2001,12493
"8522","214021382","Mount Martha","Mornington Peninsula",2002,13089
"8523","214021382","Mount Martha","Mornington Peninsula",2003,13741
"8524","214021382","Mount Martha","Mornington Peninsula",2004,14265
"8525","214021382","Mount Martha","Mornington Peninsula",2005,14781
"8526","214021382","Mount Martha","Mornington Peninsula",2006,15245
"8527","214021382","Mount Martha","Mornington Peninsula",2007,15805
"8528","214021382","Mount Martha","Mornington Peninsula",2008,16332
"8529","214021382","Mount Martha","Mornington Peninsula",2009,16869
"8530","214021382","Mount Martha","Mornington Peninsula",2010,17332
"8531","214021382","Mount Martha","Mornington Peninsula",2011,17581
"8532","214021382","Mount Martha","Mornington Peninsula",2012,18133
"8533","214021382","Mount Martha","Mornington Peninsula",2013,18465
"8534","214021382","Mount Martha","Mornington Peninsula",2014,18881
"8535","214021382","Mount Martha","Mornington Peninsula",2015,19071
"8536","214021382","Mount Martha","Mornington Peninsula",2016,19365
"8537","214021382","Mount Martha","Mornington Peninsula",2017,19604
"8538","214021382","Mount Martha","Mornington Peninsula",2018,19770
"8539","214021382","Mount Martha","Mornington Peninsula",2019,20006
"8540","214021382","Mount Martha","Mornington Peninsula",2020,20076
"8541","214021382","Mount Martha","Mornington Peninsula",2021,20026
"8542","214021382","Mount Martha","Mornington Peninsula",2022,19983
"8543","214021382","Mount Martha","Mornington Peninsula",2023,20088
"8544","214021382","Mount Martha","Mornington Peninsula",2024,20166
"8545","214021383","Point Nepean","Mornington Peninsula",2001,15820
"8546","214021383","Point Nepean","Mornington Peninsula",2002,16174
"8547","214021383","Point Nepean","Mornington Peninsula",2003,16388
"8548","214021383","Point Nepean","Mornington Peninsula",2004,16433
"8549","214021383","Point Nepean","Mornington Peninsula",2005,16473
"8550","214021383","Point Nepean","Mornington Peninsula",2006,16542
"8551","214021383","Point Nepean","Mornington Peninsula",2007,16583
"8552","214021383","Point Nepean","Mornington Peninsula",2008,16627
"8553","214021383","Point Nepean","Mornington Peninsula",2009,16648
"8554","214021383","Point Nepean","Mornington Peninsula",2010,16662
"8555","214021383","Point Nepean","Mornington Peninsula",2011,16670
"8556","214021383","Point Nepean","Mornington Peninsula",2012,16964
"8557","214021383","Point Nepean","Mornington Peninsula",2013,17233
"8558","214021383","Point Nepean","Mornington Peninsula",2014,17503
"8559","214021383","Point Nepean","Mornington Peninsula",2015,17731
"8560","214021383","Point Nepean","Mornington Peninsula",2016,17999
"8561","214021383","Point Nepean","Mornington Peninsula",2017,18371
"8562","214021383","Point Nepean","Mornington Peninsula",2018,18758
"8563","214021383","Point Nepean","Mornington Peninsula",2019,19185
"8564","214021383","Point Nepean","Mornington Peninsula",2020,19649
"8565","214021383","Point Nepean","Mornington Peninsula",2021,20000
"8566","214021383","Point Nepean","Mornington Peninsula",2022,19940
"8567","214021383","Point Nepean","Mornington Peninsula",2023,19948
"8568","214021383","Point Nepean","Mornington Peninsula",2024,20258
"8569","214021384","Rosebud - McCrae","Mornington Peninsula",2001,18458
"8570","214021384","Rosebud - McCrae","Mornington Peninsula",2002,18563
"8571","214021384","Rosebud - McCrae","Mornington Peninsula",2003,18586
"8572","214021384","Rosebud - McCrae","Mornington Peninsula",2004,18472
"8573","214021384","Rosebud - McCrae","Mornington Peninsula",2005,18328
"8574","214021384","Rosebud - McCrae","Mornington Peninsula",2006,18329
"8575","214021384","Rosebud - McCrae","Mornington Peninsula",2007,18812
"8576","214021384","Rosebud - McCrae","Mornington Peninsula",2008,19261
"8577","214021384","Rosebud - McCrae","Mornington Peninsula",2009,19761
"8578","214021384","Rosebud - McCrae","Mornington Peninsula",2010,19966
"8579","214021384","Rosebud - McCrae","Mornington Peninsula",2011,20151
"8580","214021384","Rosebud - McCrae","Mornington Peninsula",2012,20461
"8581","214021384","Rosebud - McCrae","Mornington Peninsula",2013,20749
"8582","214021384","Rosebud - McCrae","Mornington Peninsula",2014,21029
"8583","214021384","Rosebud - McCrae","Mornington Peninsula",2015,21327
"8584","214021384","Rosebud - McCrae","Mornington Peninsula",2016,21613
"8585","214021384","Rosebud - McCrae","Mornington Peninsula",2017,22006
"8586","214021384","Rosebud - McCrae","Mornington Peninsula",2018,22343
"8587","214021384","Rosebud - McCrae","Mornington Peninsula",2019,22649
"8588","214021384","Rosebud - McCrae","Mornington Peninsula",2020,22938
"8589","214021384","Rosebud - McCrae","Mornington Peninsula",2021,23149
"8590","214021384","Rosebud - McCrae","Mornington Peninsula",2022,22986
"8591","214021384","Rosebud - McCrae","Mornington Peninsula",2023,23109
"8592","214021384","Rosebud - McCrae","Mornington Peninsula",2024,23281
"8593","214021385","Somerville","Mornington Peninsula",2001,16532
"8594","214021385","Somerville","Mornington Peninsula",2002,16799
"8595","214021385","Somerville","Mornington Peninsula",2003,16954
"8596","214021385","Somerville","Mornington Peninsula",2004,17004
"8597","214021385","Somerville","Mornington Peninsula",2005,17061
"8598","214021385","Somerville","Mornington Peninsula",2006,17184
"8599","214021385","Somerville","Mornington Peninsula",2007,17266
"8600","214021385","Somerville","Mornington Peninsula",2008,17553
"8601","214021385","Somerville","Mornington Peninsula",2009,17900
"8602","214021385","Somerville","Mornington Peninsula",2010,17948
"8603","214021385","Somerville","Mornington Peninsula",2011,17907
"8604","214021385","Somerville","Mornington Peninsula",2012,18062
"8605","214021385","Somerville","Mornington Peninsula",2013,18209
"8606","214021385","Somerville","Mornington Peninsula",2014,18485
"8607","214021385","Somerville","Mornington Peninsula",2015,18685
"8608","214021385","Somerville","Mornington Peninsula",2016,18878
"8609","214021385","Somerville","Mornington Peninsula",2017,18906
"8610","214021385","Somerville","Mornington Peninsula",2018,18911
"8611","214021385","Somerville","Mornington Peninsula",2019,18847
"8612","214021385","Somerville","Mornington Peninsula",2020,18795
"8613","214021385","Somerville","Mornington Peninsula",2021,18693
"8614","214021385","Somerville","Mornington Peninsula",2022,18618
"8615","214021385","Somerville","Mornington Peninsula",2023,18807
"8616","214021385","Somerville","Mornington Peninsula",2024,18972
"8617","214021591","Mornington - East","Mornington Peninsula",2001,10837
"8618","214021591","Mornington - East","Mornington Peninsula",2002,11636
"8619","214021591","Mornington - East","Mornington Peninsula",2003,12030
"8620","214021591","Mornington - East","Mornington Peninsula",2004,12388
"8621","214021591","Mornington - East","Mornington Peninsula",2005,12726
"8622","214021591","Mornington - East","Mornington Peninsula",2006,13044
"8623","214021591","Mornington - East","Mornington Peninsula",2007,13408
"8624","214021591","Mornington - East","Mornington Peninsula",2008,13750
"8625","214021591","Mornington - East","Mornington Peninsula",2009,13968
"8626","214021591","Mornington - East","Mornington Peninsula",2010,14083
"8627","214021591","Mornington - East","Mornington Peninsula",2011,14051
"8628","214021591","Mornington - East","Mornington Peninsula",2012,14244
"8629","214021591","Mornington - East","Mornington Peninsula",2013,14460
"8630","214021591","Mornington - East","Mornington Peninsula",2014,14645
"8631","214021591","Mornington - East","Mornington Peninsula",2015,14885
"8632","214021591","Mornington - East","Mornington Peninsula",2016,15163
"8633","214021591","Mornington - East","Mornington Peninsula",2017,15374
"8634","214021591","Mornington - East","Mornington Peninsula",2018,15492
"8635","214021591","Mornington - East","Mornington Peninsula",2019,15580
"8636","214021591","Mornington - East","Mornington Peninsula",2020,15544
"8637","214021591","Mornington - East","Mornington Peninsula",2021,15272
"8638","214021591","Mornington - East","Mornington Peninsula",2022,15098
"8639","214021591","Mornington - East","Mornington Peninsula",2023,15075
"8640","214021591","Mornington - East","Mornington Peninsula",2024,15111
"8641","214021592","Mornington - West","Mornington Peninsula",2001,8281
"8642","214021592","Mornington - West","Mornington Peninsula",2002,8316
"8643","214021592","Mornington - West","Mornington Peninsula",2003,8317
"8644","214021592","Mornington - West","Mornington Peninsula",2004,8374
"8645","214021592","Mornington - West","Mornington Peninsula",2005,8425
"8646","214021592","Mornington - West","Mornington Peninsula",2006,8453
"8647","214021592","Mornington - West","Mornington Peninsula",2007,8558
"8648","214021592","Mornington - West","Mornington Peninsula",2008,8710
"8649","214021592","Mornington - West","Mornington Peninsula",2009,8886
"8650","214021592","Mornington - West","Mornington Peninsula",2010,9081
"8651","214021592","Mornington - West","Mornington Peninsula",2011,9173
"8652","214021592","Mornington - West","Mornington Peninsula",2012,9297
"8653","214021592","Mornington - West","Mornington Peninsula",2013,9482
"8654","214021592","Mornington - West","Mornington Peninsula",2014,9624
"8655","214021592","Mornington - West","Mornington Peninsula",2015,9748
"8656","214021592","Mornington - West","Mornington Peninsula",2016,9867
"8657","214021592","Mornington - West","Mornington Peninsula",2017,10130
"8658","214021592","Mornington - West","Mornington Peninsula",2018,10426
"8659","214021592","Mornington - West","Mornington Peninsula",2019,10665
"8660","214021592","Mornington - West","Mornington Peninsula",2020,10719
"8661","214021592","Mornington - West","Mornington Peninsula",2021,10638
"8662","214021592","Mornington - West","Mornington Peninsula",2022,10639
"8663","214021592","Mornington - West","Mornington Peninsula",2023,10778
"8664","214021592","Mornington - West","Mornington Peninsula",2024,10843
